#! /usr/bin/vvp
:ivl_version "11.0 (stable)";
:ivl_delay_selection "TYPICAL";
:vpi_time_precision - 12;
:vpi_module "/usr/lib/x86_64-linux-gnu/ivl/system.vpi";
:vpi_module "/usr/lib/x86_64-linux-gnu/ivl/vhdl_sys.vpi";
:vpi_module "/usr/lib/x86_64-linux-gnu/ivl/vhdl_textio.vpi";
:vpi_module "/usr/lib/x86_64-linux-gnu/ivl/v2005_math.vpi";
:vpi_module "/usr/lib/x86_64-linux-gnu/ivl/va_math.vpi";
S_0x5ca1ca7ed400 .scope module, "spimemio" "spimemio" 2 20;
 .timescale -9 -12;
    .port_info 0 /INPUT 1 "clk";
    .port_info 1 /INPUT 1 "resetn";
    .port_info 2 /INPUT 1 "valid";
    .port_info 3 /OUTPUT 1 "ready";
    .port_info 4 /INPUT 24 "addr";
    .port_info 5 /OUTPUT 32 "rdata";
    .port_info 6 /OUTPUT 1 "flash_csb";
    .port_info 7 /OUTPUT 1 "flash_clk";
    .port_info 8 /OUTPUT 1 "flash_io0_oe";
    .port_info 9 /OUTPUT 1 "flash_io1_oe";
    .port_info 10 /OUTPUT 1 "flash_io2_oe";
    .port_info 11 /OUTPUT 1 "flash_io3_oe";
    .port_info 12 /OUTPUT 1 "flash_io0_do";
    .port_info 13 /OUTPUT 1 "flash_io1_do";
    .port_info 14 /OUTPUT 1 "flash_io2_do";
    .port_info 15 /OUTPUT 1 "flash_io3_do";
    .port_info 16 /INPUT 1 "flash_io0_di";
    .port_info 17 /INPUT 1 "flash_io1_di";
    .port_info 18 /INPUT 1 "flash_io2_di";
    .port_info 19 /INPUT 1 "flash_io3_di";
    .port_info 20 /INPUT 4 "cfgreg_we";
    .port_info 21 /INPUT 32 "cfgreg_di";
    .port_info 22 /OUTPUT 32 "cfgreg_do";
o0x720dbe7d0c98 .functor BUFZ 1, C4<z>; HiZ drive
L_0x5ca1ca7c3210 .functor AND 1, o0x720dbe7d0c98, L_0x5ca1ca827ef0, C4<1>, C4<1>;
L_0x5ca1ca7c5890 .functor AND 1, L_0x5ca1ca7c3210, v0x5ca1ca821d90_0, C4<1>, C4<1>;
L_0x5ca1ca7b5eb0 .functor AND 1, o0x720dbe7d0c98, L_0x5ca1ca8280d0, C4<1>, C4<1>;
L_0x5ca1ca838620 .functor AND 1, L_0x5ca1ca7b5eb0, L_0x5ca1ca838760, C4<1>, C4<1>;
L_0x5ca1ca8389b0 .functor AND 1, L_0x5ca1ca838620, v0x5ca1ca821d90_0, C4<1>, C4<1>;
L_0x5ca1ca838ac0 .functor BUFZ 1, v0x5ca1ca8206d0_0, C4<0>, C4<0>, C4<0>;
L_0x5ca1ca838b70 .functor BUFZ 1, v0x5ca1ca820450_0, C4<0>, C4<0>, C4<0>;
L_0x5ca1ca839090 .functor BUFZ 1, L_0x5ca1ca839a00, C4<0>, C4<0>, C4<0>;
L_0x5ca1ca839160 .functor BUFZ 1, L_0x5ca1ca839ba0, C4<0>, C4<0>, C4<0>;
L_0x5ca1ca839d80 .functor AND 1, v0x5ca1ca820a70_0, L_0x5ca1ca83b720, C4<1>, C4<1>;
L_0x5ca1ca83b9c0 .functor AND 1, v0x5ca1ca820a70_0, v0x5ca1ca820b10_0, C4<1>, C4<1>;
v0x5ca1ca81ddb0_0 .net *"_ivl_0", 0 0, L_0x5ca1ca827ef0;  1 drivers
v0x5ca1ca81de90_0 .net *"_ivl_10", 31 0, L_0x5ca1ca828290;  1 drivers
v0x5ca1ca81df70_0 .net *"_ivl_100", 0 0, L_0x5ca1ca83a590;  1 drivers
v0x5ca1ca81e030_0 .net *"_ivl_103", 0 0, L_0x5ca1ca83ab60;  1 drivers
v0x5ca1ca81e110_0 .net *"_ivl_106", 0 0, L_0x5ca1ca83ac50;  1 drivers
v0x5ca1ca81e1f0_0 .net *"_ivl_109", 0 0, L_0x5ca1ca83af50;  1 drivers
v0x5ca1ca81e2d0_0 .net *"_ivl_112", 0 0, L_0x5ca1ca83b0d0;  1 drivers
v0x5ca1ca81e3b0_0 .net *"_ivl_115", 0 0, L_0x5ca1ca83b3a0;  1 drivers
v0x5ca1ca81e490_0 .net *"_ivl_118", 0 0, L_0x5ca1ca83b490;  1 drivers
v0x5ca1ca81e570_0 .net *"_ivl_122", 0 0, L_0x5ca1ca83b720;  1 drivers
L_0x720dbe786018 .functor BUFT 1, C4<00000000>, C4<0>, C4<0>, C4<0>;
v0x5ca1ca81e630_0 .net *"_ivl_13", 7 0, L_0x720dbe786018;  1 drivers
v0x5ca1ca81e710_0 .net *"_ivl_14", 31 0, L_0x5ca1ca8283d0;  1 drivers
L_0x720dbe786060 .functor BUFT 1, C4<00000000>, C4<0>, C4<0>, C4<0>;
v0x5ca1ca81e7f0_0 .net *"_ivl_17", 7 0, L_0x720dbe786060;  1 drivers
L_0x720dbe7860a8 .functor BUFT 1, C4<00000000000000000000000000000100>, C4<0>, C4<0>, C4<0>;
v0x5ca1ca81e8d0_0 .net/2u *"_ivl_18", 31 0, L_0x720dbe7860a8;  1 drivers
v0x5ca1ca81e9b0_0 .net *"_ivl_20", 31 0, L_0x5ca1ca838580;  1 drivers
v0x5ca1ca81ea90_0 .net *"_ivl_22", 0 0, L_0x5ca1ca838760;  1 drivers
v0x5ca1ca81eb50_0 .net *"_ivl_25", 0 0, L_0x5ca1ca838620;  1 drivers
v0x5ca1ca81ec10_0 .net *"_ivl_3", 0 0, L_0x5ca1ca7c3210;  1 drivers
v0x5ca1ca81ecd0_0 .net *"_ivl_31", 0 0, L_0x5ca1ca838ac0;  1 drivers
L_0x720dbe7860f0 .functor BUFT 1, C4<00000000>, C4<0>, C4<0>, C4<0>;
v0x5ca1ca81edb0_0 .net/2s *"_ivl_34", 7 0, L_0x720dbe7860f0;  1 drivers
v0x5ca1ca81ee90_0 .net *"_ivl_39", 0 0, L_0x5ca1ca838b70;  1 drivers
v0x5ca1ca81ef70_0 .net *"_ivl_43", 0 0, v0x5ca1ca820870_0;  1 drivers
v0x5ca1ca81f050_0 .net *"_ivl_47", 0 0, v0x5ca1ca8202d0_0;  1 drivers
v0x5ca1ca81f130_0 .net *"_ivl_51", 3 0, v0x5ca1ca8205f0_0;  1 drivers
L_0x720dbe786138 .functor BUFT 1, C4<0000>, C4<0>, C4<0>, C4<0>;
v0x5ca1ca81f210_0 .net/2s *"_ivl_54", 3 0, L_0x720dbe786138;  1 drivers
v0x5ca1ca81f2f0_0 .net *"_ivl_58", 3 0, L_0x5ca1ca838ed0;  1 drivers
L_0x720dbe786180 .functor BUFT 1, C4<00>, C4<0>, C4<0>, C4<0>;
v0x5ca1ca81f3d0_0 .net/2s *"_ivl_62", 1 0, L_0x720dbe786180;  1 drivers
v0x5ca1ca81f4b0_0 .net *"_ivl_67", 0 0, L_0x5ca1ca839090;  1 drivers
v0x5ca1ca81f590_0 .net *"_ivl_7", 0 0, L_0x5ca1ca8280d0;  1 drivers
v0x5ca1ca81f650_0 .net *"_ivl_71", 0 0, L_0x5ca1ca839160;  1 drivers
v0x5ca1ca81f730_0 .net *"_ivl_75", 3 0, L_0x5ca1ca8397d0;  1 drivers
v0x5ca1ca81f810_0 .net *"_ivl_82", 0 0, L_0x5ca1ca839ce0;  1 drivers
v0x5ca1ca81f8f0_0 .net *"_ivl_86", 0 0, L_0x5ca1ca839f30;  1 drivers
v0x5ca1ca81f9d0_0 .net *"_ivl_9", 0 0, L_0x5ca1ca7b5eb0;  1 drivers
v0x5ca1ca81fa90_0 .net *"_ivl_90", 0 0, L_0x5ca1ca83a230;  1 drivers
v0x5ca1ca81fb70_0 .net *"_ivl_94", 0 0, L_0x5ca1ca83a4f0;  1 drivers
v0x5ca1ca81fc50_0 .net *"_ivl_97", 0 0, L_0x5ca1ca83a770;  1 drivers
o0x720dbe7d0608 .functor BUFZ 24, C4<zzzzzzzzzzzzzzzzzzzzzzzz>; HiZ drive
v0x5ca1ca81fd30_0 .net "addr", 23 0, o0x720dbe7d0608;  0 drivers
v0x5ca1ca81fe10_0 .var "buffer", 23 0;
o0x720dbe7d0668 .functor BUFZ 32, C4<zzzzzzzzzzzzzzzzzzzzzzzzzzzzzzzz>; HiZ drive
v0x5ca1ca81fef0_0 .net "cfgreg_di", 31 0, o0x720dbe7d0668;  0 drivers
v0x5ca1ca81ffd0_0 .net "cfgreg_do", 31 0, L_0x5ca1ca8392a0;  1 drivers
o0x720dbe7d06c8 .functor BUFZ 4, C4<zzzz>; HiZ drive
v0x5ca1ca8200b0_0 .net "cfgreg_we", 3 0, o0x720dbe7d06c8;  0 drivers
o0x720dbe7cf138 .functor BUFZ 1, C4<z>; HiZ drive
v0x5ca1ca820190_0 .net "clk", 0 0, o0x720dbe7cf138;  0 drivers
v0x5ca1ca820230_0 .var "config_clk", 0 0;
v0x5ca1ca8202d0_0 .var "config_cont", 0 0;
v0x5ca1ca820390_0 .var "config_csb", 0 0;
v0x5ca1ca820450_0 .var "config_ddr", 0 0;
v0x5ca1ca820510_0 .var "config_do", 3 0;
v0x5ca1ca8205f0_0 .var "config_dummy", 3 0;
v0x5ca1ca8206d0_0 .var "config_en", 0 0;
v0x5ca1ca820790_0 .var "config_oe", 3 0;
v0x5ca1ca820870_0 .var "config_qspi", 0 0;
v0x5ca1ca820930_0 .var "din_cont", 0 0;
v0x5ca1ca8209d0_0 .var "din_data", 7 0;
v0x5ca1ca820a70_0 .var "din_ddr", 0 0;
v0x5ca1ca820b10_0 .var "din_qspi", 0 0;
v0x5ca1ca820be0_0 .var "din_rd", 0 0;
v0x5ca1ca820cb0_0 .net "din_ready", 0 0, L_0x5ca1ca83bb70;  1 drivers
v0x5ca1ca820d80_0 .var "din_tag", 3 0;
v0x5ca1ca820e50_0 .var "din_valid", 0 0;
v0x5ca1ca820f20_0 .net "dout_data", 7 0, L_0x5ca1ca83c230;  1 drivers
v0x5ca1ca820ff0_0 .net "dout_tag", 3 0, L_0x5ca1ca83c330;  1 drivers
v0x5ca1ca8210c0_0 .net "dout_valid", 0 0, L_0x5ca1ca83c120;  1 drivers
v0x5ca1ca821190_0 .net "flash_clk", 0 0, L_0x5ca1ca839ba0;  1 drivers
v0x5ca1ca821230_0 .net "flash_csb", 0 0, L_0x5ca1ca839a00;  1 drivers
o0x720dbe7cf498 .functor BUFZ 1, C4<z>; HiZ drive
v0x5ca1ca8212d0_0 .net "flash_io0_di", 0 0, o0x720dbe7cf498;  0 drivers
v0x5ca1ca8213a0_0 .net "flash_io0_do", 0 0, L_0x5ca1ca83a960;  1 drivers
v0x5ca1ca821440_0 .net "flash_io0_oe", 0 0, L_0x5ca1ca839df0;  1 drivers
o0x720dbe7cf528 .functor BUFZ 1, C4<z>; HiZ drive
v0x5ca1ca8214e0_0 .net "flash_io1_di", 0 0, o0x720dbe7cf528;  0 drivers
v0x5ca1ca8215b0_0 .net "flash_io1_do", 0 0, L_0x5ca1ca83ae10;  1 drivers
v0x5ca1ca821650_0 .net "flash_io1_oe", 0 0, L_0x5ca1ca83a0a0;  1 drivers
o0x720dbe7cf5b8 .functor BUFZ 1, C4<z>; HiZ drive
v0x5ca1ca8216f0_0 .net "flash_io2_di", 0 0, o0x720dbe7cf5b8;  0 drivers
v0x5ca1ca8217c0_0 .net "flash_io2_do", 0 0, L_0x5ca1ca83b170;  1 drivers
v0x5ca1ca821860_0 .net "flash_io2_oe", 0 0, L_0x5ca1ca83a360;  1 drivers
o0x720dbe7cf648 .functor BUFZ 1, C4<z>; HiZ drive
v0x5ca1ca821900_0 .net "flash_io3_di", 0 0, o0x720dbe7cf648;  0 drivers
v0x5ca1ca8219d0_0 .net "flash_io3_do", 0 0, L_0x5ca1ca83b630;  1 drivers
v0x5ca1ca821a70_0 .net "flash_io3_oe", 0 0, L_0x5ca1ca83a630;  1 drivers
v0x5ca1ca821b30_0 .net "jump", 0 0, L_0x5ca1ca8389b0;  1 drivers
v0x5ca1ca821bf0_0 .var "rd_addr", 23 0;
v0x5ca1ca821cd0_0 .var "rd_inc", 0 0;
v0x5ca1ca821d90_0 .var "rd_valid", 0 0;
v0x5ca1ca821e50_0 .var "rd_wait", 0 0;
v0x5ca1ca821f10_0 .var "rdata", 31 0;
v0x5ca1ca821ff0_0 .net "ready", 0 0, L_0x5ca1ca7c5890;  1 drivers
o0x720dbe7d0c08 .functor BUFZ 1, C4<z>; HiZ drive
v0x5ca1ca8220b0_0 .net "resetn", 0 0, o0x720dbe7d0c08;  0 drivers
v0x5ca1ca822170_0 .var "softreset", 0 0;
v0x5ca1ca822230_0 .var "state", 3 0;
v0x5ca1ca822310_0 .net "valid", 0 0, o0x720dbe7d0c98;  0 drivers
v0x5ca1ca8223d0_0 .net "xfer_clk", 0 0, v0x5ca1ca81c2d0_0;  1 drivers
v0x5ca1ca8224a0_0 .net "xfer_csb", 0 0, v0x5ca1ca81c390_0;  1 drivers
v0x5ca1ca822570_0 .net "xfer_ddr", 0 0, L_0x5ca1ca83b9c0;  1 drivers
v0x5ca1ca822640_0 .net "xfer_dspi", 0 0, L_0x5ca1ca839d80;  1 drivers
v0x5ca1ca822710_0 .var "xfer_io0_90", 0 0;
v0x5ca1ca8227b0_0 .net "xfer_io0_do", 0 0, v0x5ca1ca81c510_0;  1 drivers
v0x5ca1ca822880_0 .net "xfer_io0_oe", 0 0, v0x5ca1ca81c5d0_0;  1 drivers
v0x5ca1ca822950_0 .var "xfer_io1_90", 0 0;
v0x5ca1ca8229f0_0 .net "xfer_io1_do", 0 0, v0x5ca1ca81c750_0;  1 drivers
v0x5ca1ca822ac0_0 .net "xfer_io1_oe", 0 0, v0x5ca1ca81c810_0;  1 drivers
v0x5ca1ca822b90_0 .var "xfer_io2_90", 0 0;
v0x5ca1ca822c30_0 .net "xfer_io2_do", 0 0, v0x5ca1ca81c990_0;  1 drivers
v0x5ca1ca822d00_0 .net "xfer_io2_oe", 0 0, v0x5ca1ca81ca50_0;  1 drivers
v0x5ca1ca822dd0_0 .var "xfer_io3_90", 0 0;
v0x5ca1ca822e70_0 .net "xfer_io3_do", 0 0, v0x5ca1ca81cbd0_0;  1 drivers
v0x5ca1ca822f40_0 .net "xfer_io3_oe", 0 0, v0x5ca1ca81cc90_0;  1 drivers
v0x5ca1ca823010_0 .var "xfer_resetn", 0 0;
E_0x5ca1ca701f10 .event negedge, v0x5ca1ca7d8d20_0;
L_0x5ca1ca827ef0 .cmp/eq 24, o0x720dbe7d0608, v0x5ca1ca821bf0_0;
L_0x5ca1ca8280d0 .reduce/nor L_0x5ca1ca7c5890;
L_0x5ca1ca828290 .concat [ 24 8 0 0], o0x720dbe7d0608, L_0x720dbe786018;
L_0x5ca1ca8283d0 .concat [ 24 8 0 0], v0x5ca1ca821bf0_0, L_0x720dbe786060;
L_0x5ca1ca838580 .arith/sum 32, L_0x5ca1ca8283d0, L_0x720dbe7860a8;
L_0x5ca1ca838760 .cmp/ne 32, L_0x5ca1ca828290, L_0x5ca1ca838580;
L_0x5ca1ca838ed0 .concat [ 1 1 1 1], L_0x5ca1ca839df0, L_0x5ca1ca83a0a0, L_0x5ca1ca83a360, L_0x5ca1ca83a630;
LS_0x5ca1ca8392a0_0_0 .concat8 [ 4 1 1 2], L_0x5ca1ca8397d0, L_0x5ca1ca839160, L_0x5ca1ca839090, L_0x720dbe786180;
LS_0x5ca1ca8392a0_0_4 .concat8 [ 4 4 4 1], L_0x5ca1ca838ed0, L_0x720dbe786138, v0x5ca1ca8205f0_0, v0x5ca1ca8202d0_0;
LS_0x5ca1ca8392a0_0_8 .concat8 [ 1 1 8 1], v0x5ca1ca820870_0, L_0x5ca1ca838b70, L_0x720dbe7860f0, L_0x5ca1ca838ac0;
L_0x5ca1ca8392a0 .concat8 [ 8 13 11 0], LS_0x5ca1ca8392a0_0_0, LS_0x5ca1ca8392a0_0_4, LS_0x5ca1ca8392a0_0_8;
L_0x5ca1ca8397d0 .concat [ 1 1 1 1], o0x720dbe7cf498, o0x720dbe7cf528, o0x720dbe7cf5b8, o0x720dbe7cf648;
L_0x5ca1ca839a00 .functor MUXZ 1, v0x5ca1ca820390_0, v0x5ca1ca81c390_0, v0x5ca1ca8206d0_0, C4<>;
L_0x5ca1ca839ba0 .functor MUXZ 1, v0x5ca1ca820230_0, v0x5ca1ca81c2d0_0, v0x5ca1ca8206d0_0, C4<>;
L_0x5ca1ca839ce0 .part v0x5ca1ca820790_0, 0, 1;
L_0x5ca1ca839df0 .functor MUXZ 1, L_0x5ca1ca839ce0, v0x5ca1ca81c5d0_0, v0x5ca1ca8206d0_0, C4<>;
L_0x5ca1ca839f30 .part v0x5ca1ca820790_0, 1, 1;
L_0x5ca1ca83a0a0 .functor MUXZ 1, L_0x5ca1ca839f30, v0x5ca1ca81c810_0, v0x5ca1ca8206d0_0, C4<>;
L_0x5ca1ca83a230 .part v0x5ca1ca820790_0, 2, 1;
L_0x5ca1ca83a360 .functor MUXZ 1, L_0x5ca1ca83a230, v0x5ca1ca81ca50_0, v0x5ca1ca8206d0_0, C4<>;
L_0x5ca1ca83a4f0 .part v0x5ca1ca820790_0, 3, 1;
L_0x5ca1ca83a630 .functor MUXZ 1, L_0x5ca1ca83a4f0, v0x5ca1ca81cc90_0, v0x5ca1ca8206d0_0, C4<>;
L_0x5ca1ca83a770 .functor MUXZ 1, v0x5ca1ca81c510_0, v0x5ca1ca822710_0, v0x5ca1ca820450_0, C4<>;
L_0x5ca1ca83a590 .part v0x5ca1ca820510_0, 0, 1;
L_0x5ca1ca83a960 .functor MUXZ 1, L_0x5ca1ca83a590, L_0x5ca1ca83a770, v0x5ca1ca8206d0_0, C4<>;
L_0x5ca1ca83ab60 .functor MUXZ 1, v0x5ca1ca81c750_0, v0x5ca1ca822950_0, v0x5ca1ca820450_0, C4<>;
L_0x5ca1ca83ac50 .part v0x5ca1ca820510_0, 1, 1;
L_0x5ca1ca83ae10 .functor MUXZ 1, L_0x5ca1ca83ac50, L_0x5ca1ca83ab60, v0x5ca1ca8206d0_0, C4<>;
L_0x5ca1ca83af50 .functor MUXZ 1, v0x5ca1ca81c990_0, v0x5ca1ca822b90_0, v0x5ca1ca820450_0, C4<>;
L_0x5ca1ca83b0d0 .part v0x5ca1ca820510_0, 2, 1;
L_0x5ca1ca83b170 .functor MUXZ 1, L_0x5ca1ca83b0d0, L_0x5ca1ca83af50, v0x5ca1ca8206d0_0, C4<>;
L_0x5ca1ca83b3a0 .functor MUXZ 1, v0x5ca1ca81cbd0_0, v0x5ca1ca822dd0_0, v0x5ca1ca820450_0, C4<>;
L_0x5ca1ca83b490 .part v0x5ca1ca820510_0, 3, 1;
L_0x5ca1ca83b630 .functor MUXZ 1, L_0x5ca1ca83b490, L_0x5ca1ca83b3a0, v0x5ca1ca8206d0_0, C4<>;
L_0x5ca1ca83b720 .reduce/nor v0x5ca1ca820b10_0;
S_0x5ca1ca7e78b0 .scope module, "xfer" "spimemio_xfer" 2 174, 2 378 0, S_0x5ca1ca7ed400;
 .timescale -9 -12;
    .port_info 0 /INPUT 1 "clk";
    .port_info 1 /INPUT 1 "resetn";
    .port_info 2 /INPUT 1 "din_valid";
    .port_info 3 /OUTPUT 1 "din_ready";
    .port_info 4 /INPUT 8 "din_data";
    .port_info 5 /INPUT 4 "din_tag";
    .port_info 6 /INPUT 1 "din_cont";
    .port_info 7 /INPUT 1 "din_dspi";
    .port_info 8 /INPUT 1 "din_qspi";
    .port_info 9 /INPUT 1 "din_ddr";
    .port_info 10 /INPUT 1 "din_rd";
    .port_info 11 /OUTPUT 1 "dout_valid";
    .port_info 12 /OUTPUT 8 "dout_data";
    .port_info 13 /OUTPUT 4 "dout_tag";
    .port_info 14 /OUTPUT 1 "flash_csb";
    .port_info 15 /OUTPUT 1 "flash_clk";
    .port_info 16 /OUTPUT 1 "flash_io0_oe";
    .port_info 17 /OUTPUT 1 "flash_io1_oe";
    .port_info 18 /OUTPUT 1 "flash_io2_oe";
    .port_info 19 /OUTPUT 1 "flash_io3_oe";
    .port_info 20 /OUTPUT 1 "flash_io0_do";
    .port_info 21 /OUTPUT 1 "flash_io1_do";
    .port_info 22 /OUTPUT 1 "flash_io2_do";
    .port_info 23 /OUTPUT 1 "flash_io3_do";
    .port_info 24 /INPUT 1 "flash_io0_di";
    .port_info 25 /INPUT 1 "flash_io1_di";
    .port_info 26 /INPUT 1 "flash_io2_di";
    .port_info 27 /INPUT 1 "flash_io3_di";
L_0x5ca1ca839230 .functor AND 1, v0x5ca1ca820e50_0, v0x5ca1ca823010_0, C4<1>, C4<1>;
L_0x5ca1ca83bb70 .functor AND 1, L_0x5ca1ca839230, v0x5ca1ca81cfd0_0, C4<1>, C4<1>;
L_0x5ca1ca83bd20 .functor AND 1, v0x5ca1ca81c210_0, L_0x5ca1ca83bc80, C4<1>, C4<1>;
L_0x5ca1ca83bed0 .functor AND 1, v0x5ca1ca81cfd0_0, L_0x5ca1ca83bde0, C4<1>, C4<1>;
L_0x5ca1ca83c120 .functor AND 1, L_0x5ca1ca83bfe0, v0x5ca1ca823010_0, C4<1>, C4<1>;
L_0x5ca1ca83c230 .functor BUFZ 8, v0x5ca1ca81cd50_0, C4<00000000>, C4<00000000>, C4<00000000>;
L_0x5ca1ca83c330 .functor BUFZ 4, v0x5ca1ca81d950_0, C4<0000>, C4<0000>, C4<0000>;
v0x5ca1ca7e57d0_0 .net *"_ivl_1", 0 0, L_0x5ca1ca839230;  1 drivers
v0x5ca1ca7e4db0_0 .net *"_ivl_11", 0 0, L_0x5ca1ca83bed0;  1 drivers
v0x5ca1ca7e4420_0 .net *"_ivl_12", 0 0, L_0x5ca1ca83bfe0;  1 drivers
v0x5ca1ca7da5e0_0 .net *"_ivl_5", 0 0, L_0x5ca1ca83bc80;  1 drivers
v0x5ca1ca7d9d10_0 .net *"_ivl_7", 0 0, L_0x5ca1ca83bd20;  1 drivers
v0x5ca1ca7d94d0_0 .net *"_ivl_9", 0 0, L_0x5ca1ca83bde0;  1 drivers
v0x5ca1ca7d8d20_0 .net "clk", 0 0, o0x720dbe7cf138;  alias, 0 drivers
v0x5ca1ca81b6d0_0 .var "count", 3 0;
v0x5ca1ca81b7b0_0 .net "din_cont", 0 0, v0x5ca1ca820930_0;  1 drivers
v0x5ca1ca81b870_0 .net "din_data", 7 0, v0x5ca1ca8209d0_0;  1 drivers
v0x5ca1ca81b950_0 .net "din_ddr", 0 0, L_0x5ca1ca83b9c0;  alias, 1 drivers
v0x5ca1ca81ba10_0 .net "din_dspi", 0 0, L_0x5ca1ca839d80;  alias, 1 drivers
v0x5ca1ca81bad0_0 .net "din_qspi", 0 0, v0x5ca1ca820b10_0;  1 drivers
v0x5ca1ca81bb90_0 .net "din_rd", 0 0, v0x5ca1ca820be0_0;  1 drivers
v0x5ca1ca81bc50_0 .net "din_ready", 0 0, L_0x5ca1ca83bb70;  alias, 1 drivers
v0x5ca1ca81bd10_0 .net "din_tag", 3 0, v0x5ca1ca820d80_0;  1 drivers
v0x5ca1ca81bdf0_0 .net "din_valid", 0 0, v0x5ca1ca820e50_0;  1 drivers
v0x5ca1ca81beb0_0 .net "dout_data", 7 0, L_0x5ca1ca83c230;  alias, 1 drivers
v0x5ca1ca81bf90_0 .net "dout_tag", 3 0, L_0x5ca1ca83c330;  alias, 1 drivers
v0x5ca1ca81c070_0 .net "dout_valid", 0 0, L_0x5ca1ca83c120;  alias, 1 drivers
v0x5ca1ca81c130_0 .var "dummy_count", 3 0;
v0x5ca1ca81c210_0 .var "fetch", 0 0;
v0x5ca1ca81c2d0_0 .var "flash_clk", 0 0;
v0x5ca1ca81c390_0 .var "flash_csb", 0 0;
v0x5ca1ca81c450_0 .net "flash_io0_di", 0 0, o0x720dbe7cf498;  alias, 0 drivers
v0x5ca1ca81c510_0 .var "flash_io0_do", 0 0;
v0x5ca1ca81c5d0_0 .var "flash_io0_oe", 0 0;
v0x5ca1ca81c690_0 .net "flash_io1_di", 0 0, o0x720dbe7cf528;  alias, 0 drivers
v0x5ca1ca81c750_0 .var "flash_io1_do", 0 0;
v0x5ca1ca81c810_0 .var "flash_io1_oe", 0 0;
v0x5ca1ca81c8d0_0 .net "flash_io2_di", 0 0, o0x720dbe7cf5b8;  alias, 0 drivers
v0x5ca1ca81c990_0 .var "flash_io2_do", 0 0;
v0x5ca1ca81ca50_0 .var "flash_io2_oe", 0 0;
v0x5ca1ca81cb10_0 .net "flash_io3_di", 0 0, o0x720dbe7cf648;  alias, 0 drivers
v0x5ca1ca81cbd0_0 .var "flash_io3_do", 0 0;
v0x5ca1ca81cc90_0 .var "flash_io3_oe", 0 0;
v0x5ca1ca81cd50_0 .var "ibuffer", 7 0;
v0x5ca1ca81ce30_0 .var "last_fetch", 0 0;
v0x5ca1ca81cef0_0 .var "next_count", 3 0;
v0x5ca1ca81cfd0_0 .var "next_fetch", 0 0;
v0x5ca1ca81d090_0 .var "next_ibuffer", 7 0;
v0x5ca1ca81d170_0 .var "next_obuffer", 7 0;
v0x5ca1ca81d250_0 .var "obuffer", 7 0;
v0x5ca1ca81d330_0 .net "resetn", 0 0, v0x5ca1ca823010_0;  1 drivers
v0x5ca1ca81d3f0_0 .var "xfer_cont", 0 0;
v0x5ca1ca81d4b0_0 .var "xfer_ddr", 0 0;
v0x5ca1ca81d570_0 .var "xfer_ddr_q", 0 0;
v0x5ca1ca81d630_0 .var "xfer_dspi", 0 0;
v0x5ca1ca81d6f0_0 .var "xfer_qspi", 0 0;
v0x5ca1ca81d7b0_0 .var "xfer_rd", 0 0;
v0x5ca1ca81d870_0 .var "xfer_tag", 3 0;
v0x5ca1ca81d950_0 .var "xfer_tag_q", 3 0;
E_0x5ca1ca717b40 .event posedge, v0x5ca1ca7d8d20_0;
E_0x5ca1ca719290/0 .event edge, v0x5ca1ca81d250_0, v0x5ca1ca81cd50_0, v0x5ca1ca81b6d0_0, v0x5ca1ca81c130_0;
E_0x5ca1ca719290/1 .event edge, v0x5ca1ca81d4b0_0, v0x5ca1ca81d6f0_0, v0x5ca1ca81d630_0, v0x5ca1ca81c2d0_0;
E_0x5ca1ca719290/2 .event edge, v0x5ca1ca81c690_0, v0x5ca1ca81cef0_0, v0x5ca1ca81d7b0_0, v0x5ca1ca81cb10_0;
E_0x5ca1ca719290/3 .event edge, v0x5ca1ca81c8d0_0, v0x5ca1ca81c450_0;
E_0x5ca1ca719290 .event/or E_0x5ca1ca719290/0, E_0x5ca1ca719290/1, E_0x5ca1ca719290/2, E_0x5ca1ca719290/3;
L_0x5ca1ca83bc80 .reduce/nor v0x5ca1ca81ce30_0;
L_0x5ca1ca83bde0 .reduce/nor v0x5ca1ca81c210_0;
L_0x5ca1ca83bfe0 .functor MUXZ 1, L_0x5ca1ca83bed0, L_0x5ca1ca83bd20, v0x5ca1ca81d570_0, C4<>;
S_0x5ca1ca7ed270 .scope module, "testbench" "testbench" 3 22;
 .timescale -9 -12;
P_0x5ca1ca6c8620 .param/l "offset" 1 3 55, C4<000100000000000000000000>;
P_0x5ca1ca6c8660 .param/l "word0" 1 3 56, C4<00000000000000000000000010010011>;
P_0x5ca1ca6c86a0 .param/l "word1" 1 3 57, C4<00000000000000000000000110010011>;
o0x720dbe7d1aa8 .functor BUFZ 1, C4<z>; HiZ drive
; Elide local net with no drivers, v0x5ca1ca826f70_0 name=_ivl_0
o0x720dbe7d1ad8 .functor BUFZ 1, C4<z>; HiZ drive
; Elide local net with no drivers, v0x5ca1ca827070_0 name=_ivl_12
o0x720dbe7d1b08 .functor BUFZ 1, C4<z>; HiZ drive
; Elide local net with no drivers, v0x5ca1ca827150_0 name=_ivl_4
o0x720dbe7d1b38 .functor BUFZ 1, C4<z>; HiZ drive
; Elide local net with no drivers, v0x5ca1ca827210_0 name=_ivl_8
v0x5ca1ca8272f0_0 .var/i "errcount", 31 0;
v0x5ca1ca827420_0 .var "flash_clk", 0 0;
v0x5ca1ca8274c0_0 .var "flash_csb", 0 0;
RS_0x720dbe7d1418 .resolv tri, L_0x5ca1ca83c3f0, L_0x5ca1ca83c7b0;
v0x5ca1ca827590_0 .net8 "flash_io0", 0 0, RS_0x720dbe7d1418;  2 drivers
v0x5ca1ca827660_0 .var "flash_io0_dout", 0 0;
v0x5ca1ca827700_0 .var "flash_io0_oe", 0 0;
RS_0x720dbe7d14d8 .resolv tri, L_0x5ca1ca83c4e0, L_0x5ca1ca83ca00;
v0x5ca1ca8277a0_0 .net8 "flash_io1", 0 0, RS_0x720dbe7d14d8;  2 drivers
v0x5ca1ca827870_0 .var "flash_io1_dout", 0 0;
v0x5ca1ca827910_0 .var "flash_io1_oe", 0 0;
RS_0x720dbe7d1598 .resolv tri, L_0x5ca1ca83c5d0, L_0x5ca1ca83cb40;
v0x5ca1ca8279b0_0 .net8 "flash_io2", 0 0, RS_0x720dbe7d1598;  2 drivers
v0x5ca1ca827a80_0 .var "flash_io2_dout", 0 0;
v0x5ca1ca827b20_0 .var "flash_io2_oe", 0 0;
RS_0x720dbe7d1658 .resolv tri, L_0x5ca1ca83c6c0, L_0x5ca1ca83cc80;
v0x5ca1ca827be0_0 .net8 "flash_io3", 0 0, RS_0x720dbe7d1658;  2 drivers
v0x5ca1ca827cb0_0 .var "flash_io3_dout", 0 0;
v0x5ca1ca827d50_0 .var "flash_io3_oe", 0 0;
v0x5ca1ca827e10_0 .var "rdata", 7 0;
L_0x5ca1ca83c3f0 .functor MUXZ 1, o0x720dbe7d1aa8, v0x5ca1ca827660_0, v0x5ca1ca827700_0, C4<>;
L_0x5ca1ca83c4e0 .functor MUXZ 1, o0x720dbe7d1b08, v0x5ca1ca827870_0, v0x5ca1ca827910_0, C4<>;
L_0x5ca1ca83c5d0 .functor MUXZ 1, o0x720dbe7d1b38, v0x5ca1ca827a80_0, v0x5ca1ca827b20_0, C4<>;
L_0x5ca1ca83c6c0 .functor MUXZ 1, o0x720dbe7d1ad8, v0x5ca1ca827cb0_0, v0x5ca1ca827d50_0, C4<>;
S_0x5ca1ca7e6a40 .scope task, "expect" "expect" 3 62, 3 62 0, S_0x5ca1ca7ed270;
 .timescale -9 -12;
v0x5ca1ca8232c0_0 .var "data", 7 0;
TD_testbench.expect ;
    %load/vec4 v0x5ca1ca8232c0_0;
    %load/vec4 v0x5ca1ca827e10_0;
    %cmp/ne;
    %jmp/0xz  T_0.0, 6;
    %vpi_call 3 66 "$display", "ERROR: Got %x (%b) but expected %x (%b).", v0x5ca1ca827e10_0, v0x5ca1ca827e10_0, v0x5ca1ca8232c0_0, v0x5ca1ca8232c0_0 {0 0 0};
    %load/vec4 v0x5ca1ca8272f0_0;
    %addi 1, 0, 32;
    %store/vec4 v0x5ca1ca8272f0_0, 0, 32;
T_0.0 ;
    %end;
S_0x5ca1ca7e6f10 .scope module, "uut" "spiflash" 3 46, 4 39 0, S_0x5ca1ca7ed270;
 .timescale -9 -12;
    .port_info 0 /INPUT 1 "csb";
    .port_info 1 /INPUT 1 "clk";
    .port_info 2 /INOUT 1 "io0";
    .port_info 3 /INOUT 1 "io1";
    .port_info 4 /INOUT 1 "io2";
    .port_info 5 /INOUT 1 "io3";
P_0x5ca1ca7efc40 .param/l "latency" 1 4 48, +C4<00000000000000000000000000001000>;
P_0x5ca1ca7efc80 .param/l "mode_dspi_rd" 1 4 66, C4<0010>;
P_0x5ca1ca7efcc0 .param/l "mode_dspi_wr" 1 4 67, C4<0011>;
P_0x5ca1ca7efd00 .param/l "mode_qspi_ddr_rd" 1 4 70, C4<0110>;
P_0x5ca1ca7efd40 .param/l "mode_qspi_ddr_wr" 1 4 71, C4<0111>;
P_0x5ca1ca7efd80 .param/l "mode_qspi_rd" 1 4 68, C4<0100>;
P_0x5ca1ca7efdc0 .param/l "mode_qspi_wr" 1 4 69, C4<0101>;
P_0x5ca1ca7efe00 .param/l "mode_spi" 1 4 65, C4<0001>;
P_0x5ca1ca7efe40 .param/l "verbose" 1 4 47, +C4<00000000000000000000000000000000>;
L_0x5ca1ca83cdc0/d .functor BUFZ 1, RS_0x720dbe7d1418, C4<0>, C4<0>, C4<0>;
L_0x5ca1ca83cdc0 .delay 1 (1000,1000,1000) L_0x5ca1ca83cdc0/d;
L_0x5ca1ca83cf10/d .functor BUFZ 1, RS_0x720dbe7d14d8, C4<0>, C4<0>, C4<0>;
L_0x5ca1ca83cf10 .delay 1 (1000,1000,1000) L_0x5ca1ca83cf10/d;
L_0x5ca1ca83d060/d .functor BUFZ 1, RS_0x720dbe7d1598, C4<0>, C4<0>, C4<0>;
L_0x5ca1ca83d060 .delay 1 (1000,1000,1000) L_0x5ca1ca83d060/d;
L_0x5ca1ca83d1b0/d .functor BUFZ 1, RS_0x720dbe7d1658, C4<0>, C4<0>, C4<0>;
L_0x5ca1ca83d1b0 .delay 1 (1000,1000,1000) L_0x5ca1ca83d1b0/d;
o0x720dbe7d1208 .functor BUFZ 1, C4<z>; HiZ drive
; Elide local net with no drivers, v0x5ca1ca823e00_0 name=_ivl_0
o0x720dbe7d1238 .functor BUFZ 1, C4<z>; HiZ drive
; Elide local net with no drivers, v0x5ca1ca823ec0_0 name=_ivl_12
o0x720dbe7d1268 .functor BUFZ 1, C4<z>; HiZ drive
; Elide local net with no drivers, v0x5ca1ca823fa0_0 name=_ivl_4
o0x720dbe7d1298 .functor BUFZ 1, C4<z>; HiZ drive
; Elide local net with no drivers, v0x5ca1ca824090_0 name=_ivl_8
v0x5ca1ca824170_0 .var/i "bitcount", 31 0;
v0x5ca1ca8242a0_0 .var "buffer", 7 0;
v0x5ca1ca824380_0 .var/i "bytecount", 31 0;
v0x5ca1ca824460_0 .net "clk", 0 0, v0x5ca1ca827420_0;  1 drivers
v0x5ca1ca824520_0 .net "csb", 0 0, v0x5ca1ca8274c0_0;  1 drivers
v0x5ca1ca8245e0_0 .var/i "dummycount", 31 0;
v0x5ca1ca8246c0_0 .var "firmware_file", 1023 0;
v0x5ca1ca8247a0_0 .net8 "io0", 0 0, RS_0x720dbe7d1418;  alias, 2 drivers
v0x5ca1ca824860_0 .net "io0_delayed", 0 0, L_0x5ca1ca83cdc0;  1 drivers
v0x5ca1ca824920_0 .var "io0_dout", 0 0;
v0x5ca1ca8249e0_0 .var "io0_oe", 0 0;
v0x5ca1ca824aa0_0 .net8 "io1", 0 0, RS_0x720dbe7d14d8;  alias, 2 drivers
v0x5ca1ca824b60_0 .net "io1_delayed", 0 0, L_0x5ca1ca83cf10;  1 drivers
v0x5ca1ca824c20_0 .var "io1_dout", 0 0;
v0x5ca1ca824ce0_0 .var "io1_oe", 0 0;
v0x5ca1ca824da0_0 .net8 "io2", 0 0, RS_0x720dbe7d1598;  alias, 2 drivers
v0x5ca1ca824e60_0 .net "io2_delayed", 0 0, L_0x5ca1ca83d060;  1 drivers
v0x5ca1ca824f20_0 .var "io2_dout", 0 0;
v0x5ca1ca824fe0_0 .var "io2_oe", 0 0;
v0x5ca1ca8250a0_0 .net8 "io3", 0 0, RS_0x720dbe7d1658;  alias, 2 drivers
v0x5ca1ca825160_0 .net "io3_delayed", 0 0, L_0x5ca1ca83d1b0;  1 drivers
v0x5ca1ca825220_0 .var "io3_dout", 0 0;
v0x5ca1ca8252e0_0 .var "io3_oe", 0 0;
v0x5ca1ca8253a0 .array "memory", 16777215 0, 7 0;
v0x5ca1ca825460_0 .var "mode", 3 0;
v0x5ca1ca825540_0 .var "next_mode", 3 0;
v0x5ca1ca825620_0 .var "powered_up", 0 0;
v0x5ca1ca8256e0_0 .var "spi_addr", 23 0;
v0x5ca1ca8257c0_0 .var "spi_cmd", 7 0;
v0x5ca1ca8258a0_0 .var "spi_in", 7 0;
v0x5ca1ca825980_0 .var "spi_io_vld", 0 0;
v0x5ca1ca825a40_0 .var "spi_out", 7 0;
v0x5ca1ca825b20_0 .var "xip_cmd", 7 0;
E_0x5ca1ca6fff30 .event posedge, v0x5ca1ca824460_0;
E_0x5ca1ca79e200 .event edge, v0x5ca1ca824460_0, v0x5ca1ca824520_0;
E_0x5ca1ca823920 .event edge, v0x5ca1ca824520_0;
L_0x5ca1ca83c7b0 .delay 1 (1000,1000,1000) L_0x5ca1ca83c7b0/d;
L_0x5ca1ca83c7b0/d .functor MUXZ 1, o0x720dbe7d1208, v0x5ca1ca824920_0, v0x5ca1ca8249e0_0, C4<>;
L_0x5ca1ca83ca00 .delay 1 (1000,1000,1000) L_0x5ca1ca83ca00/d;
L_0x5ca1ca83ca00/d .functor MUXZ 1, o0x720dbe7d1268, v0x5ca1ca824c20_0, v0x5ca1ca824ce0_0, C4<>;
L_0x5ca1ca83cb40 .delay 1 (1000,1000,1000) L_0x5ca1ca83cb40/d;
L_0x5ca1ca83cb40/d .functor MUXZ 1, o0x720dbe7d1298, v0x5ca1ca824f20_0, v0x5ca1ca824fe0_0, C4<>;
L_0x5ca1ca83cc80 .delay 1 (1000,1000,1000) L_0x5ca1ca83cc80/d;
L_0x5ca1ca83cc80/d .functor MUXZ 1, o0x720dbe7d1238, v0x5ca1ca825220_0, v0x5ca1ca8252e0_0, C4<>;
S_0x5ca1ca7e73e0 .scope task, "ddr_rd_edge" "ddr_rd_edge" 4 231, 4 231 0, S_0x5ca1ca7e6f10;
 .timescale -9 -12;
TD_testbench.uut.ddr_rd_edge ;
    %load/vec4 v0x5ca1ca8242a0_0;
    %load/vec4 v0x5ca1ca825160_0;
    %concat/vec4; draw_concat_vec4
    %load/vec4 v0x5ca1ca824e60_0;
    %concat/vec4; draw_concat_vec4
    %load/vec4 v0x5ca1ca824b60_0;
    %concat/vec4; draw_concat_vec4
    %load/vec4 v0x5ca1ca824860_0;
    %concat/vec4; draw_concat_vec4
    %pad/u 8;
    %store/vec4 v0x5ca1ca8242a0_0, 0, 8;
    %load/vec4 v0x5ca1ca824170_0;
    %addi 4, 0, 32;
    %store/vec4 v0x5ca1ca824170_0, 0, 32;
    %load/vec4 v0x5ca1ca824170_0;
    %cmpi/e 8, 0, 32;
    %jmp/0xz  T_1.2, 4;
    %pushi/vec4 0, 0, 32;
    %store/vec4 v0x5ca1ca824170_0, 0, 32;
    %load/vec4 v0x5ca1ca824380_0;
    %addi 1, 0, 32;
    %store/vec4 v0x5ca1ca824380_0, 0, 32;
    %fork TD_testbench.uut.spi_action, S_0x5ca1ca823bf0;
    %join;
T_1.2 ;
    %end;
S_0x5ca1ca8239f0 .scope task, "ddr_wr_edge" "ddr_wr_edge" 4 243, 4 243 0, S_0x5ca1ca7e6f10;
 .timescale -9 -12;
TD_testbench.uut.ddr_wr_edge ;
    %pushi/vec4 1, 0, 1;
    %store/vec4 v0x5ca1ca8249e0_0, 0, 1;
    %pushi/vec4 1, 0, 1;
    %store/vec4 v0x5ca1ca824ce0_0, 0, 1;
    %pushi/vec4 1, 0, 1;
    %store/vec4 v0x5ca1ca824fe0_0, 0, 1;
    %pushi/vec4 1, 0, 1;
    %store/vec4 v0x5ca1ca8252e0_0, 0, 1;
    %load/vec4 v0x5ca1ca8242a0_0;
    %parti/s 1, 4, 4;
    %store/vec4 v0x5ca1ca824920_0, 0, 1;
    %load/vec4 v0x5ca1ca8242a0_0;
    %parti/s 1, 5, 4;
    %store/vec4 v0x5ca1ca824c20_0, 0, 1;
    %load/vec4 v0x5ca1ca8242a0_0;
    %parti/s 1, 6, 4;
    %store/vec4 v0x5ca1ca824f20_0, 0, 1;
    %load/vec4 v0x5ca1ca8242a0_0;
    %parti/s 1, 7, 4;
    %store/vec4 v0x5ca1ca825220_0, 0, 1;
    %load/vec4 v0x5ca1ca8242a0_0;
    %concati/vec4 0, 0, 4;
    %pad/u 8;
    %store/vec4 v0x5ca1ca8242a0_0, 0, 8;
    %load/vec4 v0x5ca1ca824170_0;
    %addi 4, 0, 32;
    %store/vec4 v0x5ca1ca824170_0, 0, 32;
    %load/vec4 v0x5ca1ca824170_0;
    %cmpi/e 8, 0, 32;
    %jmp/0xz  T_2.4, 4;
    %pushi/vec4 0, 0, 32;
    %store/vec4 v0x5ca1ca824170_0, 0, 32;
    %load/vec4 v0x5ca1ca824380_0;
    %addi 1, 0, 32;
    %store/vec4 v0x5ca1ca824380_0, 0, 32;
    %fork TD_testbench.uut.spi_action, S_0x5ca1ca823bf0;
    %join;
T_2.4 ;
    %end;
S_0x5ca1ca823bf0 .scope task, "spi_action" "spi_action" 4 111, 4 111 0, S_0x5ca1ca7e6f10;
 .timescale -9 -12;
TD_testbench.uut.spi_action ;
    %load/vec4 v0x5ca1ca8242a0_0;
    %store/vec4 v0x5ca1ca8258a0_0, 0, 8;
    %load/vec4 v0x5ca1ca824380_0;
    %cmpi/e 1, 0, 32;
    %jmp/0xz  T_3.6, 4;
    %load/vec4 v0x5ca1ca8242a0_0;
    %store/vec4 v0x5ca1ca8257c0_0, 0, 8;
    %load/vec4 v0x5ca1ca8257c0_0;
    %cmpi/e 171, 0, 8;
    %jmp/0xz  T_3.8, 4;
    %pushi/vec4 1, 0, 1;
    %store/vec4 v0x5ca1ca825620_0, 0, 1;
T_3.8 ;
    %load/vec4 v0x5ca1ca8257c0_0;
    %cmpi/e 185, 0, 8;
    %jmp/0xz  T_3.10, 4;
    %pushi/vec4 0, 0, 1;
    %store/vec4 v0x5ca1ca825620_0, 0, 1;
T_3.10 ;
    %load/vec4 v0x5ca1ca8257c0_0;
    %cmpi/e 255, 0, 8;
    %jmp/0xz  T_3.12, 4;
    %pushi/vec4 0, 0, 8;
    %store/vec4 v0x5ca1ca825b20_0, 0, 8;
T_3.12 ;
T_3.6 ;
    %load/vec4 v0x5ca1ca825620_0;
    %load/vec4 v0x5ca1ca8257c0_0;
    %pad/u 32;
    %pushi/vec4 3, 0, 32;
    %cmp/e;
    %flag_get/vec4 4;
    %and;
    %flag_set/vec4 8;
    %jmp/0xz  T_3.14, 8;
    %load/vec4 v0x5ca1ca824380_0;
    %cmpi/e 2, 0, 32;
    %jmp/0xz  T_3.16, 4;
    %load/vec4 v0x5ca1ca8242a0_0;
    %ix/load 4, 16, 0;
    %flag_set/imm 4, 0;
    %store/vec4 v0x5ca1ca8256e0_0, 4, 8;
T_3.16 ;
    %load/vec4 v0x5ca1ca824380_0;
    %cmpi/e 3, 0, 32;
    %jmp/0xz  T_3.18, 4;
    %load/vec4 v0x5ca1ca8242a0_0;
    %ix/load 4, 8, 0;
    %flag_set/imm 4, 0;
    %store/vec4 v0x5ca1ca8256e0_0, 4, 8;
T_3.18 ;
    %load/vec4 v0x5ca1ca824380_0;
    %cmpi/e 4, 0, 32;
    %jmp/0xz  T_3.20, 4;
    %load/vec4 v0x5ca1ca8242a0_0;
    %ix/load 4, 0, 0;
    %flag_set/imm 4, 0;
    %store/vec4 v0x5ca1ca8256e0_0, 4, 8;
T_3.20 ;
    %load/vec4 v0x5ca1ca824380_0;
    %cmpi/s 4, 0, 32;
    %flag_inv 5; GE is !LT
    %jmp/0xz  T_3.22, 5;
    %load/vec4 v0x5ca1ca8256e0_0;
    %pad/u 26;
    %ix/vec4 4;
    %load/vec4a v0x5ca1ca8253a0, 4;
    %store/vec4 v0x5ca1ca8242a0_0, 0, 8;
    %load/vec4 v0x5ca1ca8256e0_0;
    %addi 1, 0, 24;
    %store/vec4 v0x5ca1ca8256e0_0, 0, 24;
T_3.22 ;
T_3.14 ;
    %load/vec4 v0x5ca1ca825620_0;
    %load/vec4 v0x5ca1ca8257c0_0;
    %pad/u 32;
    %pushi/vec4 187, 0, 32;
    %cmp/e;
    %flag_get/vec4 4;
    %and;
    %flag_set/vec4 8;
    %jmp/0xz  T_3.24, 8;
    %load/vec4 v0x5ca1ca824380_0;
    %cmpi/e 1, 0, 32;
    %jmp/0xz  T_3.26, 4;
    %pushi/vec4 2, 0, 4;
    %store/vec4 v0x5ca1ca825460_0, 0, 4;
T_3.26 ;
    %load/vec4 v0x5ca1ca824380_0;
    %cmpi/e 2, 0, 32;
    %jmp/0xz  T_3.28, 4;
    %load/vec4 v0x5ca1ca8242a0_0;
    %ix/load 4, 16, 0;
    %flag_set/imm 4, 0;
    %store/vec4 v0x5ca1ca8256e0_0, 4, 8;
T_3.28 ;
    %load/vec4 v0x5ca1ca824380_0;
    %cmpi/e 3, 0, 32;
    %jmp/0xz  T_3.30, 4;
    %load/vec4 v0x5ca1ca8242a0_0;
    %ix/load 4, 8, 0;
    %flag_set/imm 4, 0;
    %store/vec4 v0x5ca1ca8256e0_0, 4, 8;
T_3.30 ;
    %load/vec4 v0x5ca1ca824380_0;
    %cmpi/e 4, 0, 32;
    %jmp/0xz  T_3.32, 4;
    %load/vec4 v0x5ca1ca8242a0_0;
    %ix/load 4, 0, 0;
    %flag_set/imm 4, 0;
    %store/vec4 v0x5ca1ca8256e0_0, 4, 8;
T_3.32 ;
    %load/vec4 v0x5ca1ca824380_0;
    %cmpi/e 5, 0, 32;
    %jmp/0xz  T_3.34, 4;
    %load/vec4 v0x5ca1ca8242a0_0;
    %cmpi/e 165, 0, 8;
    %flag_mov 8, 4;
    %jmp/0 T_3.36, 8;
    %load/vec4 v0x5ca1ca8257c0_0;
    %jmp/1 T_3.37, 8;
T_3.36 ; End of true expr.
    %pushi/vec4 0, 0, 8;
    %jmp/0 T_3.37, 8;
 ; End of false expr.
    %blend;
T_3.37;
    %store/vec4 v0x5ca1ca825b20_0, 0, 8;
    %pushi/vec4 3, 0, 4;
    %store/vec4 v0x5ca1ca825460_0, 0, 4;
    %pushi/vec4 8, 0, 32;
    %store/vec4 v0x5ca1ca8245e0_0, 0, 32;
T_3.34 ;
    %load/vec4 v0x5ca1ca824380_0;
    %cmpi/s 5, 0, 32;
    %flag_inv 5; GE is !LT
    %jmp/0xz  T_3.38, 5;
    %load/vec4 v0x5ca1ca8256e0_0;
    %pad/u 26;
    %ix/vec4 4;
    %load/vec4a v0x5ca1ca8253a0, 4;
    %store/vec4 v0x5ca1ca8242a0_0, 0, 8;
    %load/vec4 v0x5ca1ca8256e0_0;
    %addi 1, 0, 24;
    %store/vec4 v0x5ca1ca8256e0_0, 0, 24;
T_3.38 ;
T_3.24 ;
    %load/vec4 v0x5ca1ca825620_0;
    %load/vec4 v0x5ca1ca8257c0_0;
    %pad/u 32;
    %pushi/vec4 235, 0, 32;
    %cmp/e;
    %flag_get/vec4 4;
    %and;
    %flag_set/vec4 8;
    %jmp/0xz  T_3.40, 8;
    %load/vec4 v0x5ca1ca824380_0;
    %cmpi/e 1, 0, 32;
    %jmp/0xz  T_3.42, 4;
    %pushi/vec4 4, 0, 4;
    %store/vec4 v0x5ca1ca825460_0, 0, 4;
T_3.42 ;
    %load/vec4 v0x5ca1ca824380_0;
    %cmpi/e 2, 0, 32;
    %jmp/0xz  T_3.44, 4;
    %load/vec4 v0x5ca1ca8242a0_0;
    %ix/load 4, 16, 0;
    %flag_set/imm 4, 0;
    %store/vec4 v0x5ca1ca8256e0_0, 4, 8;
T_3.44 ;
    %load/vec4 v0x5ca1ca824380_0;
    %cmpi/e 3, 0, 32;
    %jmp/0xz  T_3.46, 4;
    %load/vec4 v0x5ca1ca8242a0_0;
    %ix/load 4, 8, 0;
    %flag_set/imm 4, 0;
    %store/vec4 v0x5ca1ca8256e0_0, 4, 8;
T_3.46 ;
    %load/vec4 v0x5ca1ca824380_0;
    %cmpi/e 4, 0, 32;
    %jmp/0xz  T_3.48, 4;
    %load/vec4 v0x5ca1ca8242a0_0;
    %ix/load 4, 0, 0;
    %flag_set/imm 4, 0;
    %store/vec4 v0x5ca1ca8256e0_0, 4, 8;
T_3.48 ;
    %load/vec4 v0x5ca1ca824380_0;
    %cmpi/e 5, 0, 32;
    %jmp/0xz  T_3.50, 4;
    %load/vec4 v0x5ca1ca8242a0_0;
    %cmpi/e 165, 0, 8;
    %flag_mov 8, 4;
    %jmp/0 T_3.52, 8;
    %load/vec4 v0x5ca1ca8257c0_0;
    %jmp/1 T_3.53, 8;
T_3.52 ; End of true expr.
    %pushi/vec4 0, 0, 8;
    %jmp/0 T_3.53, 8;
 ; End of false expr.
    %blend;
T_3.53;
    %store/vec4 v0x5ca1ca825b20_0, 0, 8;
    %pushi/vec4 5, 0, 4;
    %store/vec4 v0x5ca1ca825460_0, 0, 4;
    %pushi/vec4 8, 0, 32;
    %store/vec4 v0x5ca1ca8245e0_0, 0, 32;
T_3.50 ;
    %load/vec4 v0x5ca1ca824380_0;
    %cmpi/s 5, 0, 32;
    %flag_inv 5; GE is !LT
    %jmp/0xz  T_3.54, 5;
    %load/vec4 v0x5ca1ca8256e0_0;
    %pad/u 26;
    %ix/vec4 4;
    %load/vec4a v0x5ca1ca8253a0, 4;
    %store/vec4 v0x5ca1ca8242a0_0, 0, 8;
    %load/vec4 v0x5ca1ca8256e0_0;
    %addi 1, 0, 24;
    %store/vec4 v0x5ca1ca8256e0_0, 0, 24;
T_3.54 ;
T_3.40 ;
    %load/vec4 v0x5ca1ca825620_0;
    %load/vec4 v0x5ca1ca8257c0_0;
    %pad/u 32;
    %pushi/vec4 237, 0, 32;
    %cmp/e;
    %flag_get/vec4 4;
    %and;
    %flag_set/vec4 8;
    %jmp/0xz  T_3.56, 8;
    %load/vec4 v0x5ca1ca824380_0;
    %cmpi/e 1, 0, 32;
    %jmp/0xz  T_3.58, 4;
    %pushi/vec4 6, 0, 4;
    %store/vec4 v0x5ca1ca825540_0, 0, 4;
T_3.58 ;
    %load/vec4 v0x5ca1ca824380_0;
    %cmpi/e 2, 0, 32;
    %jmp/0xz  T_3.60, 4;
    %load/vec4 v0x5ca1ca8242a0_0;
    %ix/load 4, 16, 0;
    %flag_set/imm 4, 0;
    %store/vec4 v0x5ca1ca8256e0_0, 4, 8;
T_3.60 ;
    %load/vec4 v0x5ca1ca824380_0;
    %cmpi/e 3, 0, 32;
    %jmp/0xz  T_3.62, 4;
    %load/vec4 v0x5ca1ca8242a0_0;
    %ix/load 4, 8, 0;
    %flag_set/imm 4, 0;
    %store/vec4 v0x5ca1ca8256e0_0, 4, 8;
T_3.62 ;
    %load/vec4 v0x5ca1ca824380_0;
    %cmpi/e 4, 0, 32;
    %jmp/0xz  T_3.64, 4;
    %load/vec4 v0x5ca1ca8242a0_0;
    %ix/load 4, 0, 0;
    %flag_set/imm 4, 0;
    %store/vec4 v0x5ca1ca8256e0_0, 4, 8;
T_3.64 ;
    %load/vec4 v0x5ca1ca824380_0;
    %cmpi/e 5, 0, 32;
    %jmp/0xz  T_3.66, 4;
    %load/vec4 v0x5ca1ca8242a0_0;
    %cmpi/e 165, 0, 8;
    %flag_mov 8, 4;
    %jmp/0 T_3.68, 8;
    %load/vec4 v0x5ca1ca8257c0_0;
    %jmp/1 T_3.69, 8;
T_3.68 ; End of true expr.
    %pushi/vec4 0, 0, 8;
    %jmp/0 T_3.69, 8;
 ; End of false expr.
    %blend;
T_3.69;
    %store/vec4 v0x5ca1ca825b20_0, 0, 8;
    %pushi/vec4 7, 0, 4;
    %store/vec4 v0x5ca1ca825460_0, 0, 4;
    %pushi/vec4 8, 0, 32;
    %store/vec4 v0x5ca1ca8245e0_0, 0, 32;
T_3.66 ;
    %load/vec4 v0x5ca1ca824380_0;
    %cmpi/s 5, 0, 32;
    %flag_inv 5; GE is !LT
    %jmp/0xz  T_3.70, 5;
    %load/vec4 v0x5ca1ca8256e0_0;
    %pad/u 26;
    %ix/vec4 4;
    %load/vec4a v0x5ca1ca8253a0, 4;
    %store/vec4 v0x5ca1ca8242a0_0, 0, 8;
    %load/vec4 v0x5ca1ca8256e0_0;
    %addi 1, 0, 24;
    %store/vec4 v0x5ca1ca8256e0_0, 0, 24;
T_3.70 ;
T_3.56 ;
    %load/vec4 v0x5ca1ca8242a0_0;
    %store/vec4 v0x5ca1ca825a40_0, 0, 8;
    %pushi/vec4 1, 0, 1;
    %store/vec4 v0x5ca1ca825980_0, 0, 1;
    %end;
S_0x5ca1ca825d00 .scope task, "xfer_begin" "xfer_begin" 3 72, 3 72 0, S_0x5ca1ca7ed270;
 .timescale -9 -12;
TD_testbench.xfer_begin ;
    %delay 5000, 0;
    %pushi/vec4 0, 0, 1;
    %store/vec4 v0x5ca1ca8274c0_0, 0, 1;
    %vpi_call 3 76 "$display", "-- BEGIN" {0 0 0};
    %delay 5000, 0;
    %end;
S_0x5ca1ca825e90 .scope task, "xfer_dummy" "xfer_dummy" 3 81, 3 81 0, S_0x5ca1ca7ed270;
 .timescale -9 -12;
TD_testbench.xfer_dummy ;
    %pushi/vec4 0, 0, 1;
    %store/vec4 v0x5ca1ca827700_0, 0, 1;
    %pushi/vec4 0, 0, 1;
    %store/vec4 v0x5ca1ca827910_0, 0, 1;
    %pushi/vec4 0, 0, 1;
    %store/vec4 v0x5ca1ca827b20_0, 0, 1;
    %pushi/vec4 0, 0, 1;
    %store/vec4 v0x5ca1ca827d50_0, 0, 1;
    %delay 5000, 0;
    %pushi/vec4 1, 0, 1;
    %store/vec4 v0x5ca1ca827420_0, 0, 1;
    %delay 5000, 0;
    %pushi/vec4 0, 0, 1;
    %store/vec4 v0x5ca1ca827420_0, 0, 1;
    %delay 5000, 0;
    %end;
S_0x5ca1ca826070 .scope task, "xfer_end" "xfer_end" 3 96, 3 96 0, S_0x5ca1ca7ed270;
 .timescale -9 -12;
TD_testbench.xfer_end ;
    %delay 5000, 0;
    %pushi/vec4 1, 0, 1;
    %store/vec4 v0x5ca1ca8274c0_0, 0, 1;
    %pushi/vec4 0, 0, 1;
    %store/vec4 v0x5ca1ca827700_0, 0, 1;
    %pushi/vec4 0, 0, 1;
    %store/vec4 v0x5ca1ca827910_0, 0, 1;
    %pushi/vec4 0, 0, 1;
    %store/vec4 v0x5ca1ca827b20_0, 0, 1;
    %pushi/vec4 0, 0, 1;
    %store/vec4 v0x5ca1ca827d50_0, 0, 1;
    %vpi_call 3 104 "$display", "-- END" {0 0 0};
    %vpi_call 3 105 "$display", "\000" {0 0 0};
    %delay 5000, 0;
    %end;
S_0x5ca1ca8262a0 .scope task, "xfer_qspi_ddr_rd" "xfer_qspi_ddr_rd" 3 229, 3 229 0, S_0x5ca1ca7ed270;
 .timescale -9 -12;
TD_testbench.xfer_qspi_ddr_rd ;
    %pushi/vec4 0, 0, 1;
    %store/vec4 v0x5ca1ca827700_0, 0, 1;
    %pushi/vec4 0, 0, 1;
    %store/vec4 v0x5ca1ca827910_0, 0, 1;
    %pushi/vec4 0, 0, 1;
    %store/vec4 v0x5ca1ca827b20_0, 0, 1;
    %pushi/vec4 0, 0, 1;
    %store/vec4 v0x5ca1ca827d50_0, 0, 1;
    %delay 5000, 0;
    %pushi/vec4 1, 0, 1;
    %store/vec4 v0x5ca1ca827420_0, 0, 1;
    %load/vec4 v0x5ca1ca827590_0;
    %ix/load 4, 4, 0;
    %flag_set/imm 4, 0;
    %store/vec4 v0x5ca1ca827e10_0, 4, 1;
    %load/vec4 v0x5ca1ca8277a0_0;
    %ix/load 4, 5, 0;
    %flag_set/imm 4, 0;
    %store/vec4 v0x5ca1ca827e10_0, 4, 1;
    %load/vec4 v0x5ca1ca8279b0_0;
    %ix/load 4, 6, 0;
    %flag_set/imm 4, 0;
    %store/vec4 v0x5ca1ca827e10_0, 4, 1;
    %load/vec4 v0x5ca1ca827be0_0;
    %ix/load 4, 7, 0;
    %flag_set/imm 4, 0;
    %store/vec4 v0x5ca1ca827e10_0, 4, 1;
    %delay 5000, 0;
    %pushi/vec4 0, 0, 1;
    %store/vec4 v0x5ca1ca827420_0, 0, 1;
    %load/vec4 v0x5ca1ca827590_0;
    %ix/load 4, 0, 0;
    %flag_set/imm 4, 0;
    %store/vec4 v0x5ca1ca827e10_0, 4, 1;
    %load/vec4 v0x5ca1ca8277a0_0;
    %ix/load 4, 1, 0;
    %flag_set/imm 4, 0;
    %store/vec4 v0x5ca1ca827e10_0, 4, 1;
    %load/vec4 v0x5ca1ca8279b0_0;
    %ix/load 4, 2, 0;
    %flag_set/imm 4, 0;
    %store/vec4 v0x5ca1ca827e10_0, 4, 1;
    %load/vec4 v0x5ca1ca827be0_0;
    %ix/load 4, 3, 0;
    %flag_set/imm 4, 0;
    %store/vec4 v0x5ca1ca827e10_0, 4, 1;
    %vpi_call 3 251 "$display", "-- QSPI DDR  -- %02x", v0x5ca1ca827e10_0 {0 0 0};
    %delay 5000, 0;
    %end;
S_0x5ca1ca826480 .scope task, "xfer_qspi_ddr_wr" "xfer_qspi_ddr_wr" 3 200, 3 200 0, S_0x5ca1ca7ed270;
 .timescale -9 -12;
v0x5ca1ca826660_0 .var "data", 7 0;
TD_testbench.xfer_qspi_ddr_wr ;
    %pushi/vec4 1, 0, 1;
    %store/vec4 v0x5ca1ca827700_0, 0, 1;
    %pushi/vec4 1, 0, 1;
    %store/vec4 v0x5ca1ca827910_0, 0, 1;
    %pushi/vec4 1, 0, 1;
    %store/vec4 v0x5ca1ca827b20_0, 0, 1;
    %pushi/vec4 1, 0, 1;
    %store/vec4 v0x5ca1ca827d50_0, 0, 1;
    %load/vec4 v0x5ca1ca826660_0;
    %parti/s 1, 4, 4;
    %store/vec4 v0x5ca1ca827660_0, 0, 1;
    %load/vec4 v0x5ca1ca826660_0;
    %parti/s 1, 5, 4;
    %store/vec4 v0x5ca1ca827870_0, 0, 1;
    %load/vec4 v0x5ca1ca826660_0;
    %parti/s 1, 6, 4;
    %store/vec4 v0x5ca1ca827a80_0, 0, 1;
    %load/vec4 v0x5ca1ca826660_0;
    %parti/s 1, 7, 4;
    %store/vec4 v0x5ca1ca827cb0_0, 0, 1;
    %delay 5000, 0;
    %pushi/vec4 1, 0, 1;
    %store/vec4 v0x5ca1ca827420_0, 0, 1;
    %load/vec4 v0x5ca1ca826660_0;
    %parti/s 1, 0, 2;
    %store/vec4 v0x5ca1ca827660_0, 0, 1;
    %load/vec4 v0x5ca1ca826660_0;
    %parti/s 1, 1, 2;
    %store/vec4 v0x5ca1ca827870_0, 0, 1;
    %load/vec4 v0x5ca1ca826660_0;
    %parti/s 1, 2, 3;
    %store/vec4 v0x5ca1ca827a80_0, 0, 1;
    %load/vec4 v0x5ca1ca826660_0;
    %parti/s 1, 3, 3;
    %store/vec4 v0x5ca1ca827cb0_0, 0, 1;
    %delay 5000, 0;
    %pushi/vec4 0, 0, 1;
    %store/vec4 v0x5ca1ca827420_0, 0, 1;
    %vpi_call 3 224 "$display", "-- QSPI DDR  %02x --", v0x5ca1ca826660_0 {0 0 0};
    %delay 5000, 0;
    %end;
S_0x5ca1ca826740 .scope task, "xfer_qspi_rd" "xfer_qspi_rd" 3 167, 3 167 0, S_0x5ca1ca7ed270;
 .timescale -9 -12;
TD_testbench.xfer_qspi_rd ;
    %pushi/vec4 0, 0, 1;
    %store/vec4 v0x5ca1ca827700_0, 0, 1;
    %pushi/vec4 0, 0, 1;
    %store/vec4 v0x5ca1ca827910_0, 0, 1;
    %pushi/vec4 0, 0, 1;
    %store/vec4 v0x5ca1ca827b20_0, 0, 1;
    %pushi/vec4 0, 0, 1;
    %store/vec4 v0x5ca1ca827d50_0, 0, 1;
    %delay 5000, 0;
    %pushi/vec4 1, 0, 1;
    %store/vec4 v0x5ca1ca827420_0, 0, 1;
    %load/vec4 v0x5ca1ca827590_0;
    %ix/load 4, 4, 0;
    %flag_set/imm 4, 0;
    %store/vec4 v0x5ca1ca827e10_0, 4, 1;
    %load/vec4 v0x5ca1ca8277a0_0;
    %ix/load 4, 5, 0;
    %flag_set/imm 4, 0;
    %store/vec4 v0x5ca1ca827e10_0, 4, 1;
    %load/vec4 v0x5ca1ca8279b0_0;
    %ix/load 4, 6, 0;
    %flag_set/imm 4, 0;
    %store/vec4 v0x5ca1ca827e10_0, 4, 1;
    %load/vec4 v0x5ca1ca827be0_0;
    %ix/load 4, 7, 0;
    %flag_set/imm 4, 0;
    %store/vec4 v0x5ca1ca827e10_0, 4, 1;
    %delay 5000, 0;
    %pushi/vec4 0, 0, 1;
    %store/vec4 v0x5ca1ca827420_0, 0, 1;
    %delay 5000, 0;
    %pushi/vec4 1, 0, 1;
    %store/vec4 v0x5ca1ca827420_0, 0, 1;
    %load/vec4 v0x5ca1ca827590_0;
    %ix/load 4, 0, 0;
    %flag_set/imm 4, 0;
    %store/vec4 v0x5ca1ca827e10_0, 4, 1;
    %load/vec4 v0x5ca1ca8277a0_0;
    %ix/load 4, 1, 0;
    %flag_set/imm 4, 0;
    %store/vec4 v0x5ca1ca827e10_0, 4, 1;
    %load/vec4 v0x5ca1ca8279b0_0;
    %ix/load 4, 2, 0;
    %flag_set/imm 4, 0;
    %store/vec4 v0x5ca1ca827e10_0, 4, 1;
    %load/vec4 v0x5ca1ca827be0_0;
    %ix/load 4, 3, 0;
    %flag_set/imm 4, 0;
    %store/vec4 v0x5ca1ca827e10_0, 4, 1;
    %delay 5000, 0;
    %pushi/vec4 0, 0, 1;
    %store/vec4 v0x5ca1ca827420_0, 0, 1;
    %vpi_call 3 195 "$display", "-- QSPI SDR  -- %02x", v0x5ca1ca827e10_0 {0 0 0};
    %delay 5000, 0;
    %end;
S_0x5ca1ca826920 .scope task, "xfer_qspi_wr" "xfer_qspi_wr" 3 133, 3 133 0, S_0x5ca1ca7ed270;
 .timescale -9 -12;
v0x5ca1ca826b00_0 .var "data", 7 0;
TD_testbench.xfer_qspi_wr ;
    %pushi/vec4 1, 0, 1;
    %store/vec4 v0x5ca1ca827700_0, 0, 1;
    %pushi/vec4 1, 0, 1;
    %store/vec4 v0x5ca1ca827910_0, 0, 1;
    %pushi/vec4 1, 0, 1;
    %store/vec4 v0x5ca1ca827b20_0, 0, 1;
    %pushi/vec4 1, 0, 1;
    %store/vec4 v0x5ca1ca827d50_0, 0, 1;
    %load/vec4 v0x5ca1ca826b00_0;
    %parti/s 1, 4, 4;
    %store/vec4 v0x5ca1ca827660_0, 0, 1;
    %load/vec4 v0x5ca1ca826b00_0;
    %parti/s 1, 5, 4;
    %store/vec4 v0x5ca1ca827870_0, 0, 1;
    %load/vec4 v0x5ca1ca826b00_0;
    %parti/s 1, 6, 4;
    %store/vec4 v0x5ca1ca827a80_0, 0, 1;
    %load/vec4 v0x5ca1ca826b00_0;
    %parti/s 1, 7, 4;
    %store/vec4 v0x5ca1ca827cb0_0, 0, 1;
    %delay 5000, 0;
    %pushi/vec4 1, 0, 1;
    %store/vec4 v0x5ca1ca827420_0, 0, 1;
    %delay 5000, 0;
    %pushi/vec4 0, 0, 1;
    %store/vec4 v0x5ca1ca827420_0, 0, 1;
    %load/vec4 v0x5ca1ca826b00_0;
    %parti/s 1, 0, 2;
    %store/vec4 v0x5ca1ca827660_0, 0, 1;
    %load/vec4 v0x5ca1ca826b00_0;
    %parti/s 1, 1, 2;
    %store/vec4 v0x5ca1ca827870_0, 0, 1;
    %load/vec4 v0x5ca1ca826b00_0;
    %parti/s 1, 2, 3;
    %store/vec4 v0x5ca1ca827a80_0, 0, 1;
    %load/vec4 v0x5ca1ca826b00_0;
    %parti/s 1, 3, 3;
    %store/vec4 v0x5ca1ca827cb0_0, 0, 1;
    %delay 5000, 0;
    %pushi/vec4 1, 0, 1;
    %store/vec4 v0x5ca1ca827420_0, 0, 1;
    %delay 5000, 0;
    %pushi/vec4 0, 0, 1;
    %store/vec4 v0x5ca1ca827420_0, 0, 1;
    %vpi_call 3 162 "$display", "-- QSPI SDR  %02x --", v0x5ca1ca826b00_0 {0 0 0};
    %delay 5000, 0;
    %end;
S_0x5ca1ca826c00 .scope task, "xfer_spi" "xfer_spi" 3 110, 3 110 0, S_0x5ca1ca7ed270;
 .timescale -9 -12;
v0x5ca1ca826d90_0 .var "data", 7 0;
v0x5ca1ca826e90_0 .var/i "i", 31 0;
TD_testbench.xfer_spi ;
    %pushi/vec4 1, 0, 1;
    %store/vec4 v0x5ca1ca827700_0, 0, 1;
    %pushi/vec4 0, 0, 1;
    %store/vec4 v0x5ca1ca827910_0, 0, 1;
    %pushi/vec4 0, 0, 1;
    %store/vec4 v0x5ca1ca827b20_0, 0, 1;
    %pushi/vec4 0, 0, 1;
    %store/vec4 v0x5ca1ca827d50_0, 0, 1;
    %pushi/vec4 0, 0, 32;
    %store/vec4 v0x5ca1ca826e90_0, 0, 32;
T_11.72 ;
    %load/vec4 v0x5ca1ca826e90_0;
    %cmpi/s 8, 0, 32;
    %jmp/0xz T_11.73, 5;
    %load/vec4 v0x5ca1ca826d90_0;
    %pushi/vec4 7, 0, 32;
    %load/vec4 v0x5ca1ca826e90_0;
    %sub;
    %part/s 1;
    %store/vec4 v0x5ca1ca827660_0, 0, 1;
    %delay 5000, 0;
    %pushi/vec4 1, 0, 1;
    %store/vec4 v0x5ca1ca827420_0, 0, 1;
    %load/vec4 v0x5ca1ca8277a0_0;
    %pushi/vec4 7, 0, 32;
    %load/vec4 v0x5ca1ca826e90_0;
    %sub;
    %ix/vec4/s 4;
    %store/vec4 v0x5ca1ca827e10_0, 4, 1;
    %delay 5000, 0;
    %pushi/vec4 0, 0, 1;
    %store/vec4 v0x5ca1ca827420_0, 0, 1;
    %load/vec4 v0x5ca1ca826e90_0;
    %addi 1, 0, 32;
    %store/vec4 v0x5ca1ca826e90_0, 0, 32;
    %jmp T_11.72;
T_11.73 ;
    %vpi_call 3 128 "$display", "--  SPI SDR  %02x %02x", v0x5ca1ca826d90_0, v0x5ca1ca827e10_0 {0 0 0};
    %delay 5000, 0;
    %end;
    .scope S_0x5ca1ca7e78b0;
T_12 ;
    %wait E_0x5ca1ca717b40;
    %load/vec4 v0x5ca1ca81d4b0_0;
    %assign/vec4 v0x5ca1ca81d570_0, 0;
    %load/vec4 v0x5ca1ca81d870_0;
    %assign/vec4 v0x5ca1ca81d950_0, 0;
    %jmp T_12;
    .thread T_12;
    .scope S_0x5ca1ca7e78b0;
T_13 ;
    %wait E_0x5ca1ca719290;
    %pushi/vec4 0, 0, 1;
    %store/vec4 v0x5ca1ca81c5d0_0, 0, 1;
    %pushi/vec4 0, 0, 1;
    %store/vec4 v0x5ca1ca81c810_0, 0, 1;
    %pushi/vec4 0, 0, 1;
    %store/vec4 v0x5ca1ca81ca50_0, 0, 1;
    %pushi/vec4 0, 0, 1;
    %store/vec4 v0x5ca1ca81cc90_0, 0, 1;
    %pushi/vec4 0, 0, 1;
    %store/vec4 v0x5ca1ca81c510_0, 0, 1;
    %pushi/vec4 0, 0, 1;
    %store/vec4 v0x5ca1ca81c750_0, 0, 1;
    %pushi/vec4 0, 0, 1;
    %store/vec4 v0x5ca1ca81c990_0, 0, 1;
    %pushi/vec4 0, 0, 1;
    %store/vec4 v0x5ca1ca81cbd0_0, 0, 1;
    %load/vec4 v0x5ca1ca81d250_0;
    %store/vec4 v0x5ca1ca81d170_0, 0, 8;
    %load/vec4 v0x5ca1ca81cd50_0;
    %store/vec4 v0x5ca1ca81d090_0, 0, 8;
    %load/vec4 v0x5ca1ca81b6d0_0;
    %store/vec4 v0x5ca1ca81cef0_0, 0, 4;
    %pushi/vec4 0, 0, 1;
    %store/vec4 v0x5ca1ca81cfd0_0, 0, 1;
    %load/vec4 v0x5ca1ca81c130_0;
    %pad/u 32;
    %cmpi/e 0, 0, 32;
    %jmp/0xz  T_13.0, 4;
    %load/vec4 v0x5ca1ca81d4b0_0;
    %load/vec4 v0x5ca1ca81d6f0_0;
    %concat/vec4; draw_concat_vec4
    %load/vec4 v0x5ca1ca81d630_0;
    %concat/vec4; draw_concat_vec4
    %dup/vec4;
    %pushi/vec4 0, 0, 3;
    %cmp/z;
    %jmp/1 T_13.2, 4;
    %dup/vec4;
    %pushi/vec4 2, 1, 3;
    %cmp/z;
    %jmp/1 T_13.3, 4;
    %dup/vec4;
    %pushi/vec4 6, 1, 3;
    %cmp/z;
    %jmp/1 T_13.4, 4;
    %dup/vec4;
    %pushi/vec4 1, 6, 3;
    %cmp/z;
    %jmp/1 T_13.5, 4;
    %jmp T_13.6;
T_13.2 ;
    %pushi/vec4 1, 0, 1;
    %store/vec4 v0x5ca1ca81c5d0_0, 0, 1;
    %load/vec4 v0x5ca1ca81d250_0;
    %parti/s 1, 7, 4;
    %store/vec4 v0x5ca1ca81c510_0, 0, 1;
    %load/vec4 v0x5ca1ca81c2d0_0;
    %flag_set/vec4 8;
    %jmp/0xz  T_13.7, 8;
    %load/vec4 v0x5ca1ca81d250_0;
    %parti/s 7, 0, 2;
    %concati/vec4 0, 0, 1;
    %store/vec4 v0x5ca1ca81d170_0, 0, 8;
    %load/vec4 v0x5ca1ca81b6d0_0;
    %load/vec4 v0x5ca1ca81b6d0_0;
    %or/r;
    %pad/u 4;
    %sub;
    %store/vec4 v0x5ca1ca81cef0_0, 0, 4;
    %jmp T_13.8;
T_13.7 ;
    %load/vec4 v0x5ca1ca81cd50_0;
    %parti/s 7, 0, 2;
    %load/vec4 v0x5ca1ca81c690_0;
    %concat/vec4; draw_concat_vec4
    %store/vec4 v0x5ca1ca81d090_0, 0, 8;
T_13.8 ;
    %load/vec4 v0x5ca1ca81cef0_0;
    %pad/u 32;
    %pushi/vec4 0, 0, 32;
    %cmp/e;
    %flag_get/vec4 4;
    %store/vec4 v0x5ca1ca81cfd0_0, 0, 1;
    %jmp T_13.6;
T_13.3 ;
    %load/vec4 v0x5ca1ca81d7b0_0;
    %nor/r;
    %store/vec4 v0x5ca1ca81c5d0_0, 0, 1;
    %load/vec4 v0x5ca1ca81d7b0_0;
    %nor/r;
    %store/vec4 v0x5ca1ca81c810_0, 0, 1;
    %load/vec4 v0x5ca1ca81d7b0_0;
    %nor/r;
    %store/vec4 v0x5ca1ca81ca50_0, 0, 1;
    %load/vec4 v0x5ca1ca81d7b0_0;
    %nor/r;
    %store/vec4 v0x5ca1ca81cc90_0, 0, 1;
    %load/vec4 v0x5ca1ca81d250_0;
    %parti/s 1, 4, 4;
    %store/vec4 v0x5ca1ca81c510_0, 0, 1;
    %load/vec4 v0x5ca1ca81d250_0;
    %parti/s 1, 5, 4;
    %store/vec4 v0x5ca1ca81c750_0, 0, 1;
    %load/vec4 v0x5ca1ca81d250_0;
    %parti/s 1, 6, 4;
    %store/vec4 v0x5ca1ca81c990_0, 0, 1;
    %load/vec4 v0x5ca1ca81d250_0;
    %parti/s 1, 7, 4;
    %store/vec4 v0x5ca1ca81cbd0_0, 0, 1;
    %load/vec4 v0x5ca1ca81c2d0_0;
    %flag_set/vec4 8;
    %jmp/0xz  T_13.9, 8;
    %load/vec4 v0x5ca1ca81d250_0;
    %parti/s 4, 0, 2;
    %concati/vec4 0, 0, 4;
    %store/vec4 v0x5ca1ca81d170_0, 0, 8;
    %load/vec4 v0x5ca1ca81b6d0_0;
    %load/vec4 v0x5ca1ca81b6d0_0;
    %or/r;
    %concati/vec4 0, 0, 2;
    %pad/u 4;
    %sub;
    %store/vec4 v0x5ca1ca81cef0_0, 0, 4;
    %jmp T_13.10;
T_13.9 ;
    %load/vec4 v0x5ca1ca81cd50_0;
    %parti/s 4, 0, 2;
    %load/vec4 v0x5ca1ca81cb10_0;
    %concat/vec4; draw_concat_vec4
    %load/vec4 v0x5ca1ca81c8d0_0;
    %concat/vec4; draw_concat_vec4
    %load/vec4 v0x5ca1ca81c690_0;
    %concat/vec4; draw_concat_vec4
    %load/vec4 v0x5ca1ca81c450_0;
    %concat/vec4; draw_concat_vec4
    %store/vec4 v0x5ca1ca81d090_0, 0, 8;
T_13.10 ;
    %load/vec4 v0x5ca1ca81cef0_0;
    %pad/u 32;
    %pushi/vec4 0, 0, 32;
    %cmp/e;
    %flag_get/vec4 4;
    %store/vec4 v0x5ca1ca81cfd0_0, 0, 1;
    %jmp T_13.6;
T_13.4 ;
    %load/vec4 v0x5ca1ca81d7b0_0;
    %nor/r;
    %store/vec4 v0x5ca1ca81c5d0_0, 0, 1;
    %load/vec4 v0x5ca1ca81d7b0_0;
    %nor/r;
    %store/vec4 v0x5ca1ca81c810_0, 0, 1;
    %load/vec4 v0x5ca1ca81d7b0_0;
    %nor/r;
    %store/vec4 v0x5ca1ca81ca50_0, 0, 1;
    %load/vec4 v0x5ca1ca81d7b0_0;
    %nor/r;
    %store/vec4 v0x5ca1ca81cc90_0, 0, 1;
    %load/vec4 v0x5ca1ca81d250_0;
    %parti/s 1, 4, 4;
    %store/vec4 v0x5ca1ca81c510_0, 0, 1;
    %load/vec4 v0x5ca1ca81d250_0;
    %parti/s 1, 5, 4;
    %store/vec4 v0x5ca1ca81c750_0, 0, 1;
    %load/vec4 v0x5ca1ca81d250_0;
    %parti/s 1, 6, 4;
    %store/vec4 v0x5ca1ca81c990_0, 0, 1;
    %load/vec4 v0x5ca1ca81d250_0;
    %parti/s 1, 7, 4;
    %store/vec4 v0x5ca1ca81cbd0_0, 0, 1;
    %load/vec4 v0x5ca1ca81d250_0;
    %parti/s 4, 0, 2;
    %concati/vec4 0, 0, 4;
    %store/vec4 v0x5ca1ca81d170_0, 0, 8;
    %load/vec4 v0x5ca1ca81cd50_0;
    %parti/s 4, 0, 2;
    %load/vec4 v0x5ca1ca81cb10_0;
    %concat/vec4; draw_concat_vec4
    %load/vec4 v0x5ca1ca81c8d0_0;
    %concat/vec4; draw_concat_vec4
    %load/vec4 v0x5ca1ca81c690_0;
    %concat/vec4; draw_concat_vec4
    %load/vec4 v0x5ca1ca81c450_0;
    %concat/vec4; draw_concat_vec4
    %store/vec4 v0x5ca1ca81d090_0, 0, 8;
    %load/vec4 v0x5ca1ca81b6d0_0;
    %load/vec4 v0x5ca1ca81b6d0_0;
    %or/r;
    %concati/vec4 0, 0, 2;
    %pad/u 4;
    %sub;
    %store/vec4 v0x5ca1ca81cef0_0, 0, 4;
    %load/vec4 v0x5ca1ca81cef0_0;
    %pad/u 32;
    %pushi/vec4 0, 0, 32;
    %cmp/e;
    %flag_get/vec4 4;
    %store/vec4 v0x5ca1ca81cfd0_0, 0, 1;
    %jmp T_13.6;
T_13.5 ;
    %load/vec4 v0x5ca1ca81d7b0_0;
    %nor/r;
    %store/vec4 v0x5ca1ca81c5d0_0, 0, 1;
    %load/vec4 v0x5ca1ca81d7b0_0;
    %nor/r;
    %store/vec4 v0x5ca1ca81c810_0, 0, 1;
    %load/vec4 v0x5ca1ca81d250_0;
    %parti/s 1, 6, 4;
    %store/vec4 v0x5ca1ca81c510_0, 0, 1;
    %load/vec4 v0x5ca1ca81d250_0;
    %parti/s 1, 7, 4;
    %store/vec4 v0x5ca1ca81c750_0, 0, 1;
    %load/vec4 v0x5ca1ca81c2d0_0;
    %flag_set/vec4 8;
    %jmp/0xz  T_13.11, 8;
    %load/vec4 v0x5ca1ca81d250_0;
    %parti/s 6, 0, 2;
    %concati/vec4 0, 0, 2;
    %store/vec4 v0x5ca1ca81d170_0, 0, 8;
    %load/vec4 v0x5ca1ca81b6d0_0;
    %load/vec4 v0x5ca1ca81b6d0_0;
    %or/r;
    %concati/vec4 0, 0, 1;
    %pad/u 4;
    %sub;
    %store/vec4 v0x5ca1ca81cef0_0, 0, 4;
    %jmp T_13.12;
T_13.11 ;
    %load/vec4 v0x5ca1ca81cd50_0;
    %parti/s 6, 0, 2;
    %load/vec4 v0x5ca1ca81c690_0;
    %concat/vec4; draw_concat_vec4
    %load/vec4 v0x5ca1ca81c450_0;
    %concat/vec4; draw_concat_vec4
    %store/vec4 v0x5ca1ca81d090_0, 0, 8;
T_13.12 ;
    %load/vec4 v0x5ca1ca81cef0_0;
    %pad/u 32;
    %pushi/vec4 0, 0, 32;
    %cmp/e;
    %flag_get/vec4 4;
    %store/vec4 v0x5ca1ca81cfd0_0, 0, 1;
    %jmp T_13.6;
T_13.6 ;
    %pop/vec4 1;
T_13.0 ;
    %jmp T_13;
    .thread T_13, $push;
    .scope S_0x5ca1ca7e78b0;
T_14 ;
    %wait E_0x5ca1ca717b40;
    %load/vec4 v0x5ca1ca81d330_0;
    %nor/r;
    %flag_set/vec4 8;
    %jmp/0xz  T_14.0, 8;
    %pushi/vec4 1, 0, 1;
    %assign/vec4 v0x5ca1ca81c210_0, 0;
    %pushi/vec4 1, 0, 1;
    %assign/vec4 v0x5ca1ca81ce30_0, 0;
    %pushi/vec4 1, 0, 1;
    %assign/vec4 v0x5ca1ca81c390_0, 0;
    %pushi/vec4 0, 0, 1;
    %assign/vec4 v0x5ca1ca81c2d0_0, 0;
    %pushi/vec4 0, 0, 4;
    %assign/vec4 v0x5ca1ca81b6d0_0, 0;
    %pushi/vec4 0, 0, 4;
    %assign/vec4 v0x5ca1ca81c130_0, 0;
    %pushi/vec4 0, 0, 4;
    %assign/vec4 v0x5ca1ca81d870_0, 0;
    %pushi/vec4 0, 0, 1;
    %assign/vec4 v0x5ca1ca81d3f0_0, 0;
    %pushi/vec4 0, 0, 1;
    %assign/vec4 v0x5ca1ca81d630_0, 0;
    %pushi/vec4 0, 0, 1;
    %assign/vec4 v0x5ca1ca81d6f0_0, 0;
    %pushi/vec4 0, 0, 1;
    %assign/vec4 v0x5ca1ca81d4b0_0, 0;
    %pushi/vec4 0, 0, 1;
    %assign/vec4 v0x5ca1ca81d7b0_0, 0;
    %jmp T_14.1;
T_14.0 ;
    %load/vec4 v0x5ca1ca81cfd0_0;
    %assign/vec4 v0x5ca1ca81c210_0, 0;
    %load/vec4 v0x5ca1ca81d4b0_0;
    %flag_set/vec4 8;
    %jmp/0 T_14.2, 8;
    %load/vec4 v0x5ca1ca81c210_0;
    %pad/u 2;
    %jmp/1 T_14.3, 8;
T_14.2 ; End of true expr.
    %pushi/vec4 1, 0, 2;
    %jmp/0 T_14.3, 8;
 ; End of false expr.
    %blend;
T_14.3;
    %pad/u 1;
    %assign/vec4 v0x5ca1ca81ce30_0, 0;
    %load/vec4 v0x5ca1ca81c130_0;
    %cmpi/ne 0, 0, 4;
    %jmp/0xz  T_14.4, 4;
    %load/vec4 v0x5ca1ca81c2d0_0;
    %nor/r;
    %load/vec4 v0x5ca1ca81c390_0;
    %nor/r;
    %and;
    %assign/vec4 v0x5ca1ca81c2d0_0, 0;
    %load/vec4 v0x5ca1ca81c130_0;
    %load/vec4 v0x5ca1ca81c2d0_0;
    %pad/u 4;
    %sub;
    %assign/vec4 v0x5ca1ca81c130_0, 0;
    %jmp T_14.5;
T_14.4 ;
    %load/vec4 v0x5ca1ca81b6d0_0;
    %cmpi/ne 0, 0, 4;
    %jmp/0xz  T_14.6, 4;
    %load/vec4 v0x5ca1ca81c2d0_0;
    %nor/r;
    %load/vec4 v0x5ca1ca81c390_0;
    %nor/r;
    %and;
    %assign/vec4 v0x5ca1ca81c2d0_0, 0;
    %load/vec4 v0x5ca1ca81d170_0;
    %assign/vec4 v0x5ca1ca81d250_0, 0;
    %load/vec4 v0x5ca1ca81d090_0;
    %assign/vec4 v0x5ca1ca81cd50_0, 0;
    %load/vec4 v0x5ca1ca81cef0_0;
    %assign/vec4 v0x5ca1ca81b6d0_0, 0;
T_14.6 ;
T_14.5 ;
    %load/vec4 v0x5ca1ca81bdf0_0;
    %load/vec4 v0x5ca1ca81bc50_0;
    %and;
    %flag_set/vec4 8;
    %jmp/0xz  T_14.8, 8;
    %pushi/vec4 0, 0, 1;
    %assign/vec4 v0x5ca1ca81c390_0, 0;
    %pushi/vec4 0, 0, 1;
    %assign/vec4 v0x5ca1ca81c2d0_0, 0;
    %pushi/vec4 8, 0, 4;
    %assign/vec4 v0x5ca1ca81b6d0_0, 0;
    %load/vec4 v0x5ca1ca81bb90_0;
    %flag_set/vec4 8;
    %jmp/0 T_14.10, 8;
    %load/vec4 v0x5ca1ca81b870_0;
    %jmp/1 T_14.11, 8;
T_14.10 ; End of true expr.
    %pushi/vec4 0, 0, 8;
    %jmp/0 T_14.11, 8;
 ; End of false expr.
    %blend;
T_14.11;
    %pad/u 4;
    %assign/vec4 v0x5ca1ca81c130_0, 0;
    %load/vec4 v0x5ca1ca81b870_0;
    %assign/vec4 v0x5ca1ca81d250_0, 0;
    %load/vec4 v0x5ca1ca81bd10_0;
    %assign/vec4 v0x5ca1ca81d870_0, 0;
    %load/vec4 v0x5ca1ca81b7b0_0;
    %assign/vec4 v0x5ca1ca81d3f0_0, 0;
    %load/vec4 v0x5ca1ca81ba10_0;
    %assign/vec4 v0x5ca1ca81d630_0, 0;
    %load/vec4 v0x5ca1ca81bad0_0;
    %assign/vec4 v0x5ca1ca81d6f0_0, 0;
    %load/vec4 v0x5ca1ca81b950_0;
    %assign/vec4 v0x5ca1ca81d4b0_0, 0;
    %load/vec4 v0x5ca1ca81bb90_0;
    %assign/vec4 v0x5ca1ca81d7b0_0, 0;
T_14.8 ;
T_14.1 ;
    %jmp T_14;
    .thread T_14;
    .scope S_0x5ca1ca7ed400;
T_15 ;
    %wait E_0x5ca1ca717b40;
    %load/vec4 v0x5ca1ca8206d0_0;
    %nor/r;
    %load/vec4 v0x5ca1ca8200b0_0;
    %pushi/vec4 0, 0, 4;
    %cmp/ne;
    %flag_get/vec4 4;
    %or;
    %assign/vec4 v0x5ca1ca822170_0, 0;
    %load/vec4 v0x5ca1ca8220b0_0;
    %nor/r;
    %flag_set/vec4 8;
    %jmp/0xz  T_15.0, 8;
    %pushi/vec4 1, 0, 1;
    %assign/vec4 v0x5ca1ca822170_0, 0;
    %pushi/vec4 1, 0, 1;
    %assign/vec4 v0x5ca1ca8206d0_0, 0;
    %pushi/vec4 0, 0, 1;
    %assign/vec4 v0x5ca1ca820390_0, 0;
    %pushi/vec4 0, 0, 1;
    %assign/vec4 v0x5ca1ca820230_0, 0;
    %pushi/vec4 0, 0, 4;
    %assign/vec4 v0x5ca1ca820790_0, 0;
    %pushi/vec4 0, 0, 4;
    %assign/vec4 v0x5ca1ca820510_0, 0;
    %pushi/vec4 0, 0, 1;
    %assign/vec4 v0x5ca1ca820450_0, 0;
    %pushi/vec4 0, 0, 1;
    %assign/vec4 v0x5ca1ca820870_0, 0;
    %pushi/vec4 0, 0, 1;
    %assign/vec4 v0x5ca1ca8202d0_0, 0;
    %pushi/vec4 8, 0, 4;
    %assign/vec4 v0x5ca1ca8205f0_0, 0;
    %jmp T_15.1;
T_15.0 ;
    %load/vec4 v0x5ca1ca8200b0_0;
    %parti/s 1, 0, 2;
    %flag_set/vec4 8;
    %jmp/0xz  T_15.2, 8;
    %load/vec4 v0x5ca1ca81fef0_0;
    %parti/s 1, 5, 4;
    %assign/vec4 v0x5ca1ca820390_0, 0;
    %load/vec4 v0x5ca1ca81fef0_0;
    %parti/s 1, 4, 4;
    %assign/vec4 v0x5ca1ca820230_0, 0;
    %load/vec4 v0x5ca1ca81fef0_0;
    %parti/s 4, 0, 2;
    %assign/vec4 v0x5ca1ca820510_0, 0;
T_15.2 ;
    %load/vec4 v0x5ca1ca8200b0_0;
    %parti/s 1, 1, 2;
    %flag_set/vec4 8;
    %jmp/0xz  T_15.4, 8;
    %load/vec4 v0x5ca1ca81fef0_0;
    %parti/s 4, 8, 5;
    %assign/vec4 v0x5ca1ca820790_0, 0;
T_15.4 ;
    %load/vec4 v0x5ca1ca8200b0_0;
    %parti/s 1, 2, 3;
    %flag_set/vec4 8;
    %jmp/0xz  T_15.6, 8;
    %load/vec4 v0x5ca1ca81fef0_0;
    %parti/s 1, 22, 6;
    %assign/vec4 v0x5ca1ca820450_0, 0;
    %load/vec4 v0x5ca1ca81fef0_0;
    %parti/s 1, 21, 6;
    %assign/vec4 v0x5ca1ca820870_0, 0;
    %load/vec4 v0x5ca1ca81fef0_0;
    %parti/s 1, 20, 6;
    %assign/vec4 v0x5ca1ca8202d0_0, 0;
    %load/vec4 v0x5ca1ca81fef0_0;
    %parti/s 4, 16, 6;
    %assign/vec4 v0x5ca1ca8205f0_0, 0;
T_15.6 ;
    %load/vec4 v0x5ca1ca8200b0_0;
    %parti/s 1, 3, 3;
    %flag_set/vec4 8;
    %jmp/0xz  T_15.8, 8;
    %load/vec4 v0x5ca1ca81fef0_0;
    %parti/s 1, 31, 6;
    %assign/vec4 v0x5ca1ca8206d0_0, 0;
T_15.8 ;
T_15.1 ;
    %jmp T_15;
    .thread T_15;
    .scope S_0x5ca1ca7ed400;
T_16 ;
    %wait E_0x5ca1ca701f10;
    %load/vec4 v0x5ca1ca8227b0_0;
    %assign/vec4 v0x5ca1ca822710_0, 0;
    %load/vec4 v0x5ca1ca8229f0_0;
    %assign/vec4 v0x5ca1ca822950_0, 0;
    %load/vec4 v0x5ca1ca822c30_0;
    %assign/vec4 v0x5ca1ca822b90_0, 0;
    %load/vec4 v0x5ca1ca822e70_0;
    %assign/vec4 v0x5ca1ca822dd0_0, 0;
    %jmp T_16;
    .thread T_16;
    .scope S_0x5ca1ca7ed400;
T_17 ;
    %wait E_0x5ca1ca717b40;
    %pushi/vec4 1, 0, 1;
    %assign/vec4 v0x5ca1ca823010_0, 0;
    %pushi/vec4 0, 0, 1;
    %assign/vec4 v0x5ca1ca820e50_0, 0;
    %load/vec4 v0x5ca1ca8220b0_0;
    %nor/r;
    %flag_set/vec4 8;
    %load/vec4 v0x5ca1ca822170_0;
    %flag_set/vec4 9;
    %flag_or 9, 8;
    %jmp/0xz  T_17.0, 9;
    %pushi/vec4 0, 0, 4;
    %assign/vec4 v0x5ca1ca822230_0, 0;
    %pushi/vec4 0, 0, 1;
    %assign/vec4 v0x5ca1ca823010_0, 0;
    %pushi/vec4 0, 0, 1;
    %assign/vec4 v0x5ca1ca821d90_0, 0;
    %pushi/vec4 0, 0, 4;
    %assign/vec4 v0x5ca1ca820d80_0, 0;
    %pushi/vec4 0, 0, 1;
    %assign/vec4 v0x5ca1ca820930_0, 0;
    %pushi/vec4 0, 0, 1;
    %assign/vec4 v0x5ca1ca820b10_0, 0;
    %pushi/vec4 0, 0, 1;
    %assign/vec4 v0x5ca1ca820a70_0, 0;
    %pushi/vec4 0, 0, 1;
    %assign/vec4 v0x5ca1ca820be0_0, 0;
    %jmp T_17.1;
T_17.0 ;
    %load/vec4 v0x5ca1ca8210c0_0;
    %load/vec4 v0x5ca1ca820ff0_0;
    %pad/u 32;
    %pushi/vec4 1, 0, 32;
    %cmp/e;
    %flag_get/vec4 4;
    %and;
    %flag_set/vec4 8;
    %jmp/0xz  T_17.2, 8;
    %load/vec4 v0x5ca1ca820f20_0;
    %ix/load 4, 0, 0;
    %ix/load 5, 0, 0;
    %flag_set/imm 4, 0;
    %assign/vec4/off/d v0x5ca1ca81fe10_0, 4, 5;
T_17.2 ;
    %load/vec4 v0x5ca1ca8210c0_0;
    %load/vec4 v0x5ca1ca820ff0_0;
    %pad/u 32;
    %pushi/vec4 2, 0, 32;
    %cmp/e;
    %flag_get/vec4 4;
    %and;
    %flag_set/vec4 8;
    %jmp/0xz  T_17.4, 8;
    %load/vec4 v0x5ca1ca820f20_0;
    %ix/load 4, 8, 0;
    %ix/load 5, 0, 0;
    %flag_set/imm 4, 0;
    %assign/vec4/off/d v0x5ca1ca81fe10_0, 4, 5;
T_17.4 ;
    %load/vec4 v0x5ca1ca8210c0_0;
    %load/vec4 v0x5ca1ca820ff0_0;
    %pad/u 32;
    %pushi/vec4 3, 0, 32;
    %cmp/e;
    %flag_get/vec4 4;
    %and;
    %flag_set/vec4 8;
    %jmp/0xz  T_17.6, 8;
    %load/vec4 v0x5ca1ca820f20_0;
    %ix/load 4, 16, 0;
    %ix/load 5, 0, 0;
    %flag_set/imm 4, 0;
    %assign/vec4/off/d v0x5ca1ca81fe10_0, 4, 5;
T_17.6 ;
    %load/vec4 v0x5ca1ca8210c0_0;
    %load/vec4 v0x5ca1ca820ff0_0;
    %pad/u 32;
    %pushi/vec4 4, 0, 32;
    %cmp/e;
    %flag_get/vec4 4;
    %and;
    %flag_set/vec4 8;
    %jmp/0xz  T_17.8, 8;
    %load/vec4 v0x5ca1ca820f20_0;
    %load/vec4 v0x5ca1ca81fe10_0;
    %concat/vec4; draw_concat_vec4
    %assign/vec4 v0x5ca1ca821f10_0, 0;
    %load/vec4 v0x5ca1ca821cd0_0;
    %flag_set/vec4 8;
    %jmp/0 T_17.10, 8;
    %load/vec4 v0x5ca1ca821bf0_0;
    %addi 4, 0, 24;
    %jmp/1 T_17.11, 8;
T_17.10 ; End of true expr.
    %load/vec4 v0x5ca1ca81fd30_0;
    %jmp/0 T_17.11, 8;
 ; End of false expr.
    %blend;
T_17.11;
    %assign/vec4 v0x5ca1ca821bf0_0, 0;
    %pushi/vec4 1, 0, 1;
    %assign/vec4 v0x5ca1ca821d90_0, 0;
    %load/vec4 v0x5ca1ca821cd0_0;
    %assign/vec4 v0x5ca1ca821e50_0, 0;
    %pushi/vec4 1, 0, 1;
    %assign/vec4 v0x5ca1ca821cd0_0, 0;
T_17.8 ;
    %load/vec4 v0x5ca1ca822310_0;
    %flag_set/vec4 8;
    %jmp/0xz  T_17.12, 8;
    %pushi/vec4 0, 0, 1;
    %assign/vec4 v0x5ca1ca821e50_0, 0;
T_17.12 ;
    %load/vec4 v0x5ca1ca822230_0;
    %dup/vec4;
    %pushi/vec4 0, 0, 4;
    %cmp/u;
    %jmp/1 T_17.14, 6;
    %dup/vec4;
    %pushi/vec4 1, 0, 4;
    %cmp/u;
    %jmp/1 T_17.15, 6;
    %dup/vec4;
    %pushi/vec4 2, 0, 4;
    %cmp/u;
    %jmp/1 T_17.16, 6;
    %dup/vec4;
    %pushi/vec4 3, 0, 4;
    %cmp/u;
    %jmp/1 T_17.17, 6;
    %dup/vec4;
    %pushi/vec4 4, 0, 4;
    %cmp/u;
    %jmp/1 T_17.18, 6;
    %dup/vec4;
    %pushi/vec4 5, 0, 4;
    %cmp/u;
    %jmp/1 T_17.19, 6;
    %dup/vec4;
    %pushi/vec4 6, 0, 4;
    %cmp/u;
    %jmp/1 T_17.20, 6;
    %dup/vec4;
    %pushi/vec4 7, 0, 4;
    %cmp/u;
    %jmp/1 T_17.21, 6;
    %dup/vec4;
    %pushi/vec4 8, 0, 4;
    %cmp/u;
    %jmp/1 T_17.22, 6;
    %dup/vec4;
    %pushi/vec4 9, 0, 4;
    %cmp/u;
    %jmp/1 T_17.23, 6;
    %dup/vec4;
    %pushi/vec4 10, 0, 4;
    %cmp/u;
    %jmp/1 T_17.24, 6;
    %dup/vec4;
    %pushi/vec4 11, 0, 4;
    %cmp/u;
    %jmp/1 T_17.25, 6;
    %dup/vec4;
    %pushi/vec4 12, 0, 4;
    %cmp/u;
    %jmp/1 T_17.26, 6;
    %jmp T_17.27;
T_17.14 ;
    %pushi/vec4 1, 0, 1;
    %assign/vec4 v0x5ca1ca820e50_0, 0;
    %pushi/vec4 255, 0, 8;
    %assign/vec4 v0x5ca1ca8209d0_0, 0;
    %pushi/vec4 0, 0, 4;
    %assign/vec4 v0x5ca1ca820d80_0, 0;
    %load/vec4 v0x5ca1ca820cb0_0;
    %flag_set/vec4 8;
    %jmp/0xz  T_17.28, 8;
    %pushi/vec4 0, 0, 1;
    %assign/vec4 v0x5ca1ca820e50_0, 0;
    %pushi/vec4 1, 0, 4;
    %assign/vec4 v0x5ca1ca822230_0, 0;
T_17.28 ;
    %jmp T_17.27;
T_17.15 ;
    %load/vec4 v0x5ca1ca8210c0_0;
    %flag_set/vec4 8;
    %jmp/0xz  T_17.30, 8;
    %pushi/vec4 0, 0, 1;
    %assign/vec4 v0x5ca1ca823010_0, 0;
    %pushi/vec4 2, 0, 4;
    %assign/vec4 v0x5ca1ca822230_0, 0;
T_17.30 ;
    %jmp T_17.27;
T_17.16 ;
    %pushi/vec4 1, 0, 1;
    %assign/vec4 v0x5ca1ca820e50_0, 0;
    %pushi/vec4 171, 0, 8;
    %assign/vec4 v0x5ca1ca8209d0_0, 0;
    %pushi/vec4 0, 0, 4;
    %assign/vec4 v0x5ca1ca820d80_0, 0;
    %load/vec4 v0x5ca1ca820cb0_0;
    %flag_set/vec4 8;
    %jmp/0xz  T_17.32, 8;
    %pushi/vec4 0, 0, 1;
    %assign/vec4 v0x5ca1ca820e50_0, 0;
    %pushi/vec4 3, 0, 4;
    %assign/vec4 v0x5ca1ca822230_0, 0;
T_17.32 ;
    %jmp T_17.27;
T_17.17 ;
    %load/vec4 v0x5ca1ca8210c0_0;
    %flag_set/vec4 8;
    %jmp/0xz  T_17.34, 8;
    %pushi/vec4 0, 0, 1;
    %assign/vec4 v0x5ca1ca823010_0, 0;
    %pushi/vec4 4, 0, 4;
    %assign/vec4 v0x5ca1ca822230_0, 0;
T_17.34 ;
    %jmp T_17.27;
T_17.18 ;
    %pushi/vec4 0, 0, 1;
    %assign/vec4 v0x5ca1ca821cd0_0, 0;
    %pushi/vec4 1, 0, 1;
    %assign/vec4 v0x5ca1ca820e50_0, 0;
    %pushi/vec4 0, 0, 4;
    %assign/vec4 v0x5ca1ca820d80_0, 0;
    %load/vec4 v0x5ca1ca820450_0;
    %load/vec4 v0x5ca1ca820870_0;
    %concat/vec4; draw_concat_vec4
    %dup/vec4;
    %pushi/vec4 3, 0, 2;
    %cmp/u;
    %jmp/1 T_17.36, 6;
    %dup/vec4;
    %pushi/vec4 1, 0, 2;
    %cmp/u;
    %jmp/1 T_17.37, 6;
    %dup/vec4;
    %pushi/vec4 2, 0, 2;
    %cmp/u;
    %jmp/1 T_17.38, 6;
    %dup/vec4;
    %pushi/vec4 0, 0, 2;
    %cmp/u;
    %jmp/1 T_17.39, 6;
    %jmp T_17.40;
T_17.36 ;
    %pushi/vec4 237, 0, 8;
    %assign/vec4 v0x5ca1ca8209d0_0, 0;
    %jmp T_17.40;
T_17.37 ;
    %pushi/vec4 235, 0, 8;
    %assign/vec4 v0x5ca1ca8209d0_0, 0;
    %jmp T_17.40;
T_17.38 ;
    %pushi/vec4 187, 0, 8;
    %assign/vec4 v0x5ca1ca8209d0_0, 0;
    %jmp T_17.40;
T_17.39 ;
    %pushi/vec4 3, 0, 8;
    %assign/vec4 v0x5ca1ca8209d0_0, 0;
    %jmp T_17.40;
T_17.40 ;
    %pop/vec4 1;
    %load/vec4 v0x5ca1ca820cb0_0;
    %flag_set/vec4 8;
    %jmp/0xz  T_17.41, 8;
    %pushi/vec4 0, 0, 1;
    %assign/vec4 v0x5ca1ca820e50_0, 0;
    %pushi/vec4 5, 0, 4;
    %assign/vec4 v0x5ca1ca822230_0, 0;
T_17.41 ;
    %jmp T_17.27;
T_17.19 ;
    %load/vec4 v0x5ca1ca822310_0;
    %load/vec4 v0x5ca1ca821ff0_0;
    %nor/r;
    %and;
    %flag_set/vec4 8;
    %jmp/0xz  T_17.43, 8;
    %pushi/vec4 1, 0, 1;
    %assign/vec4 v0x5ca1ca820e50_0, 0;
    %pushi/vec4 0, 0, 4;
    %assign/vec4 v0x5ca1ca820d80_0, 0;
    %load/vec4 v0x5ca1ca81fd30_0;
    %parti/s 8, 16, 6;
    %assign/vec4 v0x5ca1ca8209d0_0, 0;
    %load/vec4 v0x5ca1ca820870_0;
    %assign/vec4 v0x5ca1ca820b10_0, 0;
    %load/vec4 v0x5ca1ca820450_0;
    %assign/vec4 v0x5ca1ca820a70_0, 0;
    %load/vec4 v0x5ca1ca820cb0_0;
    %flag_set/vec4 8;
    %jmp/0xz  T_17.45, 8;
    %pushi/vec4 0, 0, 1;
    %assign/vec4 v0x5ca1ca820e50_0, 0;
    %pushi/vec4 6, 0, 4;
    %assign/vec4 v0x5ca1ca822230_0, 0;
T_17.45 ;
T_17.43 ;
    %jmp T_17.27;
T_17.20 ;
    %pushi/vec4 1, 0, 1;
    %assign/vec4 v0x5ca1ca820e50_0, 0;
    %pushi/vec4 0, 0, 4;
    %assign/vec4 v0x5ca1ca820d80_0, 0;
    %load/vec4 v0x5ca1ca81fd30_0;
    %parti/s 8, 8, 5;
    %assign/vec4 v0x5ca1ca8209d0_0, 0;
    %load/vec4 v0x5ca1ca820cb0_0;
    %flag_set/vec4 8;
    %jmp/0xz  T_17.47, 8;
    %pushi/vec4 0, 0, 1;
    %assign/vec4 v0x5ca1ca820e50_0, 0;
    %pushi/vec4 7, 0, 4;
    %assign/vec4 v0x5ca1ca822230_0, 0;
T_17.47 ;
    %jmp T_17.27;
T_17.21 ;
    %pushi/vec4 1, 0, 1;
    %assign/vec4 v0x5ca1ca820e50_0, 0;
    %pushi/vec4 0, 0, 4;
    %assign/vec4 v0x5ca1ca820d80_0, 0;
    %load/vec4 v0x5ca1ca81fd30_0;
    %parti/s 8, 0, 2;
    %assign/vec4 v0x5ca1ca8209d0_0, 0;
    %load/vec4 v0x5ca1ca820cb0_0;
    %flag_set/vec4 8;
    %jmp/0xz  T_17.49, 8;
    %pushi/vec4 0, 0, 1;
    %assign/vec4 v0x5ca1ca820e50_0, 0;
    %pushi/vec4 0, 0, 8;
    %assign/vec4 v0x5ca1ca8209d0_0, 0;
    %load/vec4 v0x5ca1ca820870_0;
    %flag_set/vec4 8;
    %load/vec4 v0x5ca1ca820450_0;
    %flag_set/vec4 9;
    %flag_or 9, 8;
    %jmp/0 T_17.51, 9;
    %pushi/vec4 8, 0, 5;
    %jmp/1 T_17.52, 9;
T_17.51 ; End of true expr.
    %pushi/vec4 9, 0, 5;
    %jmp/0 T_17.52, 9;
 ; End of false expr.
    %blend;
T_17.52;
    %pad/s 4;
    %assign/vec4 v0x5ca1ca822230_0, 0;
T_17.49 ;
    %jmp T_17.27;
T_17.22 ;
    %pushi/vec4 1, 0, 1;
    %assign/vec4 v0x5ca1ca820e50_0, 0;
    %pushi/vec4 0, 0, 4;
    %assign/vec4 v0x5ca1ca820d80_0, 0;
    %load/vec4 v0x5ca1ca8202d0_0;
    %flag_set/vec4 8;
    %jmp/0 T_17.53, 8;
    %pushi/vec4 165, 0, 8;
    %jmp/1 T_17.54, 8;
T_17.53 ; End of true expr.
    %pushi/vec4 255, 0, 8;
    %jmp/0 T_17.54, 8;
 ; End of false expr.
    %blend;
T_17.54;
    %assign/vec4 v0x5ca1ca8209d0_0, 0;
    %load/vec4 v0x5ca1ca820cb0_0;
    %flag_set/vec4 8;
    %jmp/0xz  T_17.55, 8;
    %pushi/vec4 1, 0, 1;
    %assign/vec4 v0x5ca1ca820be0_0, 0;
    %load/vec4 v0x5ca1ca8205f0_0;
    %pad/u 8;
    %assign/vec4 v0x5ca1ca8209d0_0, 0;
    %pushi/vec4 0, 0, 1;
    %assign/vec4 v0x5ca1ca820e50_0, 0;
    %pushi/vec4 9, 0, 4;
    %assign/vec4 v0x5ca1ca822230_0, 0;
T_17.55 ;
    %jmp T_17.27;
T_17.23 ;
    %pushi/vec4 1, 0, 1;
    %assign/vec4 v0x5ca1ca820e50_0, 0;
    %pushi/vec4 1, 0, 4;
    %assign/vec4 v0x5ca1ca820d80_0, 0;
    %load/vec4 v0x5ca1ca820cb0_0;
    %flag_set/vec4 8;
    %jmp/0xz  T_17.57, 8;
    %pushi/vec4 0, 0, 1;
    %assign/vec4 v0x5ca1ca820e50_0, 0;
    %pushi/vec4 10, 0, 4;
    %assign/vec4 v0x5ca1ca822230_0, 0;
T_17.57 ;
    %jmp T_17.27;
T_17.24 ;
    %pushi/vec4 1, 0, 1;
    %assign/vec4 v0x5ca1ca820e50_0, 0;
    %pushi/vec4 0, 0, 8;
    %assign/vec4 v0x5ca1ca8209d0_0, 0;
    %pushi/vec4 2, 0, 4;
    %assign/vec4 v0x5ca1ca820d80_0, 0;
    %load/vec4 v0x5ca1ca820cb0_0;
    %flag_set/vec4 8;
    %jmp/0xz  T_17.59, 8;
    %pushi/vec4 0, 0, 1;
    %assign/vec4 v0x5ca1ca820e50_0, 0;
    %pushi/vec4 11, 0, 4;
    %assign/vec4 v0x5ca1ca822230_0, 0;
T_17.59 ;
    %jmp T_17.27;
T_17.25 ;
    %pushi/vec4 1, 0, 1;
    %assign/vec4 v0x5ca1ca820e50_0, 0;
    %pushi/vec4 3, 0, 4;
    %assign/vec4 v0x5ca1ca820d80_0, 0;
    %load/vec4 v0x5ca1ca820cb0_0;
    %flag_set/vec4 8;
    %jmp/0xz  T_17.61, 8;
    %pushi/vec4 0, 0, 1;
    %assign/vec4 v0x5ca1ca820e50_0, 0;
    %pushi/vec4 12, 0, 4;
    %assign/vec4 v0x5ca1ca822230_0, 0;
T_17.61 ;
    %jmp T_17.27;
T_17.26 ;
    %load/vec4 v0x5ca1ca821e50_0;
    %nor/r;
    %flag_set/vec4 8;
    %load/vec4 v0x5ca1ca822310_0;
    %flag_set/vec4 9;
    %flag_or 9, 8;
    %jmp/0xz  T_17.63, 9;
    %pushi/vec4 1, 0, 1;
    %assign/vec4 v0x5ca1ca820e50_0, 0;
    %pushi/vec4 4, 0, 4;
    %assign/vec4 v0x5ca1ca820d80_0, 0;
    %load/vec4 v0x5ca1ca820cb0_0;
    %flag_set/vec4 8;
    %jmp/0xz  T_17.65, 8;
    %pushi/vec4 0, 0, 1;
    %assign/vec4 v0x5ca1ca820e50_0, 0;
    %pushi/vec4 9, 0, 4;
    %assign/vec4 v0x5ca1ca822230_0, 0;
T_17.65 ;
T_17.63 ;
    %jmp T_17.27;
T_17.27 ;
    %pop/vec4 1;
    %load/vec4 v0x5ca1ca821b30_0;
    %flag_set/vec4 8;
    %jmp/0xz  T_17.67, 8;
    %pushi/vec4 0, 0, 1;
    %assign/vec4 v0x5ca1ca821cd0_0, 0;
    %pushi/vec4 0, 0, 1;
    %assign/vec4 v0x5ca1ca821d90_0, 0;
    %pushi/vec4 0, 0, 1;
    %assign/vec4 v0x5ca1ca823010_0, 0;
    %load/vec4 v0x5ca1ca8202d0_0;
    %flag_set/vec4 8;
    %jmp/0xz  T_17.69, 8;
    %pushi/vec4 5, 0, 4;
    %assign/vec4 v0x5ca1ca822230_0, 0;
    %jmp T_17.70;
T_17.69 ;
    %pushi/vec4 4, 0, 4;
    %assign/vec4 v0x5ca1ca822230_0, 0;
    %pushi/vec4 0, 0, 1;
    %assign/vec4 v0x5ca1ca820b10_0, 0;
    %pushi/vec4 0, 0, 1;
    %assign/vec4 v0x5ca1ca820a70_0, 0;
T_17.70 ;
    %pushi/vec4 0, 0, 1;
    %assign/vec4 v0x5ca1ca820be0_0, 0;
T_17.67 ;
T_17.1 ;
    %jmp T_17;
    .thread T_17;
    .scope S_0x5ca1ca7e6f10;
T_18 ;
    %pushi/vec4 0, 0, 32;
    %store/vec4 v0x5ca1ca824170_0, 0, 32;
    %pushi/vec4 0, 0, 32;
    %store/vec4 v0x5ca1ca824380_0, 0, 32;
    %pushi/vec4 0, 0, 32;
    %store/vec4 v0x5ca1ca8245e0_0, 0, 32;
    %pushi/vec4 0, 0, 8;
    %store/vec4 v0x5ca1ca825b20_0, 0, 8;
    %pushi/vec4 0, 0, 1;
    %store/vec4 v0x5ca1ca825620_0, 0, 1;
    %pushi/vec4 0, 0, 4;
    %store/vec4 v0x5ca1ca825460_0, 0, 4;
    %pushi/vec4 0, 0, 4;
    %store/vec4 v0x5ca1ca825540_0, 0, 4;
    %pushi/vec4 0, 0, 1;
    %store/vec4 v0x5ca1ca8249e0_0, 0, 1;
    %pushi/vec4 0, 0, 1;
    %store/vec4 v0x5ca1ca824ce0_0, 0, 1;
    %pushi/vec4 0, 0, 1;
    %store/vec4 v0x5ca1ca824fe0_0, 0, 1;
    %pushi/vec4 0, 0, 1;
    %store/vec4 v0x5ca1ca8252e0_0, 0, 1;
    %pushi/vec4 0, 0, 1;
    %store/vec4 v0x5ca1ca824920_0, 0, 1;
    %pushi/vec4 0, 0, 1;
    %store/vec4 v0x5ca1ca824c20_0, 0, 1;
    %pushi/vec4 0, 0, 1;
    %store/vec4 v0x5ca1ca824f20_0, 0, 1;
    %pushi/vec4 0, 0, 1;
    %store/vec4 v0x5ca1ca825220_0, 0, 1;
    %end;
    .thread T_18;
    .scope S_0x5ca1ca7e6f10;
T_19 ;
    %vpi_func 4 106 "$value$plusargs" 32, "firmware=%s", v0x5ca1ca8246c0_0 {0 0 0};
    %nor/r;
    %flag_set/vec4 8;
    %jmp/0xz  T_19.0, 8;
    %pushi/vec4 0, 0, 32; draw_string_vec4
    %pushi/vec4 0, 0, 32; draw_string_vec4
    %concat/vec4; draw_string_vec4
    %pushi/vec4 0, 0, 32; draw_string_vec4
    %concat/vec4; draw_string_vec4
    %pushi/vec4 0, 0, 32; draw_string_vec4
    %concat/vec4; draw_string_vec4
    %pushi/vec4 0, 0, 32; draw_string_vec4
    %concat/vec4; draw_string_vec4
    %pushi/vec4 0, 0, 32; draw_string_vec4
    %concat/vec4; draw_string_vec4
    %pushi/vec4 0, 0, 32; draw_string_vec4
    %concat/vec4; draw_string_vec4
    %pushi/vec4 0, 0, 32; draw_string_vec4
    %concat/vec4; draw_string_vec4
    %pushi/vec4 0, 0, 32; draw_string_vec4
    %concat/vec4; draw_string_vec4
    %pushi/vec4 0, 0, 32; draw_string_vec4
    %concat/vec4; draw_string_vec4
    %pushi/vec4 0, 0, 32; draw_string_vec4
    %concat/vec4; draw_string_vec4
    %pushi/vec4 0, 0, 32; draw_string_vec4
    %concat/vec4; draw_string_vec4
    %pushi/vec4 0, 0, 32; draw_string_vec4
    %concat/vec4; draw_string_vec4
    %pushi/vec4 8269636, 0, 32; draw_string_vec4
    %concat/vec4; draw_string_vec4
    %pushi/vec4 1702062964, 0, 32; draw_string_vec4
    %concat/vec4; draw_string_vec4
    %pushi/vec4 1869623156, 0, 32; draw_string_vec4
    %concat/vec4; draw_string_vec4
    %pushi/vec4 1701671014, 0, 32; draw_string_vec4
    %concat/vec4; draw_string_vec4
    %pushi/vec4 1768711539, 0, 32; draw_string_vec4
    %concat/vec4; draw_string_vec4
    %pushi/vec4 794184787, 0, 32; draw_string_vec4
    %concat/vec4; draw_string_vec4
    %pushi/vec4 1230983250, 0, 32; draw_string_vec4
    %concat/vec4; draw_string_vec4
    %pushi/vec4 1330267459, 0, 32; draw_string_vec4
    %concat/vec4; draw_string_vec4
    %pushi/vec4 1412263265, 0, 32; draw_string_vec4
    %concat/vec4; draw_string_vec4
    %pushi/vec4 1768828742, 0, 32; draw_string_vec4
    %concat/vec4; draw_string_vec4
    %pushi/vec4 1179934537, 0, 32; draw_string_vec4
    %concat/vec4; draw_string_vec4
    %pushi/vec4 1853121895, 0, 32; draw_string_vec4
    %concat/vec4; draw_string_vec4
    %pushi/vec4 1918989417, 0, 32; draw_string_vec4
    %concat/vec4; draw_string_vec4
    %pushi/vec4 1869492070, 0, 32; draw_string_vec4
    %concat/vec4; draw_string_vec4
    %pushi/vec4 1999595113, 0, 32; draw_string_vec4
    %concat/vec4; draw_string_vec4
    %pushi/vec4 1919776609, 0, 32; draw_string_vec4
    %concat/vec4; draw_string_vec4
    %pushi/vec4 1919234399, 0, 32; draw_string_vec4
    %concat/vec4; draw_string_vec4
    %pushi/vec4 1970170228, 0, 32; draw_string_vec4
    %concat/vec4; draw_string_vec4
    %pushi/vec4 778593656, 0, 32; draw_string_vec4
    %concat/vec4; draw_string_vec4
    %store/vec4 v0x5ca1ca8246c0_0, 0, 1024;
T_19.0 ;
    %vpi_call 4 108 "$readmemh", v0x5ca1ca8246c0_0, v0x5ca1ca8253a0 {0 0 0};
    %end;
    .thread T_19;
    .scope S_0x5ca1ca7e6f10;
T_20 ;
    %wait E_0x5ca1ca823920;
    %load/vec4 v0x5ca1ca824520_0;
    %flag_set/vec4 8;
    %jmp/0xz  T_20.0, 8;
    %pushi/vec4 0, 0, 8;
    %store/vec4 v0x5ca1ca8242a0_0, 0, 8;
    %pushi/vec4 0, 0, 32;
    %store/vec4 v0x5ca1ca824170_0, 0, 32;
    %pushi/vec4 0, 0, 32;
    %store/vec4 v0x5ca1ca824380_0, 0, 32;
    %pushi/vec4 1, 0, 4;
    %store/vec4 v0x5ca1ca825460_0, 0, 4;
    %pushi/vec4 0, 0, 1;
    %store/vec4 v0x5ca1ca8249e0_0, 0, 1;
    %pushi/vec4 0, 0, 1;
    %store/vec4 v0x5ca1ca824ce0_0, 0, 1;
    %pushi/vec4 0, 0, 1;
    %store/vec4 v0x5ca1ca824fe0_0, 0, 1;
    %pushi/vec4 0, 0, 1;
    %store/vec4 v0x5ca1ca8252e0_0, 0, 1;
    %jmp T_20.1;
T_20.0 ;
    %load/vec4 v0x5ca1ca825b20_0;
    %cmpi/ne 0, 0, 8;
    %jmp/0xz  T_20.2, 4;
    %load/vec4 v0x5ca1ca825b20_0;
    %store/vec4 v0x5ca1ca8242a0_0, 0, 8;
    %pushi/vec4 0, 0, 32;
    %store/vec4 v0x5ca1ca824170_0, 0, 32;
    %pushi/vec4 1, 0, 32;
    %store/vec4 v0x5ca1ca824380_0, 0, 32;
    %fork TD_testbench.uut.spi_action, S_0x5ca1ca823bf0;
    %join;
T_20.2 ;
T_20.1 ;
    %jmp T_20;
    .thread T_20, $push;
    .scope S_0x5ca1ca7e6f10;
T_21 ;
    %wait E_0x5ca1ca79e200;
    %pushi/vec4 0, 0, 1;
    %store/vec4 v0x5ca1ca825980_0, 0, 1;
    %load/vec4 v0x5ca1ca824520_0;
    %nor/r;
    %load/vec4 v0x5ca1ca824460_0;
    %nor/r;
    %and;
    %flag_set/vec4 8;
    %jmp/0xz  T_21.0, 8;
    %load/vec4 v0x5ca1ca8245e0_0;
    %cmpi/s 0, 0, 32;
    %flag_or 5, 4; GT is !LE
    %flag_inv 5;
    %jmp/0xz  T_21.2, 5;
    %pushi/vec4 0, 0, 1;
    %store/vec4 v0x5ca1ca8249e0_0, 0, 1;
    %pushi/vec4 0, 0, 1;
    %store/vec4 v0x5ca1ca824ce0_0, 0, 1;
    %pushi/vec4 0, 0, 1;
    %store/vec4 v0x5ca1ca824fe0_0, 0, 1;
    %pushi/vec4 0, 0, 1;
    %store/vec4 v0x5ca1ca8252e0_0, 0, 1;
    %jmp T_21.3;
T_21.2 ;
    %load/vec4 v0x5ca1ca825460_0;
    %dup/vec4;
    %pushi/vec4 1, 0, 4;
    %cmp/u;
    %jmp/1 T_21.4, 6;
    %dup/vec4;
    %pushi/vec4 2, 0, 4;
    %cmp/u;
    %jmp/1 T_21.5, 6;
    %dup/vec4;
    %pushi/vec4 3, 0, 4;
    %cmp/u;
    %jmp/1 T_21.6, 6;
    %dup/vec4;
    %pushi/vec4 4, 0, 4;
    %cmp/u;
    %jmp/1 T_21.7, 6;
    %dup/vec4;
    %pushi/vec4 5, 0, 4;
    %cmp/u;
    %jmp/1 T_21.8, 6;
    %dup/vec4;
    %pushi/vec4 6, 0, 4;
    %cmp/u;
    %jmp/1 T_21.9, 6;
    %dup/vec4;
    %pushi/vec4 7, 0, 4;
    %cmp/u;
    %jmp/1 T_21.10, 6;
    %jmp T_21.11;
T_21.4 ;
    %pushi/vec4 0, 0, 1;
    %store/vec4 v0x5ca1ca8249e0_0, 0, 1;
    %pushi/vec4 1, 0, 1;
    %store/vec4 v0x5ca1ca824ce0_0, 0, 1;
    %pushi/vec4 0, 0, 1;
    %store/vec4 v0x5ca1ca824fe0_0, 0, 1;
    %pushi/vec4 0, 0, 1;
    %store/vec4 v0x5ca1ca8252e0_0, 0, 1;
    %load/vec4 v0x5ca1ca8242a0_0;
    %parti/s 1, 7, 4;
    %store/vec4 v0x5ca1ca824c20_0, 0, 1;
    %jmp T_21.11;
T_21.5 ;
    %pushi/vec4 0, 0, 1;
    %store/vec4 v0x5ca1ca8249e0_0, 0, 1;
    %pushi/vec4 0, 0, 1;
    %store/vec4 v0x5ca1ca824ce0_0, 0, 1;
    %pushi/vec4 0, 0, 1;
    %store/vec4 v0x5ca1ca824fe0_0, 0, 1;
    %pushi/vec4 0, 0, 1;
    %store/vec4 v0x5ca1ca8252e0_0, 0, 1;
    %jmp T_21.11;
T_21.6 ;
    %pushi/vec4 1, 0, 1;
    %store/vec4 v0x5ca1ca8249e0_0, 0, 1;
    %pushi/vec4 1, 0, 1;
    %store/vec4 v0x5ca1ca824ce0_0, 0, 1;
    %pushi/vec4 0, 0, 1;
    %store/vec4 v0x5ca1ca824fe0_0, 0, 1;
    %pushi/vec4 0, 0, 1;
    %store/vec4 v0x5ca1ca8252e0_0, 0, 1;
    %load/vec4 v0x5ca1ca8242a0_0;
    %parti/s 1, 6, 4;
    %store/vec4 v0x5ca1ca824920_0, 0, 1;
    %load/vec4 v0x5ca1ca8242a0_0;
    %parti/s 1, 7, 4;
    %store/vec4 v0x5ca1ca824c20_0, 0, 1;
    %jmp T_21.11;
T_21.7 ;
    %pushi/vec4 0, 0, 1;
    %store/vec4 v0x5ca1ca8249e0_0, 0, 1;
    %pushi/vec4 0, 0, 1;
    %store/vec4 v0x5ca1ca824ce0_0, 0, 1;
    %pushi/vec4 0, 0, 1;
    %store/vec4 v0x5ca1ca824fe0_0, 0, 1;
    %pushi/vec4 0, 0, 1;
    %store/vec4 v0x5ca1ca8252e0_0, 0, 1;
    %jmp T_21.11;
T_21.8 ;
    %pushi/vec4 1, 0, 1;
    %store/vec4 v0x5ca1ca8249e0_0, 0, 1;
    %pushi/vec4 1, 0, 1;
    %store/vec4 v0x5ca1ca824ce0_0, 0, 1;
    %pushi/vec4 1, 0, 1;
    %store/vec4 v0x5ca1ca824fe0_0, 0, 1;
    %pushi/vec4 1, 0, 1;
    %store/vec4 v0x5ca1ca8252e0_0, 0, 1;
    %load/vec4 v0x5ca1ca8242a0_0;
    %parti/s 1, 4, 4;
    %store/vec4 v0x5ca1ca824920_0, 0, 1;
    %load/vec4 v0x5ca1ca8242a0_0;
    %parti/s 1, 5, 4;
    %store/vec4 v0x5ca1ca824c20_0, 0, 1;
    %load/vec4 v0x5ca1ca8242a0_0;
    %parti/s 1, 6, 4;
    %store/vec4 v0x5ca1ca824f20_0, 0, 1;
    %load/vec4 v0x5ca1ca8242a0_0;
    %parti/s 1, 7, 4;
    %store/vec4 v0x5ca1ca825220_0, 0, 1;
    %jmp T_21.11;
T_21.9 ;
    %fork TD_testbench.uut.ddr_rd_edge, S_0x5ca1ca7e73e0;
    %join;
    %jmp T_21.11;
T_21.10 ;
    %fork TD_testbench.uut.ddr_wr_edge, S_0x5ca1ca8239f0;
    %join;
    %jmp T_21.11;
T_21.11 ;
    %pop/vec4 1;
T_21.3 ;
    %load/vec4 v0x5ca1ca825540_0;
    %cmpi/ne 0, 0, 4;
    %jmp/0xz  T_21.12, 4;
    %load/vec4 v0x5ca1ca825540_0;
    %dup/vec4;
    %pushi/vec4 6, 0, 4;
    %cmp/u;
    %jmp/1 T_21.14, 6;
    %dup/vec4;
    %pushi/vec4 7, 0, 4;
    %cmp/u;
    %jmp/1 T_21.15, 6;
    %jmp T_21.16;
T_21.14 ;
    %pushi/vec4 0, 0, 1;
    %store/vec4 v0x5ca1ca8249e0_0, 0, 1;
    %pushi/vec4 0, 0, 1;
    %store/vec4 v0x5ca1ca824ce0_0, 0, 1;
    %pushi/vec4 0, 0, 1;
    %store/vec4 v0x5ca1ca824fe0_0, 0, 1;
    %pushi/vec4 0, 0, 1;
    %store/vec4 v0x5ca1ca8252e0_0, 0, 1;
    %jmp T_21.16;
T_21.15 ;
    %pushi/vec4 1, 0, 1;
    %store/vec4 v0x5ca1ca8249e0_0, 0, 1;
    %pushi/vec4 1, 0, 1;
    %store/vec4 v0x5ca1ca824ce0_0, 0, 1;
    %pushi/vec4 1, 0, 1;
    %store/vec4 v0x5ca1ca824fe0_0, 0, 1;
    %pushi/vec4 1, 0, 1;
    %store/vec4 v0x5ca1ca8252e0_0, 0, 1;
    %load/vec4 v0x5ca1ca8242a0_0;
    %parti/s 1, 4, 4;
    %store/vec4 v0x5ca1ca824920_0, 0, 1;
    %load/vec4 v0x5ca1ca8242a0_0;
    %parti/s 1, 5, 4;
    %store/vec4 v0x5ca1ca824c20_0, 0, 1;
    %load/vec4 v0x5ca1ca8242a0_0;
    %parti/s 1, 6, 4;
    %store/vec4 v0x5ca1ca824f20_0, 0, 1;
    %load/vec4 v0x5ca1ca8242a0_0;
    %parti/s 1, 7, 4;
    %store/vec4 v0x5ca1ca825220_0, 0, 1;
    %jmp T_21.16;
T_21.16 ;
    %pop/vec4 1;
    %load/vec4 v0x5ca1ca825540_0;
    %store/vec4 v0x5ca1ca825460_0, 0, 4;
    %pushi/vec4 0, 0, 4;
    %store/vec4 v0x5ca1ca825540_0, 0, 4;
T_21.12 ;
T_21.0 ;
    %jmp T_21;
    .thread T_21, $push;
    .scope S_0x5ca1ca7e6f10;
T_22 ;
    %wait E_0x5ca1ca6fff30;
    %load/vec4 v0x5ca1ca824520_0;
    %nor/r;
    %flag_set/vec4 8;
    %jmp/0xz  T_22.0, 8;
    %load/vec4 v0x5ca1ca8245e0_0;
    %cmpi/s 0, 0, 32;
    %flag_or 5, 4; GT is !LE
    %flag_inv 5;
    %jmp/0xz  T_22.2, 5;
    %load/vec4 v0x5ca1ca8245e0_0;
    %subi 1, 0, 32;
    %store/vec4 v0x5ca1ca8245e0_0, 0, 32;
    %jmp T_22.3;
T_22.2 ;
    %load/vec4 v0x5ca1ca825460_0;
    %dup/vec4;
    %pushi/vec4 1, 0, 4;
    %cmp/u;
    %jmp/1 T_22.4, 6;
    %dup/vec4;
    %pushi/vec4 2, 0, 4;
    %cmp/u;
    %jmp/1 T_22.5, 6;
    %dup/vec4;
    %pushi/vec4 3, 0, 4;
    %cmp/u;
    %jmp/1 T_22.6, 6;
    %dup/vec4;
    %pushi/vec4 4, 0, 4;
    %cmp/u;
    %jmp/1 T_22.7, 6;
    %dup/vec4;
    %pushi/vec4 5, 0, 4;
    %cmp/u;
    %jmp/1 T_22.8, 6;
    %dup/vec4;
    %pushi/vec4 6, 0, 4;
    %cmp/u;
    %jmp/1 T_22.9, 6;
    %dup/vec4;
    %pushi/vec4 7, 0, 4;
    %cmp/u;
    %jmp/1 T_22.10, 6;
    %jmp T_22.11;
T_22.4 ;
    %load/vec4 v0x5ca1ca8242a0_0;
    %load/vec4 v0x5ca1ca8247a0_0;
    %concat/vec4; draw_concat_vec4
    %pad/u 8;
    %store/vec4 v0x5ca1ca8242a0_0, 0, 8;
    %load/vec4 v0x5ca1ca824170_0;
    %addi 1, 0, 32;
    %store/vec4 v0x5ca1ca824170_0, 0, 32;
    %load/vec4 v0x5ca1ca824170_0;
    %cmpi/e 8, 0, 32;
    %jmp/0xz  T_22.12, 4;
    %pushi/vec4 0, 0, 32;
    %store/vec4 v0x5ca1ca824170_0, 0, 32;
    %load/vec4 v0x5ca1ca824380_0;
    %addi 1, 0, 32;
    %store/vec4 v0x5ca1ca824380_0, 0, 32;
    %fork TD_testbench.uut.spi_action, S_0x5ca1ca823bf0;
    %join;
T_22.12 ;
    %jmp T_22.11;
T_22.5 ;
    %load/vec4 v0x5ca1ca8242a0_0;
    %load/vec4 v0x5ca1ca824aa0_0;
    %concat/vec4; draw_concat_vec4
    %load/vec4 v0x5ca1ca8247a0_0;
    %concat/vec4; draw_concat_vec4
    %pad/u 8;
    %store/vec4 v0x5ca1ca8242a0_0, 0, 8;
    %load/vec4 v0x5ca1ca824170_0;
    %addi 2, 0, 32;
    %store/vec4 v0x5ca1ca824170_0, 0, 32;
    %load/vec4 v0x5ca1ca824170_0;
    %cmpi/e 8, 0, 32;
    %jmp/0xz  T_22.14, 4;
    %pushi/vec4 0, 0, 32;
    %store/vec4 v0x5ca1ca824170_0, 0, 32;
    %load/vec4 v0x5ca1ca824380_0;
    %addi 1, 0, 32;
    %store/vec4 v0x5ca1ca824380_0, 0, 32;
    %fork TD_testbench.uut.spi_action, S_0x5ca1ca823bf0;
    %join;
T_22.14 ;
    %jmp T_22.11;
T_22.6 ;
    %load/vec4 v0x5ca1ca8242a0_0;
    %load/vec4 v0x5ca1ca824aa0_0;
    %concat/vec4; draw_concat_vec4
    %load/vec4 v0x5ca1ca8247a0_0;
    %concat/vec4; draw_concat_vec4
    %pad/u 8;
    %store/vec4 v0x5ca1ca8242a0_0, 0, 8;
    %load/vec4 v0x5ca1ca824170_0;
    %addi 2, 0, 32;
    %store/vec4 v0x5ca1ca824170_0, 0, 32;
    %load/vec4 v0x5ca1ca824170_0;
    %cmpi/e 8, 0, 32;
    %jmp/0xz  T_22.16, 4;
    %pushi/vec4 0, 0, 32;
    %store/vec4 v0x5ca1ca824170_0, 0, 32;
    %load/vec4 v0x5ca1ca824380_0;
    %addi 1, 0, 32;
    %store/vec4 v0x5ca1ca824380_0, 0, 32;
    %fork TD_testbench.uut.spi_action, S_0x5ca1ca823bf0;
    %join;
T_22.16 ;
    %jmp T_22.11;
T_22.7 ;
    %load/vec4 v0x5ca1ca8242a0_0;
    %load/vec4 v0x5ca1ca8250a0_0;
    %concat/vec4; draw_concat_vec4
    %load/vec4 v0x5ca1ca824da0_0;
    %concat/vec4; draw_concat_vec4
    %load/vec4 v0x5ca1ca824aa0_0;
    %concat/vec4; draw_concat_vec4
    %load/vec4 v0x5ca1ca8247a0_0;
    %concat/vec4; draw_concat_vec4
    %pad/u 8;
    %store/vec4 v0x5ca1ca8242a0_0, 0, 8;
    %load/vec4 v0x5ca1ca824170_0;
    %addi 4, 0, 32;
    %store/vec4 v0x5ca1ca824170_0, 0, 32;
    %load/vec4 v0x5ca1ca824170_0;
    %cmpi/e 8, 0, 32;
    %jmp/0xz  T_22.18, 4;
    %pushi/vec4 0, 0, 32;
    %store/vec4 v0x5ca1ca824170_0, 0, 32;
    %load/vec4 v0x5ca1ca824380_0;
    %addi 1, 0, 32;
    %store/vec4 v0x5ca1ca824380_0, 0, 32;
    %fork TD_testbench.uut.spi_action, S_0x5ca1ca823bf0;
    %join;
T_22.18 ;
    %jmp T_22.11;
T_22.8 ;
    %load/vec4 v0x5ca1ca8242a0_0;
    %load/vec4 v0x5ca1ca8250a0_0;
    %concat/vec4; draw_concat_vec4
    %load/vec4 v0x5ca1ca824da0_0;
    %concat/vec4; draw_concat_vec4
    %load/vec4 v0x5ca1ca824aa0_0;
    %concat/vec4; draw_concat_vec4
    %load/vec4 v0x5ca1ca8247a0_0;
    %concat/vec4; draw_concat_vec4
    %pad/u 8;
    %store/vec4 v0x5ca1ca8242a0_0, 0, 8;
    %load/vec4 v0x5ca1ca824170_0;
    %addi 4, 0, 32;
    %store/vec4 v0x5ca1ca824170_0, 0, 32;
    %load/vec4 v0x5ca1ca824170_0;
    %cmpi/e 8, 0, 32;
    %jmp/0xz  T_22.20, 4;
    %pushi/vec4 0, 0, 32;
    %store/vec4 v0x5ca1ca824170_0, 0, 32;
    %load/vec4 v0x5ca1ca824380_0;
    %addi 1, 0, 32;
    %store/vec4 v0x5ca1ca824380_0, 0, 32;
    %fork TD_testbench.uut.spi_action, S_0x5ca1ca823bf0;
    %join;
T_22.20 ;
    %jmp T_22.11;
T_22.9 ;
    %fork TD_testbench.uut.ddr_rd_edge, S_0x5ca1ca7e73e0;
    %join;
    %jmp T_22.11;
T_22.10 ;
    %fork TD_testbench.uut.ddr_wr_edge, S_0x5ca1ca8239f0;
    %join;
    %jmp T_22.11;
T_22.11 ;
    %pop/vec4 1;
T_22.3 ;
T_22.0 ;
    %jmp T_22;
    .thread T_22;
    .scope S_0x5ca1ca7ed270;
T_23 ;
    %pushi/vec4 1, 0, 1;
    %store/vec4 v0x5ca1ca8274c0_0, 0, 1;
    %pushi/vec4 0, 0, 1;
    %store/vec4 v0x5ca1ca827420_0, 0, 1;
    %pushi/vec4 0, 0, 1;
    %store/vec4 v0x5ca1ca827700_0, 0, 1;
    %pushi/vec4 0, 0, 1;
    %store/vec4 v0x5ca1ca827910_0, 0, 1;
    %pushi/vec4 0, 0, 1;
    %store/vec4 v0x5ca1ca827b20_0, 0, 1;
    %pushi/vec4 0, 0, 1;
    %store/vec4 v0x5ca1ca827d50_0, 0, 1;
    %pushi/vec4 0, 0, 1;
    %store/vec4 v0x5ca1ca827660_0, 0, 1;
    %pushi/vec4 0, 0, 1;
    %store/vec4 v0x5ca1ca827870_0, 0, 1;
    %pushi/vec4 0, 0, 1;
    %store/vec4 v0x5ca1ca827a80_0, 0, 1;
    %pushi/vec4 0, 0, 1;
    %store/vec4 v0x5ca1ca827cb0_0, 0, 1;
    %pushi/vec4 0, 0, 32;
    %store/vec4 v0x5ca1ca8272f0_0, 0, 32;
    %end;
    .thread T_23;
    .scope S_0x5ca1ca7ed270;
T_24 ;
    %vpi_call 3 257 "$dumpfile", "spiflash_tb.vcd" {0 0 0};
    %vpi_call 3 258 "$dumpvars", 32'sb00000000000000000000000000000000, S_0x5ca1ca7ed270 {0 0 0};
    %vpi_call 3 259 "$display", "\000" {0 0 0};
    %vpi_call 3 261 "$display", "Reset (FFh)" {0 0 0};
    %fork TD_testbench.xfer_begin, S_0x5ca1ca825d00;
    %join;
    %pushi/vec4 255, 0, 8;
    %store/vec4 v0x5ca1ca826d90_0, 0, 8;
    %fork TD_testbench.xfer_spi, S_0x5ca1ca826c00;
    %join;
    %fork TD_testbench.xfer_end, S_0x5ca1ca826070;
    %join;
    %vpi_call 3 266 "$display", "Power Up (ABh)" {0 0 0};
    %fork TD_testbench.xfer_begin, S_0x5ca1ca825d00;
    %join;
    %pushi/vec4 171, 0, 8;
    %store/vec4 v0x5ca1ca826d90_0, 0, 8;
    %fork TD_testbench.xfer_spi, S_0x5ca1ca826c00;
    %join;
    %fork TD_testbench.xfer_end, S_0x5ca1ca826070;
    %join;
    %vpi_call 3 271 "$display", "Read Data (03h)" {0 0 0};
    %fork TD_testbench.xfer_begin, S_0x5ca1ca825d00;
    %join;
    %pushi/vec4 3, 0, 8;
    %store/vec4 v0x5ca1ca826d90_0, 0, 8;
    %fork TD_testbench.xfer_spi, S_0x5ca1ca826c00;
    %join;
    %pushi/vec4 16, 0, 8;
    %store/vec4 v0x5ca1ca826d90_0, 0, 8;
    %fork TD_testbench.xfer_spi, S_0x5ca1ca826c00;
    %join;
    %pushi/vec4 0, 0, 8;
    %store/vec4 v0x5ca1ca826d90_0, 0, 8;
    %fork TD_testbench.xfer_spi, S_0x5ca1ca826c00;
    %join;
    %pushi/vec4 0, 0, 8;
    %store/vec4 v0x5ca1ca826d90_0, 0, 8;
    %fork TD_testbench.xfer_spi, S_0x5ca1ca826c00;
    %join;
    %pushi/vec4 0, 0, 8;
    %store/vec4 v0x5ca1ca826d90_0, 0, 8;
    %fork TD_testbench.xfer_spi, S_0x5ca1ca826c00;
    %join;
    %pushi/vec4 147, 0, 8;
    %store/vec4 v0x5ca1ca8232c0_0, 0, 8;
    %fork TD_testbench.expect, S_0x5ca1ca7e6a40;
    %join;
    %pushi/vec4 0, 0, 8;
    %store/vec4 v0x5ca1ca826d90_0, 0, 8;
    %fork TD_testbench.xfer_spi, S_0x5ca1ca826c00;
    %join;
    %pushi/vec4 0, 0, 8;
    %store/vec4 v0x5ca1ca8232c0_0, 0, 8;
    %fork TD_testbench.expect, S_0x5ca1ca7e6a40;
    %join;
    %pushi/vec4 0, 0, 8;
    %store/vec4 v0x5ca1ca826d90_0, 0, 8;
    %fork TD_testbench.xfer_spi, S_0x5ca1ca826c00;
    %join;
    %pushi/vec4 0, 0, 8;
    %store/vec4 v0x5ca1ca8232c0_0, 0, 8;
    %fork TD_testbench.expect, S_0x5ca1ca7e6a40;
    %join;
    %pushi/vec4 0, 0, 8;
    %store/vec4 v0x5ca1ca826d90_0, 0, 8;
    %fork TD_testbench.xfer_spi, S_0x5ca1ca826c00;
    %join;
    %pushi/vec4 0, 0, 8;
    %store/vec4 v0x5ca1ca8232c0_0, 0, 8;
    %fork TD_testbench.expect, S_0x5ca1ca7e6a40;
    %join;
    %pushi/vec4 0, 0, 8;
    %store/vec4 v0x5ca1ca826d90_0, 0, 8;
    %fork TD_testbench.xfer_spi, S_0x5ca1ca826c00;
    %join;
    %pushi/vec4 147, 0, 8;
    %store/vec4 v0x5ca1ca8232c0_0, 0, 8;
    %fork TD_testbench.expect, S_0x5ca1ca7e6a40;
    %join;
    %pushi/vec4 0, 0, 8;
    %store/vec4 v0x5ca1ca826d90_0, 0, 8;
    %fork TD_testbench.xfer_spi, S_0x5ca1ca826c00;
    %join;
    %pushi/vec4 1, 0, 8;
    %store/vec4 v0x5ca1ca8232c0_0, 0, 8;
    %fork TD_testbench.expect, S_0x5ca1ca7e6a40;
    %join;
    %pushi/vec4 0, 0, 8;
    %store/vec4 v0x5ca1ca826d90_0, 0, 8;
    %fork TD_testbench.xfer_spi, S_0x5ca1ca826c00;
    %join;
    %pushi/vec4 0, 0, 8;
    %store/vec4 v0x5ca1ca8232c0_0, 0, 8;
    %fork TD_testbench.expect, S_0x5ca1ca7e6a40;
    %join;
    %pushi/vec4 0, 0, 8;
    %store/vec4 v0x5ca1ca826d90_0, 0, 8;
    %fork TD_testbench.xfer_spi, S_0x5ca1ca826c00;
    %join;
    %pushi/vec4 0, 0, 8;
    %store/vec4 v0x5ca1ca8232c0_0, 0, 8;
    %fork TD_testbench.expect, S_0x5ca1ca7e6a40;
    %join;
    %fork TD_testbench.xfer_end, S_0x5ca1ca826070;
    %join;
    %vpi_call 3 287 "$display", "Quad I/O Read (EBh)" {0 0 0};
    %fork TD_testbench.xfer_begin, S_0x5ca1ca825d00;
    %join;
    %pushi/vec4 235, 0, 8;
    %store/vec4 v0x5ca1ca826d90_0, 0, 8;
    %fork TD_testbench.xfer_spi, S_0x5ca1ca826c00;
    %join;
    %pushi/vec4 16, 0, 8;
    %store/vec4 v0x5ca1ca826b00_0, 0, 8;
    %fork TD_testbench.xfer_qspi_wr, S_0x5ca1ca826920;
    %join;
    %pushi/vec4 0, 0, 8;
    %store/vec4 v0x5ca1ca826b00_0, 0, 8;
    %fork TD_testbench.xfer_qspi_wr, S_0x5ca1ca826920;
    %join;
    %pushi/vec4 0, 0, 8;
    %store/vec4 v0x5ca1ca826b00_0, 0, 8;
    %fork TD_testbench.xfer_qspi_wr, S_0x5ca1ca826920;
    %join;
    %pushi/vec4 165, 0, 8;
    %store/vec4 v0x5ca1ca826b00_0, 0, 8;
    %fork TD_testbench.xfer_qspi_wr, S_0x5ca1ca826920;
    %join;
    %pushi/vec4 8, 0, 32;
T_24.0 %dup/vec4;
    %pushi/vec4 0, 0, 32;
    %cmp/s;
    %jmp/1xz T_24.1, 5;
    %jmp/1 T_24.1, 4;
    %pushi/vec4 1, 0, 32;
    %sub;
    %fork TD_testbench.xfer_dummy, S_0x5ca1ca825e90;
    %join;
    %jmp T_24.0;
T_24.1 ;
    %pop/vec4 1;
    %fork TD_testbench.xfer_qspi_rd, S_0x5ca1ca826740;
    %join;
    %pushi/vec4 147, 0, 8;
    %store/vec4 v0x5ca1ca8232c0_0, 0, 8;
    %fork TD_testbench.expect, S_0x5ca1ca7e6a40;
    %join;
    %fork TD_testbench.xfer_qspi_rd, S_0x5ca1ca826740;
    %join;
    %pushi/vec4 0, 0, 8;
    %store/vec4 v0x5ca1ca8232c0_0, 0, 8;
    %fork TD_testbench.expect, S_0x5ca1ca7e6a40;
    %join;
    %fork TD_testbench.xfer_qspi_rd, S_0x5ca1ca826740;
    %join;
    %pushi/vec4 0, 0, 8;
    %store/vec4 v0x5ca1ca8232c0_0, 0, 8;
    %fork TD_testbench.expect, S_0x5ca1ca7e6a40;
    %join;
    %fork TD_testbench.xfer_qspi_rd, S_0x5ca1ca826740;
    %join;
    %pushi/vec4 0, 0, 8;
    %store/vec4 v0x5ca1ca8232c0_0, 0, 8;
    %fork TD_testbench.expect, S_0x5ca1ca7e6a40;
    %join;
    %fork TD_testbench.xfer_qspi_rd, S_0x5ca1ca826740;
    %join;
    %pushi/vec4 147, 0, 8;
    %store/vec4 v0x5ca1ca8232c0_0, 0, 8;
    %fork TD_testbench.expect, S_0x5ca1ca7e6a40;
    %join;
    %fork TD_testbench.xfer_qspi_rd, S_0x5ca1ca826740;
    %join;
    %pushi/vec4 1, 0, 8;
    %store/vec4 v0x5ca1ca8232c0_0, 0, 8;
    %fork TD_testbench.expect, S_0x5ca1ca7e6a40;
    %join;
    %fork TD_testbench.xfer_qspi_rd, S_0x5ca1ca826740;
    %join;
    %pushi/vec4 0, 0, 8;
    %store/vec4 v0x5ca1ca8232c0_0, 0, 8;
    %fork TD_testbench.expect, S_0x5ca1ca7e6a40;
    %join;
    %fork TD_testbench.xfer_qspi_rd, S_0x5ca1ca826740;
    %join;
    %pushi/vec4 0, 0, 8;
    %store/vec4 v0x5ca1ca8232c0_0, 0, 8;
    %fork TD_testbench.expect, S_0x5ca1ca7e6a40;
    %join;
    %fork TD_testbench.xfer_end, S_0x5ca1ca826070;
    %join;
    %vpi_call 3 305 "$display", "Continous Quad I/O Read" {0 0 0};
    %fork TD_testbench.xfer_begin, S_0x5ca1ca825d00;
    %join;
    %pushi/vec4 16, 0, 8;
    %store/vec4 v0x5ca1ca826b00_0, 0, 8;
    %fork TD_testbench.xfer_qspi_wr, S_0x5ca1ca826920;
    %join;
    %pushi/vec4 0, 0, 8;
    %store/vec4 v0x5ca1ca826b00_0, 0, 8;
    %fork TD_testbench.xfer_qspi_wr, S_0x5ca1ca826920;
    %join;
    %pushi/vec4 0, 0, 8;
    %store/vec4 v0x5ca1ca826b00_0, 0, 8;
    %fork TD_testbench.xfer_qspi_wr, S_0x5ca1ca826920;
    %join;
    %pushi/vec4 255, 0, 8;
    %store/vec4 v0x5ca1ca826b00_0, 0, 8;
    %fork TD_testbench.xfer_qspi_wr, S_0x5ca1ca826920;
    %join;
    %pushi/vec4 8, 0, 32;
T_24.2 %dup/vec4;
    %pushi/vec4 0, 0, 32;
    %cmp/s;
    %jmp/1xz T_24.3, 5;
    %jmp/1 T_24.3, 4;
    %pushi/vec4 1, 0, 32;
    %sub;
    %fork TD_testbench.xfer_dummy, S_0x5ca1ca825e90;
    %join;
    %jmp T_24.2;
T_24.3 ;
    %pop/vec4 1;
    %fork TD_testbench.xfer_qspi_rd, S_0x5ca1ca826740;
    %join;
    %pushi/vec4 147, 0, 8;
    %store/vec4 v0x5ca1ca8232c0_0, 0, 8;
    %fork TD_testbench.expect, S_0x5ca1ca7e6a40;
    %join;
    %fork TD_testbench.xfer_qspi_rd, S_0x5ca1ca826740;
    %join;
    %pushi/vec4 0, 0, 8;
    %store/vec4 v0x5ca1ca8232c0_0, 0, 8;
    %fork TD_testbench.expect, S_0x5ca1ca7e6a40;
    %join;
    %fork TD_testbench.xfer_qspi_rd, S_0x5ca1ca826740;
    %join;
    %pushi/vec4 0, 0, 8;
    %store/vec4 v0x5ca1ca8232c0_0, 0, 8;
    %fork TD_testbench.expect, S_0x5ca1ca7e6a40;
    %join;
    %fork TD_testbench.xfer_qspi_rd, S_0x5ca1ca826740;
    %join;
    %pushi/vec4 0, 0, 8;
    %store/vec4 v0x5ca1ca8232c0_0, 0, 8;
    %fork TD_testbench.expect, S_0x5ca1ca7e6a40;
    %join;
    %fork TD_testbench.xfer_qspi_rd, S_0x5ca1ca826740;
    %join;
    %pushi/vec4 147, 0, 8;
    %store/vec4 v0x5ca1ca8232c0_0, 0, 8;
    %fork TD_testbench.expect, S_0x5ca1ca7e6a40;
    %join;
    %fork TD_testbench.xfer_qspi_rd, S_0x5ca1ca826740;
    %join;
    %pushi/vec4 1, 0, 8;
    %store/vec4 v0x5ca1ca8232c0_0, 0, 8;
    %fork TD_testbench.expect, S_0x5ca1ca7e6a40;
    %join;
    %fork TD_testbench.xfer_qspi_rd, S_0x5ca1ca826740;
    %join;
    %pushi/vec4 0, 0, 8;
    %store/vec4 v0x5ca1ca8232c0_0, 0, 8;
    %fork TD_testbench.expect, S_0x5ca1ca7e6a40;
    %join;
    %fork TD_testbench.xfer_qspi_rd, S_0x5ca1ca826740;
    %join;
    %pushi/vec4 0, 0, 8;
    %store/vec4 v0x5ca1ca8232c0_0, 0, 8;
    %fork TD_testbench.expect, S_0x5ca1ca7e6a40;
    %join;
    %fork TD_testbench.xfer_end, S_0x5ca1ca826070;
    %join;
    %vpi_call 3 322 "$display", "DDR Quad I/O Read (EDh)" {0 0 0};
    %fork TD_testbench.xfer_begin, S_0x5ca1ca825d00;
    %join;
    %pushi/vec4 237, 0, 8;
    %store/vec4 v0x5ca1ca826d90_0, 0, 8;
    %fork TD_testbench.xfer_spi, S_0x5ca1ca826c00;
    %join;
    %pushi/vec4 16, 0, 8;
    %store/vec4 v0x5ca1ca826660_0, 0, 8;
    %fork TD_testbench.xfer_qspi_ddr_wr, S_0x5ca1ca826480;
    %join;
    %pushi/vec4 0, 0, 8;
    %store/vec4 v0x5ca1ca826660_0, 0, 8;
    %fork TD_testbench.xfer_qspi_ddr_wr, S_0x5ca1ca826480;
    %join;
    %pushi/vec4 0, 0, 8;
    %store/vec4 v0x5ca1ca826660_0, 0, 8;
    %fork TD_testbench.xfer_qspi_ddr_wr, S_0x5ca1ca826480;
    %join;
    %pushi/vec4 165, 0, 8;
    %store/vec4 v0x5ca1ca826660_0, 0, 8;
    %fork TD_testbench.xfer_qspi_ddr_wr, S_0x5ca1ca826480;
    %join;
    %pushi/vec4 8, 0, 32;
T_24.4 %dup/vec4;
    %pushi/vec4 0, 0, 32;
    %cmp/s;
    %jmp/1xz T_24.5, 5;
    %jmp/1 T_24.5, 4;
    %pushi/vec4 1, 0, 32;
    %sub;
    %fork TD_testbench.xfer_dummy, S_0x5ca1ca825e90;
    %join;
    %jmp T_24.4;
T_24.5 ;
    %pop/vec4 1;
    %fork TD_testbench.xfer_qspi_ddr_rd, S_0x5ca1ca8262a0;
    %join;
    %pushi/vec4 147, 0, 8;
    %store/vec4 v0x5ca1ca8232c0_0, 0, 8;
    %fork TD_testbench.expect, S_0x5ca1ca7e6a40;
    %join;
    %fork TD_testbench.xfer_qspi_ddr_rd, S_0x5ca1ca8262a0;
    %join;
    %pushi/vec4 0, 0, 8;
    %store/vec4 v0x5ca1ca8232c0_0, 0, 8;
    %fork TD_testbench.expect, S_0x5ca1ca7e6a40;
    %join;
    %fork TD_testbench.xfer_qspi_ddr_rd, S_0x5ca1ca8262a0;
    %join;
    %pushi/vec4 0, 0, 8;
    %store/vec4 v0x5ca1ca8232c0_0, 0, 8;
    %fork TD_testbench.expect, S_0x5ca1ca7e6a40;
    %join;
    %fork TD_testbench.xfer_qspi_ddr_rd, S_0x5ca1ca8262a0;
    %join;
    %pushi/vec4 0, 0, 8;
    %store/vec4 v0x5ca1ca8232c0_0, 0, 8;
    %fork TD_testbench.expect, S_0x5ca1ca7e6a40;
    %join;
    %fork TD_testbench.xfer_qspi_ddr_rd, S_0x5ca1ca8262a0;
    %join;
    %pushi/vec4 147, 0, 8;
    %store/vec4 v0x5ca1ca8232c0_0, 0, 8;
    %fork TD_testbench.expect, S_0x5ca1ca7e6a40;
    %join;
    %fork TD_testbench.xfer_qspi_ddr_rd, S_0x5ca1ca8262a0;
    %join;
    %pushi/vec4 1, 0, 8;
    %store/vec4 v0x5ca1ca8232c0_0, 0, 8;
    %fork TD_testbench.expect, S_0x5ca1ca7e6a40;
    %join;
    %fork TD_testbench.xfer_qspi_ddr_rd, S_0x5ca1ca8262a0;
    %join;
    %pushi/vec4 0, 0, 8;
    %store/vec4 v0x5ca1ca8232c0_0, 0, 8;
    %fork TD_testbench.expect, S_0x5ca1ca7e6a40;
    %join;
    %fork TD_testbench.xfer_qspi_ddr_rd, S_0x5ca1ca8262a0;
    %join;
    %pushi/vec4 0, 0, 8;
    %store/vec4 v0x5ca1ca8232c0_0, 0, 8;
    %fork TD_testbench.expect, S_0x5ca1ca7e6a40;
    %join;
    %fork TD_testbench.xfer_end, S_0x5ca1ca826070;
    %join;
    %vpi_call 3 340 "$display", "Continous DDR Quad I/O Read" {0 0 0};
    %fork TD_testbench.xfer_begin, S_0x5ca1ca825d00;
    %join;
    %pushi/vec4 16, 0, 8;
    %store/vec4 v0x5ca1ca826660_0, 0, 8;
    %fork TD_testbench.xfer_qspi_ddr_wr, S_0x5ca1ca826480;
    %join;
    %pushi/vec4 0, 0, 8;
    %store/vec4 v0x5ca1ca826660_0, 0, 8;
    %fork TD_testbench.xfer_qspi_ddr_wr, S_0x5ca1ca826480;
    %join;
    %pushi/vec4 0, 0, 8;
    %store/vec4 v0x5ca1ca826660_0, 0, 8;
    %fork TD_testbench.xfer_qspi_ddr_wr, S_0x5ca1ca826480;
    %join;
    %pushi/vec4 255, 0, 8;
    %store/vec4 v0x5ca1ca826660_0, 0, 8;
    %fork TD_testbench.xfer_qspi_ddr_wr, S_0x5ca1ca826480;
    %join;
    %pushi/vec4 8, 0, 32;
T_24.6 %dup/vec4;
    %pushi/vec4 0, 0, 32;
    %cmp/s;
    %jmp/1xz T_24.7, 5;
    %jmp/1 T_24.7, 4;
    %pushi/vec4 1, 0, 32;
    %sub;
    %fork TD_testbench.xfer_dummy, S_0x5ca1ca825e90;
    %join;
    %jmp T_24.6;
T_24.7 ;
    %pop/vec4 1;
    %fork TD_testbench.xfer_qspi_ddr_rd, S_0x5ca1ca8262a0;
    %join;
    %pushi/vec4 147, 0, 8;
    %store/vec4 v0x5ca1ca8232c0_0, 0, 8;
    %fork TD_testbench.expect, S_0x5ca1ca7e6a40;
    %join;
    %fork TD_testbench.xfer_qspi_ddr_rd, S_0x5ca1ca8262a0;
    %join;
    %pushi/vec4 0, 0, 8;
    %store/vec4 v0x5ca1ca8232c0_0, 0, 8;
    %fork TD_testbench.expect, S_0x5ca1ca7e6a40;
    %join;
    %fork TD_testbench.xfer_qspi_ddr_rd, S_0x5ca1ca8262a0;
    %join;
    %pushi/vec4 0, 0, 8;
    %store/vec4 v0x5ca1ca8232c0_0, 0, 8;
    %fork TD_testbench.expect, S_0x5ca1ca7e6a40;
    %join;
    %fork TD_testbench.xfer_qspi_ddr_rd, S_0x5ca1ca8262a0;
    %join;
    %pushi/vec4 0, 0, 8;
    %store/vec4 v0x5ca1ca8232c0_0, 0, 8;
    %fork TD_testbench.expect, S_0x5ca1ca7e6a40;
    %join;
    %fork TD_testbench.xfer_qspi_ddr_rd, S_0x5ca1ca8262a0;
    %join;
    %pushi/vec4 147, 0, 8;
    %store/vec4 v0x5ca1ca8232c0_0, 0, 8;
    %fork TD_testbench.expect, S_0x5ca1ca7e6a40;
    %join;
    %fork TD_testbench.xfer_qspi_ddr_rd, S_0x5ca1ca8262a0;
    %join;
    %pushi/vec4 1, 0, 8;
    %store/vec4 v0x5ca1ca8232c0_0, 0, 8;
    %fork TD_testbench.expect, S_0x5ca1ca7e6a40;
    %join;
    %fork TD_testbench.xfer_qspi_ddr_rd, S_0x5ca1ca8262a0;
    %join;
    %pushi/vec4 0, 0, 8;
    %store/vec4 v0x5ca1ca8232c0_0, 0, 8;
    %fork TD_testbench.expect, S_0x5ca1ca7e6a40;
    %join;
    %fork TD_testbench.xfer_qspi_ddr_rd, S_0x5ca1ca8262a0;
    %join;
    %pushi/vec4 0, 0, 8;
    %store/vec4 v0x5ca1ca8232c0_0, 0, 8;
    %fork TD_testbench.expect, S_0x5ca1ca7e6a40;
    %join;
    %fork TD_testbench.xfer_end, S_0x5ca1ca826070;
    %join;
    %delay 5000, 0;
    %load/vec4 v0x5ca1ca8272f0_0;
    %cmpi/ne 0, 0, 32;
    %jmp/0xz  T_24.8, 4;
    %vpi_call 3 360 "$display", "FAIL" {0 0 0};
    %vpi_call 3 361 "$stop" {0 0 0};
    %jmp T_24.9;
T_24.8 ;
    %vpi_call 3 363 "$display", "PASS" {0 0 0};
T_24.9 ;
    %end;
    .thread T_24;
# The file index is used to find the file name in the following table.
:file_names 5;
    "N/A";
    "<interactive>";
    "spimemio.v";
    "spiflash_tb.v";
    "spiflash.v";
