#! /usr/bin/vvp
:ivl_version "11.0 (stable)";
:ivl_delay_selection "TYPICAL";
:vpi_time_precision - 12;
:vpi_module "/usr/lib/x86_64-linux-gnu/ivl/system.vpi";
:vpi_module "/usr/lib/x86_64-linux-gnu/ivl/vhdl_sys.vpi";
:vpi_module "/usr/lib/x86_64-linux-gnu/ivl/vhdl_textio.vpi";
:vpi_module "/usr/lib/x86_64-linux-gnu/ivl/v2005_math.vpi";
:vpi_module "/usr/lib/x86_64-linux-gnu/ivl/va_math.vpi";
:vpi_module "/usr/lib/x86_64-linux-gnu/ivl/v2009.vpi";
S_0x5a9fc0151c60 .scope package, "$unit" "$unit" 2 1;
 .timescale 0 0;
S_0x5a9fc0117b00 .scope module, "fft_accel" "fft_accel" 3 2;
 .timescale -9 -12;
    .port_info 0 /INPUT 1 "clk";
    .port_info 1 /INPUT 1 "resetn";
    .port_info 2 /INPUT 1 "valid";
    .port_info 3 /INPUT 32 "mem_addr";
    .port_info 4 /INPUT 4 "wstrb";
    .port_info 5 /INPUT 32 "wdata";
    .port_info 6 /OUTPUT 32 "rdata";
    .port_info 7 /OUTPUT 1 "ready";
    .port_info 8 /OUTPUT 1 "irq_out";
P_0x5a9fc01568d0 .param/l "N" 1 3 21, +C4<00000000000000000000000001000000>;
P_0x5a9fc0156910 .param/l "OFFSET_CTRL" 1 3 15, C4<000000000000>;
P_0x5a9fc0156950 .param/l "OFFSET_IN" 1 3 17, C4<000000001000>;
P_0x5a9fc0156990 .param/l "OFFSET_OUT" 1 3 18, C4<000100001000>;
P_0x5a9fc01569d0 .param/l "OFFSET_STATUS" 1 3 16, C4<000000000100>;
o0x7b5963ea5758 .functor BUFZ 1, C4<z>; HiZ drive
L_0x5a9fc0196b50 .functor NOT 1, o0x7b5963ea5758, C4<0>, C4<0>, C4<0>;
L_0x5a9fc0196e40 .functor AND 1, L_0x5a9fc0196c60, L_0x5a9fc0196d50, C4<1>, C4<1>;
L_0x5a9fc0197170 .functor AND 1, L_0x5a9fc0196f50, L_0x5a9fc0197080, C4<1>, C4<1>;
v0x5a9fc01695e0_0 .net *"_ivl_10", 0 0, L_0x5a9fc0196d50;  1 drivers
L_0x7b5963e56fc8 .functor BUFT 1, C4<000100001000>, C4<0>, C4<0>, C4<0>;
v0x5a9fc01696c0_0 .net/2u *"_ivl_14", 11 0, L_0x7b5963e56fc8;  1 drivers
v0x5a9fc01697a0_0 .net *"_ivl_16", 0 0, L_0x5a9fc0196f50;  1 drivers
L_0x7b5963e57010 .functor BUFT 1, C4<001000001000>, C4<0>, C4<0>, C4<0>;
v0x5a9fc0169840_0 .net/2u *"_ivl_18", 11 0, L_0x7b5963e57010;  1 drivers
v0x5a9fc0169920_0 .net *"_ivl_20", 0 0, L_0x5a9fc0197080;  1 drivers
L_0x7b5963e56f38 .functor BUFT 1, C4<000000001000>, C4<0>, C4<0>, C4<0>;
v0x5a9fc01699e0_0 .net/2u *"_ivl_4", 11 0, L_0x7b5963e56f38;  1 drivers
v0x5a9fc0169ac0_0 .net *"_ivl_6", 0 0, L_0x5a9fc0196c60;  1 drivers
L_0x7b5963e56f80 .functor BUFT 1, C4<000100001000>, C4<0>, C4<0>, C4<0>;
v0x5a9fc0169b80_0 .net/2u *"_ivl_8", 11 0, L_0x7b5963e56f80;  1 drivers
o0x7b5963e99728 .functor BUFZ 1, C4<z>; HiZ drive
v0x5a9fc0169c60_0 .net "clk", 0 0, o0x7b5963e99728;  0 drivers
v0x5a9fc0169d90_0 .var "di_en", 0 0;
v0x5a9fc0169e50_0 .var "di_im", 15 0;
v0x5a9fc0169f60_0 .var "di_re", 15 0;
v0x5a9fc016a070_0 .net "do_en", 0 0, L_0x5a9fc01957f0;  1 drivers
v0x5a9fc016a160_0 .net "do_im", 15 0, L_0x5a9fc0196a90;  1 drivers
v0x5a9fc016a270_0 .net "do_re", 15 0, L_0x5a9fc01969d0;  1 drivers
v0x5a9fc016a380_0 .var "done_flag", 0 0;
v0x5a9fc016a440_0 .var "feed_index", 6 0;
v0x5a9fc016a520_0 .var/i "i", 31 0;
v0x5a9fc016a600 .array/s "in_im_buf", 63 0, 15 0;
v0x5a9fc016a6c0 .array/s "in_re_buf", 63 0, 15 0;
v0x5a9fc016a780_0 .net "in_region", 0 0, L_0x5a9fc0196e40;  1 drivers
v0x5a9fc016a840_0 .var "irq_out", 0 0;
v0x5a9fc016a900_0 .net "local_addr", 11 0, L_0x5a9fc0196bc0;  1 drivers
o0x7b5963ea5668 .functor BUFZ 32, C4<zzzzzzzzzzzzzzzzzzzzzzzzzzzzzzzz>; HiZ drive
v0x5a9fc016a9e0_0 .net "mem_addr", 31 0, o0x7b5963ea5668;  0 drivers
v0x5a9fc016aac0 .array/s "out_im_buf", 63 0, 15 0;
v0x5a9fc016ab80_0 .var "out_index", 6 0;
v0x5a9fc016ac60 .array/s "out_re_buf", 63 0, 15 0;
v0x5a9fc016ad20_0 .net "out_region", 0 0, L_0x5a9fc0197170;  1 drivers
v0x5a9fc016ade0_0 .var "rdata", 31 0;
v0x5a9fc016aec0_0 .var "ready", 0 0;
v0x5a9fc016af80_0 .net "resetn", 0 0, o0x7b5963ea5758;  0 drivers
v0x5a9fc016b040_0 .var "start_flag", 0 0;
v0x5a9fc016b100_0 .var "state", 2 0;
o0x7b5963ea57e8 .functor BUFZ 1, C4<z>; HiZ drive
v0x5a9fc016b1e0_0 .net "valid", 0 0, o0x7b5963ea57e8;  0 drivers
v0x5a9fc016b2a0_0 .var "wait_count", 9 0;
o0x7b5963ea5848 .functor BUFZ 32, C4<zzzzzzzzzzzzzzzzzzzzzzzzzzzzzzzz>; HiZ drive
v0x5a9fc016b380_0 .net "wdata", 31 0, o0x7b5963ea5848;  0 drivers
o0x7b5963ea5878 .functor BUFZ 4, C4<zzzz>; HiZ drive
v0x5a9fc016b460_0 .net "wstrb", 3 0, o0x7b5963ea5878;  0 drivers
E_0x5a9fbffb11b0/0 .event negedge, v0x5a9fc016af80_0;
E_0x5a9fbffb11b0/1 .event posedge, v0x5a9fc00dc1d0_0;
E_0x5a9fbffb11b0 .event/or E_0x5a9fbffb11b0/0, E_0x5a9fbffb11b0/1;
L_0x5a9fc0196bc0 .part o0x7b5963ea5668, 0, 12;
L_0x5a9fc0196c60 .cmp/ge 12, L_0x5a9fc0196bc0, L_0x7b5963e56f38;
L_0x5a9fc0196d50 .cmp/gt 12, L_0x7b5963e56f80, L_0x5a9fc0196bc0;
L_0x5a9fc0196f50 .cmp/ge 12, L_0x5a9fc0196bc0, L_0x7b5963e56fc8;
L_0x5a9fc0197080 .cmp/gt 12, L_0x7b5963e57010, L_0x5a9fc0196bc0;
S_0x5a9fc0118230 .scope begin, "$unm_blk_11" "$unm_blk_11" 3 106, 3 106 0, S_0x5a9fc0117b00;
 .timescale -9 -12;
v0x5a9fc00ac580_0 .var/i "idx", 31 0;
S_0x5a9fc0150ee0 .scope begin, "$unm_blk_13" "$unm_blk_13" 3 121, 3 121 0, S_0x5a9fc0117b00;
 .timescale -9 -12;
v0x5a9fc00acb50_0 .var/i "idx", 31 0;
S_0x5a9fc0151320 .scope begin, "$unm_blk_14" "$unm_blk_14" 3 125, 3 125 0, S_0x5a9fc0117b00;
 .timescale -9 -12;
v0x5a9fc00acc20_0 .var/i "idx", 31 0;
S_0x5a9fc011fe10 .scope module, "FFT_inst" "FFT" 3 47, 4 4 0, S_0x5a9fc0117b00;
 .timescale 0 0;
    .port_info 0 /INPUT 1 "clock";
    .port_info 1 /INPUT 1 "reset";
    .port_info 2 /INPUT 1 "di_en";
    .port_info 3 /INPUT 16 "di_re";
    .port_info 4 /INPUT 16 "di_im";
    .port_info 5 /OUTPUT 1 "do_en";
    .port_info 6 /OUTPUT 16 "do_re";
    .port_info 7 /OUTPUT 16 "do_im";
P_0x5a9fbffbaea0 .param/l "WIDTH" 0 4 5, +C4<00000000000000000000000000010000>;
v0x5a9fc0168950_0 .net "clock", 0 0, o0x7b5963e99728;  alias, 0 drivers
v0x5a9fc0168a10_0 .net "di_en", 0 0, v0x5a9fc0169d90_0;  1 drivers
v0x5a9fc0168ad0_0 .net "di_im", 15 0, v0x5a9fc0169e50_0;  1 drivers
v0x5a9fc0168ba0_0 .net "di_re", 15 0, v0x5a9fc0169f60_0;  1 drivers
v0x5a9fc0168c70_0 .net "do_en", 0 0, L_0x5a9fc01957f0;  alias, 1 drivers
v0x5a9fc0168d10_0 .net "do_im", 15 0, L_0x5a9fc0196a90;  alias, 1 drivers
v0x5a9fc0168db0_0 .net "do_re", 15 0, L_0x5a9fc01969d0;  alias, 1 drivers
v0x5a9fc0168e80_0 .net "reset", 0 0, L_0x5a9fc0196b50;  1 drivers
v0x5a9fc0168f20_0 .net "su1_do_en", 0 0, L_0x5a9fc01837a0;  1 drivers
v0x5a9fc0168fc0_0 .net "su1_do_im", 15 0, v0x5a9fc006f470_0;  1 drivers
v0x5a9fc01690b0_0 .net "su1_do_re", 15 0, v0x5a9fc006eac0_0;  1 drivers
v0x5a9fc01691a0_0 .net "su2_do_en", 0 0, L_0x5a9fc018c770;  1 drivers
v0x5a9fc0169290_0 .net "su2_do_im", 15 0, v0x5a9fc00e3790_0;  1 drivers
v0x5a9fc0169380_0 .net "su2_do_re", 15 0, v0x5a9fc00e3850_0;  1 drivers
S_0x5a9fc011f0b0 .scope module, "SU1" "SdfUnit" 4 29, 5 4 0, S_0x5a9fc011fe10;
 .timescale -9 -12;
    .port_info 0 /INPUT 1 "clock";
    .port_info 1 /INPUT 1 "reset";
    .port_info 2 /INPUT 1 "di_en";
    .port_info 3 /INPUT 16 "di_re";
    .port_info 4 /INPUT 16 "di_im";
    .port_info 5 /OUTPUT 1 "do_en";
    .port_info 6 /OUTPUT 16 "do_re";
    .port_info 7 /OUTPUT 16 "do_im";
P_0x5a9fc00bb190 .param/l "LOG_M" 1 5 31, +C4<00000000000000000000000000000110>;
P_0x5a9fc00bb1d0 .param/l "LOG_N" 1 5 30, +C4<00000000000000000000000000000110>;
P_0x5a9fc00bb210 .param/l "M" 0 5 6, +C4<00000000000000000000000001000000>;
P_0x5a9fc00bb250 .param/l "N" 0 5 5, +C4<00000000000000000000000001000000>;
P_0x5a9fc00bb290 .param/l "WIDTH" 0 5 7, +C4<00000000000000000000000000010000>;
L_0x5a9fc01837a0 .functor BUFZ 1, v0x5a9fc006f3d0_0, C4<0>, C4<0>, C4<0>;
L_0x7b5963e4f0a8 .functor BUFT 1, C4<xxxxxxxxxxxxxxxx>, C4<0>, C4<0>, C4<0>;
v0x5a9fc008b630_0 .net *"_ivl_10", 15 0, L_0x7b5963e4f0a8;  1 drivers
L_0x7b5963e4f498 .functor BUFT 1, C4<00>, C4<0>, C4<0>, C4<0>;
v0x5a9fc008b110_0 .net *"_ivl_102", 1 0, L_0x7b5963e4f498;  1 drivers
v0x5a9fc008b1f0_0 .net *"_ivl_103", 5 0, L_0x5a9fc0180a30;  1 drivers
L_0x7b5963e4f4e0 .functor BUFT 1, C4<0000>, C4<0>, C4<0>, C4<0>;
v0x5a9fc008abf0_0 .net *"_ivl_106", 3 0, L_0x7b5963e4f4e0;  1 drivers
L_0x7b5963e519b8 .functor BUFT 1, C4<xxxxxxxxxxxxxxxx>, C4<0>, C4<0>, C4<0>;
v0x5a9fc008acd0_0 .net *"_ivl_109", 15 0, L_0x7b5963e519b8;  1 drivers
L_0x7b5963e51a00 .functor BUFT 1, C4<xxxxxxxxxxxxxxxx>, C4<0>, C4<0>, C4<0>;
v0x5a9fc008a710_0 .net *"_ivl_113", 15 0, L_0x7b5963e51a00;  1 drivers
L_0x7b5963e4f0f0 .functor BUFT 1, C4<xxxxxxxxxxxxxxxx>, C4<0>, C4<0>, C4<0>;
v0x5a9fc008a1b0_0 .net *"_ivl_14", 15 0, L_0x7b5963e4f0f0;  1 drivers
L_0x7b5963e4f018 .functor BUFT 1, C4<xxxxxxxxxxxxxxxx>, C4<0>, C4<0>, C4<0>;
v0x5a9fc008a290_0 .net *"_ivl_2", 15 0, L_0x7b5963e4f018;  1 drivers
v0x5a9fc0089c90_0 .net *"_ivl_22", 15 0, L_0x5a9fc017d1c0;  1 drivers
L_0x7b5963e4f138 .functor BUFT 1, C4<0000000000000000>, C4<0>, C4<0>, C4<0>;
v0x5a9fc0089770_0 .net *"_ivl_26", 15 0, L_0x7b5963e4f138;  1 drivers
v0x5a9fc0089850_0 .net *"_ivl_29", 15 0, L_0x5a9fc017d470;  1 drivers
v0x5a9fc0089270_0 .net *"_ivl_30", 15 0, L_0x5a9fc017d570;  1 drivers
v0x5a9fc0088d30_0 .net *"_ivl_34", 31 0, L_0x5a9fc017d7c0;  1 drivers
L_0x7b5963e4f180 .functor BUFT 1, C4<00000000000000000000000000>, C4<0>, C4<0>, C4<0>;
v0x5a9fc0088e10_0 .net *"_ivl_37", 25 0, L_0x7b5963e4f180;  1 drivers
L_0x7b5963e4f1c8 .functor BUFT 1, C4<00000000000000000000000000011111>, C4<0>, C4<0>, C4<0>;
v0x5a9fc0088810_0 .net/2u *"_ivl_38", 31 0, L_0x7b5963e4f1c8;  1 drivers
v0x5a9fc00888f0_0 .net *"_ivl_42", 31 0, L_0x5a9fc017dac0;  1 drivers
L_0x7b5963e4f210 .functor BUFT 1, C4<00000000000000000000000000>, C4<0>, C4<0>, C4<0>;
v0x5a9fc00882f0_0 .net *"_ivl_45", 25 0, L_0x7b5963e4f210;  1 drivers
L_0x7b5963e4f258 .functor BUFT 1, C4<00000000000000000000000000111111>, C4<0>, C4<0>, C4<0>;
v0x5a9fc0088390_0 .net/2u *"_ivl_46", 31 0, L_0x7b5963e4f258;  1 drivers
v0x5a9fc00878b0_0 .net *"_ivl_51", 1 0, L_0x5a9fc017dd30;  1 drivers
L_0x7b5963e4f2a0 .functor BUFT 1, C4<11>, C4<0>, C4<0>, C4<0>;
v0x5a9fc0087970_0 .net/2u *"_ivl_52", 1 0, L_0x7b5963e4f2a0;  1 drivers
L_0x7b5963e4f2e8 .functor BUFT 1, C4<xxxxxxxxxxxxxxxx>, C4<0>, C4<0>, C4<0>;
v0x5a9fc00873b0_0 .net *"_ivl_56", 15 0, L_0x7b5963e4f2e8;  1 drivers
L_0x7b5963e4f060 .functor BUFT 1, C4<xxxxxxxxxxxxxxxx>, C4<0>, C4<0>, C4<0>;
v0x5a9fc0086e70_0 .net *"_ivl_6", 15 0, L_0x7b5963e4f060;  1 drivers
L_0x7b5963e4f330 .functor BUFT 1, C4<xxxxxxxxxxxxxxxx>, C4<0>, C4<0>, C4<0>;
v0x5a9fc0086f50_0 .net *"_ivl_60", 15 0, L_0x7b5963e4f330;  1 drivers
L_0x7b5963e4f378 .functor BUFT 1, C4<xxxxxxxxxxxxxxxx>, C4<0>, C4<0>, C4<0>;
v0x5a9fc0086950_0 .net *"_ivl_64", 15 0, L_0x7b5963e4f378;  1 drivers
L_0x7b5963e4f3c0 .functor BUFT 1, C4<xxxxxxxxxxxxxxxx>, C4<0>, C4<0>, C4<0>;
v0x5a9fc0086a30_0 .net *"_ivl_68", 15 0, L_0x7b5963e4f3c0;  1 drivers
v0x5a9fc0086430_0 .net *"_ivl_80", 31 0, L_0x5a9fc017ffa0;  1 drivers
L_0x7b5963e4f408 .functor BUFT 1, C4<00000000000000000000000000>, C4<0>, C4<0>, C4<0>;
v0x5a9fc0086510_0 .net *"_ivl_83", 25 0, L_0x7b5963e4f408;  1 drivers
L_0x7b5963e4f450 .functor BUFT 1, C4<00000000000000000000000000111111>, C4<0>, C4<0>, C4<0>;
v0x5a9fc0085f50_0 .net/2u *"_ivl_84", 31 0, L_0x7b5963e4f450;  1 drivers
v0x5a9fc00859f0_0 .net *"_ivl_91", 0 0, L_0x5a9fc0180220;  1 drivers
v0x5a9fc0085ad0_0 .net *"_ivl_96", 0 0, L_0x5a9fc0180500;  1 drivers
v0x5a9fc00854d0_0 .net *"_ivl_99", 5 0, L_0x5a9fc0180830;  1 drivers
v0x5a9fc0085590_0 .net "bf1_bf", 0 0, L_0x5a9fc016b6b0;  1 drivers
v0x5a9fc0084fb0_0 .var "bf1_count", 5 0;
v0x5a9fbffd8180_0 .var "bf1_do_im", 15 0;
v0x5a9fbffd8260_0 .var "bf1_do_re", 15 0;
v0x5a9fbffd8340_0 .net "bf1_end", 0 0, L_0x5a9fc017dbb0;  1 drivers
v0x5a9fc0085070_0 .net "bf1_mj", 0 0, L_0x5a9fc017de20;  1 drivers
v0x5a9fc0084a90_0 .var "bf1_sp_en", 0 0;
v0x5a9fc0084b50_0 .net "bf1_sp_im", 15 0, L_0x5a9fc017d660;  1 drivers
v0x5a9fc0084590_0 .net "bf1_sp_re", 15 0, L_0x5a9fc017d3d0;  1 drivers
v0x5a9fc0084050_0 .net "bf1_start", 0 0, L_0x5a9fc017d900;  1 drivers
v0x5a9fc0084110_0 .net "bf1_x0_im", 15 0, L_0x5a9fc017b8f0;  1 drivers
v0x5a9fc0083b30_0 .net "bf1_x0_re", 15 0, L_0x5a9fc017b760;  1 drivers
v0x5a9fc0083c00_0 .net "bf1_x1_im", 15 0, L_0x5a9fc017bb70;  1 drivers
v0x5a9fc0083610_0 .net "bf1_x1_re", 15 0, L_0x5a9fc017ba80;  1 drivers
v0x5a9fc00836e0_0 .net "bf1_y0_im", 15 0, L_0x5a9fc017ca00;  1 drivers
v0x5a9fc0083120_0 .net "bf1_y0_re", 15 0, L_0x5a9fc017c910;  1 drivers
v0x5a9fc0082bd0_0 .net "bf1_y1_im", 15 0, L_0x5a9fc017cd00;  1 drivers
v0x5a9fc0082ca0_0 .net "bf1_y1_re", 15 0, L_0x5a9fc017cbc0;  1 drivers
v0x5a9fc00826b0_0 .var "bf2_bf", 0 0;
v0x5a9fc0082750_0 .var "bf2_count", 5 0;
v0x5a9fc0082190_0 .var "bf2_do_en", 0 0;
v0x5a9fc0082230_0 .var "bf2_do_im", 15 0;
v0x5a9fc0081c70_0 .var "bf2_do_re", 15 0;
v0x5a9fc0081d50_0 .net "bf2_end", 0 0, L_0x5a9fc0180040;  1 drivers
v0x5a9fc0081750_0 .var "bf2_sp_en", 0 0;
v0x5a9fc0081810_0 .net "bf2_sp_im", 15 0, L_0x5a9fc017fd10;  1 drivers
v0x5a9fc0081230_0 .net "bf2_sp_re", 15 0, L_0x5a9fc017fbe0;  1 drivers
v0x5a9fc0081310_0 .var "bf2_start", 0 0;
v0x5a9fc0080d30_0 .net "bf2_x0_im", 15 0, L_0x5a9fc017e190;  1 drivers
v0x5a9fc00807f0_0 .net "bf2_x0_re", 15 0, L_0x5a9fc017e000;  1 drivers
v0x5a9fc00808c0_0 .net "bf2_x1_im", 15 0, L_0x5a9fc017e4c0;  1 drivers
v0x5a9fc00802d0_0 .net "bf2_x1_re", 15 0, L_0x5a9fc017df60;  1 drivers
v0x5a9fc00803a0_0 .net "bf2_y0_im", 15 0, L_0x5a9fc017f3c0;  1 drivers
v0x5a9fc007fdb0_0 .net "bf2_y0_re", 15 0, L_0x5a9fc017f2d0;  1 drivers
v0x5a9fc007fe50_0 .net "bf2_y1_im", 15 0, L_0x5a9fc017f6c0;  1 drivers
v0x5a9fc00c36a0_0 .net "bf2_y1_re", 15 0, L_0x5a9fc017f580;  1 drivers
v0x5a9fc00c3770_0 .net "clock", 0 0, o0x7b5963e99728;  alias, 0 drivers
v0x5a9fc00c2f10_0 .net "db1_di_im", 15 0, L_0x5a9fc017d090;  1 drivers
v0x5a9fc00c2fe0_0 .net "db1_di_re", 15 0, L_0x5a9fc017ced0;  1 drivers
v0x5a9fc00deaf0_31 .array/port v0x5a9fc00deaf0, 31;
v0x5a9fc00b5b50_0 .net "db1_do_im", 15 0, v0x5a9fc00deaf0_31;  1 drivers
v0x5a9fc00dd670_31 .array/port v0x5a9fc00dd670, 31;
v0x5a9fc00b5bf0_0 .net "db1_do_re", 15 0, v0x5a9fc00dd670_31;  1 drivers
v0x5a9fc00b5340_0 .net "db2_di_im", 15 0, L_0x5a9fc017f9d0;  1 drivers
v0x5a9fc00b5410_0 .net "db2_di_re", 15 0, L_0x5a9fc017f890;  1 drivers
v0x5a9fc00da8e0_15 .array/port v0x5a9fc00da8e0, 15;
v0x5a9fc00a87c0_0 .net "db2_do_im", 15 0, v0x5a9fc00da8e0_15;  1 drivers
v0x5a9fc00d9e70_15 .array/port v0x5a9fc00d9e70, 15;
v0x5a9fc00a8890_0 .net "db2_do_re", 15 0, v0x5a9fc00d9e70_15;  1 drivers
v0x5a9fc00a8380_0 .var "di_count", 5 0;
v0x5a9fc00a8420_0 .net "di_en", 0 0, v0x5a9fc0169d90_0;  alias, 1 drivers
v0x5a9fc0075890_0 .net "di_im", 15 0, v0x5a9fc0169e50_0;  alias, 1 drivers
v0x5a9fc0075930_0 .net "di_re", 15 0, v0x5a9fc0169f60_0;  alias, 1 drivers
v0x5a9fc0076560_0 .net "do_en", 0 0, L_0x5a9fc01837a0;  alias, 1 drivers
v0x5a9fc0076620_0 .net "do_im", 15 0, v0x5a9fc006f470_0;  alias, 1 drivers
v0x5a9fc00a79e0_0 .net "do_re", 15 0, v0x5a9fc006eac0_0;  alias, 1 drivers
v0x5a9fc00a7ac0_0 .net "mu_a_im", 15 0, L_0x5a9fc0180b50;  1 drivers
v0x5a9fc00a75d0_0 .net "mu_a_re", 15 0, L_0x5a9fc007a200;  1 drivers
v0x5a9fc006f3d0_0 .var "mu_do_en", 0 0;
v0x5a9fc006f470_0 .var "mu_do_im", 15 0;
v0x5a9fc006eac0_0 .var "mu_do_re", 15 0;
v0x5a9fc006eba0_0 .var "mu_en", 0 0;
v0x5a9fc00614f0_0 .net "mu_m_im", 15 0, L_0x5a9fc0184830;  1 drivers
v0x5a9fc00615e0_0 .net "mu_m_re", 15 0, L_0x5a9fc01846a0;  1 drivers
v0x5a9fc00609e0_0 .net "reset", 0 0, L_0x5a9fc0196b50;  alias, 1 drivers
v0x5a9fc0060a80_0 .net "tw_addr", 5 0, L_0x5a9fc0180c90;  1 drivers
v0x5a9fc01529c0_0 .net "tw_im", 15 0, v0x5a9fc007bb60_0;  1 drivers
v0x5a9fc0152ab0_0 .net "tw_num", 3 0, L_0x5a9fc01805f0;  1 drivers
v0x5a9fc0153810_0 .net "tw_re", 15 0, v0x5a9fc007b5f0_0;  1 drivers
v0x5a9fc01563c0_0 .net "tw_sel", 1 0, L_0x5a9fc0180310;  1 drivers
E_0x5a9fbffb0c90 .event posedge, v0x5a9fc00609e0_0, v0x5a9fc00dc1d0_0;
L_0x5a9fc016b6b0 .part v0x5a9fc00a8380_0, 5, 1;
L_0x5a9fc017b760 .functor MUXZ 16, L_0x7b5963e4f018, v0x5a9fc00dd670_31, L_0x5a9fc016b6b0, C4<>;
L_0x5a9fc017b8f0 .functor MUXZ 16, L_0x7b5963e4f060, v0x5a9fc00deaf0_31, L_0x5a9fc016b6b0, C4<>;
L_0x5a9fc017ba80 .functor MUXZ 16, L_0x7b5963e4f0a8, v0x5a9fc0169f60_0, L_0x5a9fc016b6b0, C4<>;
L_0x5a9fc017bb70 .functor MUXZ 16, L_0x7b5963e4f0f0, v0x5a9fc0169e50_0, L_0x5a9fc016b6b0, C4<>;
L_0x5a9fc017ced0 .functor MUXZ 16, v0x5a9fc0169f60_0, L_0x5a9fc017cbc0, L_0x5a9fc016b6b0, C4<>;
L_0x5a9fc017d090 .functor MUXZ 16, v0x5a9fc0169e50_0, L_0x5a9fc017cd00, L_0x5a9fc016b6b0, C4<>;
L_0x5a9fc017d1c0 .functor MUXZ 16, v0x5a9fc00dd670_31, v0x5a9fc00deaf0_31, L_0x5a9fc017de20, C4<>;
L_0x5a9fc017d3d0 .functor MUXZ 16, L_0x5a9fc017d1c0, L_0x5a9fc017c910, L_0x5a9fc016b6b0, C4<>;
L_0x5a9fc017d470 .arith/sub 16, L_0x7b5963e4f138, v0x5a9fc00dd670_31;
L_0x5a9fc017d570 .functor MUXZ 16, v0x5a9fc00deaf0_31, L_0x5a9fc017d470, L_0x5a9fc017de20, C4<>;
L_0x5a9fc017d660 .functor MUXZ 16, L_0x5a9fc017d570, L_0x5a9fc017ca00, L_0x5a9fc016b6b0, C4<>;
L_0x5a9fc017d7c0 .concat [ 6 26 0 0], v0x5a9fc00a8380_0, L_0x7b5963e4f180;
L_0x5a9fc017d900 .cmp/eq 32, L_0x5a9fc017d7c0, L_0x7b5963e4f1c8;
L_0x5a9fc017dac0 .concat [ 6 26 0 0], v0x5a9fc0084fb0_0, L_0x7b5963e4f210;
L_0x5a9fc017dbb0 .cmp/eq 32, L_0x5a9fc017dac0, L_0x7b5963e4f258;
L_0x5a9fc017dd30 .part v0x5a9fc0084fb0_0, 4, 2;
L_0x5a9fc017de20 .cmp/eq 2, L_0x5a9fc017dd30, L_0x7b5963e4f2a0;
L_0x5a9fc017e000 .functor MUXZ 16, L_0x7b5963e4f2e8, v0x5a9fc00d9e70_15, v0x5a9fc00826b0_0, C4<>;
L_0x5a9fc017e190 .functor MUXZ 16, L_0x7b5963e4f330, v0x5a9fc00da8e0_15, v0x5a9fc00826b0_0, C4<>;
L_0x5a9fc017df60 .functor MUXZ 16, L_0x7b5963e4f378, v0x5a9fbffd8260_0, v0x5a9fc00826b0_0, C4<>;
L_0x5a9fc017e4c0 .functor MUXZ 16, L_0x7b5963e4f3c0, v0x5a9fbffd8180_0, v0x5a9fc00826b0_0, C4<>;
L_0x5a9fc017f890 .functor MUXZ 16, v0x5a9fbffd8260_0, L_0x5a9fc017f580, v0x5a9fc00826b0_0, C4<>;
L_0x5a9fc017f9d0 .functor MUXZ 16, v0x5a9fbffd8180_0, L_0x5a9fc017f6c0, v0x5a9fc00826b0_0, C4<>;
L_0x5a9fc017fbe0 .functor MUXZ 16, v0x5a9fc00d9e70_15, L_0x5a9fc017f2d0, v0x5a9fc00826b0_0, C4<>;
L_0x5a9fc017fd10 .functor MUXZ 16, v0x5a9fc00da8e0_15, L_0x5a9fc017f3c0, v0x5a9fc00826b0_0, C4<>;
L_0x5a9fc017ffa0 .concat [ 6 26 0 0], v0x5a9fc0082750_0, L_0x7b5963e4f408;
L_0x5a9fc0180040 .cmp/eq 32, L_0x5a9fc017ffa0, L_0x7b5963e4f450;
L_0x5a9fc0180220 .part v0x5a9fc0082750_0, 4, 1;
L_0x5a9fc0180310 .concat8 [ 1 1 0 0], L_0x5a9fc0180500, L_0x5a9fc0180220;
L_0x5a9fc0180500 .part v0x5a9fc0082750_0, 5, 1;
L_0x5a9fc01805f0 .part v0x5a9fc0082750_0, 0, 4;
L_0x5a9fc0180830 .concat [ 4 2 0 0], L_0x5a9fc01805f0, L_0x7b5963e4f498;
L_0x5a9fc0180a30 .concat [ 2 4 0 0], L_0x5a9fc0180310, L_0x7b5963e4f4e0;
L_0x5a9fc0180c90 .arith/mult 6, L_0x5a9fc0180830, L_0x5a9fc0180a30;
L_0x5a9fc007a200 .functor MUXZ 16, L_0x7b5963e519b8, v0x5a9fc0081c70_0, v0x5a9fc006eba0_0, C4<>;
L_0x5a9fc0180b50 .functor MUXZ 16, L_0x7b5963e51a00, v0x5a9fc0082230_0, v0x5a9fc006eba0_0, C4<>;
S_0x5a9fc0152040 .scope module, "BF1" "Butterfly" 5 118, 6 4 0, S_0x5a9fc011f0b0;
 .timescale 0 0;
    .port_info 0 /INPUT 16 "x0_re";
    .port_info 1 /INPUT 16 "x0_im";
    .port_info 2 /INPUT 16 "x1_re";
    .port_info 3 /INPUT 16 "x1_im";
    .port_info 4 /OUTPUT 16 "y0_re";
    .port_info 5 /OUTPUT 16 "y0_im";
    .port_info 6 /OUTPUT 16 "y1_re";
    .port_info 7 /OUTPUT 16 "y1_im";
P_0x5a9fc015efc0 .param/l "RH" 0 6 6, +C4<00000000000000000000000000000000>;
P_0x5a9fc015f000 .param/l "WIDTH" 0 6 5, +C4<00000000000000000000000000010000>;
v0x5a9fc00ad0e0_0 .net/s *"_ivl_0", 16 0, L_0x5a9fc017bcb0;  1 drivers
v0x5a9fc00ad710_0 .net/s *"_ivl_12", 16 0, L_0x5a9fc017c1f0;  1 drivers
v0x5a9fc00a04d0_0 .net/s *"_ivl_14", 16 0, L_0x5a9fc017c320;  1 drivers
v0x5a9fc00706b0_0 .net/s *"_ivl_18", 16 0, L_0x5a9fc017c540;  1 drivers
v0x5a9fc00d3300_0 .net/s *"_ivl_2", 16 0, L_0x5a9fc017bd50;  1 drivers
v0x5a9fc00d2dc0_0 .net/s *"_ivl_20", 16 0, L_0x5a9fc017c6d0;  1 drivers
v0x5a9fc00d2810_0 .net/s *"_ivl_6", 16 0, L_0x5a9fc017bf30;  1 drivers
v0x5a9fc00d28f0_0 .net/s *"_ivl_8", 16 0, L_0x5a9fc017bfd0;  1 drivers
v0x5a9fc00d2310_0 .net/s "add_im", 16 0, L_0x5a9fc017c070;  1 drivers
v0x5a9fc00d1dd0_0 .net/s "add_re", 16 0, L_0x5a9fc017bdf0;  1 drivers
v0x5a9fc00d1eb0_0 .net/s "sub_im", 16 0, L_0x5a9fc017c800;  1 drivers
v0x5a9fc00d18b0_0 .net/s "sub_re", 16 0, L_0x5a9fc017c4a0;  1 drivers
v0x5a9fc00d1990_0 .net/s "x0_im", 15 0, L_0x5a9fc017b8f0;  alias, 1 drivers
v0x5a9fc00d1390_0 .net/s "x0_re", 15 0, L_0x5a9fc017b760;  alias, 1 drivers
v0x5a9fc00d1470_0 .net/s "x1_im", 15 0, L_0x5a9fc017bb70;  alias, 1 drivers
v0x5a9fc00d0eb0_0 .net/s "x1_re", 15 0, L_0x5a9fc017ba80;  alias, 1 drivers
v0x5a9fc00d0950_0 .net/s "y0_im", 15 0, L_0x5a9fc017ca00;  alias, 1 drivers
v0x5a9fc00d09f0_0 .net/s "y0_re", 15 0, L_0x5a9fc017c910;  alias, 1 drivers
v0x5a9fc00cff10_0 .net/s "y1_im", 15 0, L_0x5a9fc017cd00;  alias, 1 drivers
v0x5a9fc00cffd0_0 .net/s "y1_re", 15 0, L_0x5a9fc017cbc0;  alias, 1 drivers
L_0x5a9fc017bcb0 .extend/s 17, L_0x5a9fc017b760;
L_0x5a9fc017bd50 .extend/s 17, L_0x5a9fc017ba80;
L_0x5a9fc017bdf0 .arith/sum 17, L_0x5a9fc017bcb0, L_0x5a9fc017bd50;
L_0x5a9fc017bf30 .extend/s 17, L_0x5a9fc017b8f0;
L_0x5a9fc017bfd0 .extend/s 17, L_0x5a9fc017bb70;
L_0x5a9fc017c070 .arith/sum 17, L_0x5a9fc017bf30, L_0x5a9fc017bfd0;
L_0x5a9fc017c1f0 .extend/s 17, L_0x5a9fc017b760;
L_0x5a9fc017c320 .extend/s 17, L_0x5a9fc017ba80;
L_0x5a9fc017c4a0 .arith/sub 17, L_0x5a9fc017c1f0, L_0x5a9fc017c320;
L_0x5a9fc017c540 .extend/s 17, L_0x5a9fc017b8f0;
L_0x5a9fc017c6d0 .extend/s 17, L_0x5a9fc017bb70;
L_0x5a9fc017c800 .arith/sub 17, L_0x5a9fc017c540, L_0x5a9fc017c6d0;
L_0x5a9fc017c910 .part L_0x5a9fc017bdf0, 0, 16;
L_0x5a9fc017ca00 .part L_0x5a9fc017c070, 0, 16;
L_0x5a9fc017cbc0 .part L_0x5a9fc017c4a0, 0, 16;
L_0x5a9fc017cd00 .part L_0x5a9fc017c800, 0, 16;
S_0x5a9fc010a720 .scope module, "BF2" "Butterfly" 5 175, 6 4 0, S_0x5a9fc011f0b0;
 .timescale 0 0;
    .port_info 0 /INPUT 16 "x0_re";
    .port_info 1 /INPUT 16 "x0_im";
    .port_info 2 /INPUT 16 "x1_re";
    .port_info 3 /INPUT 16 "x1_im";
    .port_info 4 /OUTPUT 16 "y0_re";
    .port_info 5 /OUTPUT 16 "y0_im";
    .port_info 6 /OUTPUT 16 "y1_re";
    .port_info 7 /OUTPUT 16 "y1_im";
P_0x5a9fc0163310 .param/l "RH" 0 6 6, +C4<00000000000000000000000000000001>;
P_0x5a9fc0163350 .param/l "WIDTH" 0 6 5, +C4<00000000000000000000000000010000>;
v0x5a9fc00cefb0_0 .net/s *"_ivl_0", 16 0, L_0x5a9fc017e670;  1 drivers
v0x5a9fc00cf090_0 .net/s *"_ivl_12", 16 0, L_0x5a9fc017ebb0;  1 drivers
v0x5a9fc00ceab0_0 .net/s *"_ivl_14", 16 0, L_0x5a9fc017ece0;  1 drivers
v0x5a9fc00ce570_0 .net/s *"_ivl_18", 16 0, L_0x5a9fc017ef00;  1 drivers
v0x5a9fc00ce650_0 .net/s *"_ivl_2", 16 0, L_0x5a9fc017e710;  1 drivers
v0x5a9fc00ce090_0 .net/s *"_ivl_20", 16 0, L_0x5a9fc017f090;  1 drivers
v0x5a9fc00cdb30_0 .net/s *"_ivl_6", 16 0, L_0x5a9fc017e8f0;  1 drivers
v0x5a9fc00cdc10_0 .net/s *"_ivl_8", 16 0, L_0x5a9fc017e990;  1 drivers
v0x5a9fc00cd610_0 .net/s "add_im", 16 0, L_0x5a9fc017ea30;  1 drivers
v0x5a9fc00cd6d0_0 .net/s "add_re", 16 0, L_0x5a9fc017e7b0;  1 drivers
v0x5a9fc00cd110_0 .net/s "sub_im", 16 0, L_0x5a9fc017f1c0;  1 drivers
v0x5a9fc00ccbd0_0 .net/s "sub_re", 16 0, L_0x5a9fc017ee60;  1 drivers
v0x5a9fc00cccb0_0 .net/s "x0_im", 15 0, L_0x5a9fc017e190;  alias, 1 drivers
v0x5a9fc00cc6b0_0 .net/s "x0_re", 15 0, L_0x5a9fc017e000;  alias, 1 drivers
v0x5a9fc00cc790_0 .net/s "x1_im", 15 0, L_0x5a9fc017e4c0;  alias, 1 drivers
v0x5a9fc00e0470_0 .net/s "x1_re", 15 0, L_0x5a9fc017df60;  alias, 1 drivers
v0x5a9fc00e0550_0 .net/s "y0_im", 15 0, L_0x5a9fc017f3c0;  alias, 1 drivers
v0x5a9fc00dfa30_0 .net/s "y0_re", 15 0, L_0x5a9fc017f2d0;  alias, 1 drivers
v0x5a9fc00dfb10_0 .net/s "y1_im", 15 0, L_0x5a9fc017f6c0;  alias, 1 drivers
v0x5a9fc00df530_0 .net/s "y1_re", 15 0, L_0x5a9fc017f580;  alias, 1 drivers
L_0x5a9fc017e670 .extend/s 17, L_0x5a9fc017e000;
L_0x5a9fc017e710 .extend/s 17, L_0x5a9fc017df60;
L_0x5a9fc017e7b0 .arith/sum 17, L_0x5a9fc017e670, L_0x5a9fc017e710;
L_0x5a9fc017e8f0 .extend/s 17, L_0x5a9fc017e190;
L_0x5a9fc017e990 .extend/s 17, L_0x5a9fc017e4c0;
L_0x5a9fc017ea30 .arith/sum 17, L_0x5a9fc017e8f0, L_0x5a9fc017e990;
L_0x5a9fc017ebb0 .extend/s 17, L_0x5a9fc017e000;
L_0x5a9fc017ece0 .extend/s 17, L_0x5a9fc017df60;
L_0x5a9fc017ee60 .arith/sub 17, L_0x5a9fc017ebb0, L_0x5a9fc017ece0;
L_0x5a9fc017ef00 .extend/s 17, L_0x5a9fc017e190;
L_0x5a9fc017f090 .extend/s 17, L_0x5a9fc017e4c0;
L_0x5a9fc017f1c0 .arith/sub 17, L_0x5a9fc017ef00, L_0x5a9fc017f090;
L_0x5a9fc017f2d0 .part L_0x5a9fc017e7b0, 0, 16;
L_0x5a9fc017f3c0 .part L_0x5a9fc017ea30, 0, 16;
L_0x5a9fc017f580 .part L_0x5a9fc017ee60, 0, 16;
L_0x5a9fc017f6c0 .part L_0x5a9fc017f1c0, 0, 16;
S_0x5a9fc00fc3e0 .scope module, "DB1" "DelayBuffer" 5 129, 7 4 0, S_0x5a9fc011f0b0;
 .timescale 0 0;
    .port_info 0 /INPUT 1 "clock";
    .port_info 1 /INPUT 16 "di_re";
    .port_info 2 /INPUT 16 "di_im";
    .port_info 3 /OUTPUT 16 "do_re";
    .port_info 4 /OUTPUT 16 "do_im";
P_0x5a9fc0163230 .param/l "DEPTH" 0 7 5, +C4<00000000000000000000000000100000>;
P_0x5a9fc0163270 .param/l "WIDTH" 0 7 6, +C4<00000000000000000000000000010000>;
v0x5a9fc00deaf0 .array "buf_im", 31 0, 15 0;
v0x5a9fc00dd670 .array "buf_re", 31 0, 15 0;
v0x5a9fc00dc1d0_0 .net "clock", 0 0, o0x7b5963e99728;  alias, 0 drivers
v0x5a9fc00dc2a0_0 .net "di_im", 15 0, L_0x5a9fc017d090;  alias, 1 drivers
v0x5a9fc00dbcf0_0 .net "di_re", 15 0, L_0x5a9fc017ced0;  alias, 1 drivers
v0x5a9fc00db790_0 .net "do_im", 15 0, v0x5a9fc00deaf0_31;  alias, 1 drivers
v0x5a9fc00db870_0 .net "do_re", 15 0, v0x5a9fc00dd670_31;  alias, 1 drivers
v0x5a9fc00db2b0_0 .var/i "n", 31 0;
E_0x5a9fbff9a350 .event posedge, v0x5a9fc00dc1d0_0;
S_0x5a9fc00fc820 .scope module, "DB2" "DelayBuffer" 5 186, 7 4 0, S_0x5a9fc011f0b0;
 .timescale 0 0;
    .port_info 0 /INPUT 1 "clock";
    .port_info 1 /INPUT 16 "di_re";
    .port_info 2 /INPUT 16 "di_im";
    .port_info 3 /OUTPUT 16 "do_re";
    .port_info 4 /OUTPUT 16 "do_im";
P_0x5a9fc015e8f0 .param/l "DEPTH" 0 7 5, +C4<00000000000000000000000000010000>;
P_0x5a9fc015e930 .param/l "WIDTH" 0 7 6, +C4<00000000000000000000000000010000>;
v0x5a9fc00da8e0 .array "buf_im", 15 0, 15 0;
v0x5a9fc00d9e70 .array "buf_re", 15 0, 15 0;
v0x5a9fc00d93f0_0 .net "clock", 0 0, o0x7b5963e99728;  alias, 0 drivers
v0x5a9fc00d8e90_0 .net "di_im", 15 0, L_0x5a9fc017f9d0;  alias, 1 drivers
v0x5a9fc00d8f30_0 .net "di_re", 15 0, L_0x5a9fc017f890;  alias, 1 drivers
v0x5a9fc00d8a00_0 .net "do_im", 15 0, v0x5a9fc00da8e0_15;  alias, 1 drivers
v0x5a9fc00d8450_0 .net "do_re", 15 0, v0x5a9fc00d9e70_15;  alias, 1 drivers
v0x5a9fc00d8530_0 .var/i "n", 31 0;
S_0x5a9fc00cb310 .scope module, "MU" "Multiply" 5 250, 8 4 0, S_0x5a9fc011f0b0;
 .timescale -9 -12;
    .port_info 0 /INPUT 16 "a_re";
    .port_info 1 /INPUT 16 "a_im";
    .port_info 2 /INPUT 16 "b_re";
    .port_info 3 /INPUT 16 "b_im";
    .port_info 4 /OUTPUT 16 "m_re";
    .port_info 5 /OUTPUT 16 "m_im";
P_0x5a9fc00d8030 .param/l "WIDTH" 0 8 5, +C4<00000000000000000000000000010000>;
v0x5a9fc00d74f0_0 .net/s *"_ivl_0", 31 0, L_0x5a9fc007a730;  1 drivers
v0x5a9fc00d6fd0_0 .net/s *"_ivl_12", 31 0, L_0x5a9fc0183200;  1 drivers
v0x5a9fc00d70b0_0 .net/s *"_ivl_14", 31 0, L_0x5a9fc01832a0;  1 drivers
v0x5a9fc00d6ab0_0 .net/s *"_ivl_18", 31 0, L_0x5a9fc01834d0;  1 drivers
v0x5a9fc00d6b90_0 .net/s *"_ivl_2", 31 0, L_0x5a9fc0182c40;  1 drivers
v0x5a9fc00d6590_0 .net/s *"_ivl_20", 31 0, L_0x5a9fc0183660;  1 drivers
v0x5a9fc00d6670_0 .net *"_ivl_24", 31 0, L_0x5a9fc0183900;  1 drivers
v0x5a9fc00d6070_0 .net *"_ivl_26", 16 0, L_0x5a9fc0183810;  1 drivers
v0x5a9fc00d6150_0 .net *"_ivl_30", 31 0, L_0x5a9fc0183ce0;  1 drivers
v0x5a9fc00d5b70_0 .net *"_ivl_32", 16 0, L_0x5a9fc0183b60;  1 drivers
v0x5a9fc00d5630_0 .net *"_ivl_36", 31 0, L_0x5a9fc0184050;  1 drivers
v0x5a9fc00d5710_0 .net *"_ivl_38", 16 0, L_0x5a9fc0183f60;  1 drivers
v0x5a9fc00d5110_0 .net *"_ivl_42", 31 0, L_0x5a9fc01843f0;  1 drivers
v0x5a9fc00d51f0_0 .net *"_ivl_44", 16 0, L_0x5a9fc0184240;  1 drivers
v0x5a9fc00d4bf0_0 .net/s *"_ivl_6", 31 0, L_0x5a9fc0182e60;  1 drivers
v0x5a9fc00d4cd0_0 .net/s *"_ivl_8", 31 0, L_0x5a9fc0182fc0;  1 drivers
v0x5a9fc00728e0_0 .net/s "a_im", 15 0, L_0x5a9fc0180b50;  alias, 1 drivers
v0x5a9fc0072980_0 .net/s "a_re", 15 0, L_0x5a9fc007a200;  alias, 1 drivers
v0x5a9fc0066b50_0 .net/s "aibi", 31 0, L_0x5a9fc0183700;  1 drivers
v0x5a9fc007f890_0 .net/s "aibr", 31 0, L_0x5a9fc0183390;  1 drivers
v0x5a9fc007f970_0 .net/s "arbi", 31 0, L_0x5a9fc01830f0;  1 drivers
v0x5a9fc007f370_0 .net/s "arbr", 31 0, L_0x5a9fc0182d70;  1 drivers
v0x5a9fc007f450_0 .net/s "b_im", 15 0, v0x5a9fc007bb60_0;  alias, 1 drivers
v0x5a9fc007ee50_0 .net/s "b_re", 15 0, v0x5a9fc007b5f0_0;  alias, 1 drivers
v0x5a9fc007ef30_0 .net/s "m_im", 15 0, L_0x5a9fc0184830;  alias, 1 drivers
v0x5a9fc007e970_0 .net/s "m_re", 15 0, L_0x5a9fc01846a0;  alias, 1 drivers
v0x5a9fc007e410_0 .net/s "sc_aibi", 15 0, L_0x5a9fc01844e0;  1 drivers
v0x5a9fc007e4f0_0 .net/s "sc_aibr", 15 0, L_0x5a9fc0183ec0;  1 drivers
v0x5a9fc007def0_0 .net/s "sc_arbi", 15 0, L_0x5a9fc0183dd0;  1 drivers
v0x5a9fc007dfb0_0 .net/s "sc_arbr", 15 0, L_0x5a9fc0183a70;  1 drivers
L_0x5a9fc007a730 .extend/s 32, L_0x5a9fc007a200;
L_0x5a9fc0182c40 .extend/s 32, v0x5a9fc007b5f0_0;
L_0x5a9fc0182d70 .arith/mult 32, L_0x5a9fc007a730, L_0x5a9fc0182c40;
L_0x5a9fc0182e60 .extend/s 32, L_0x5a9fc007a200;
L_0x5a9fc0182fc0 .extend/s 32, v0x5a9fc007bb60_0;
L_0x5a9fc01830f0 .arith/mult 32, L_0x5a9fc0182e60, L_0x5a9fc0182fc0;
L_0x5a9fc0183200 .extend/s 32, L_0x5a9fc0180b50;
L_0x5a9fc01832a0 .extend/s 32, v0x5a9fc007b5f0_0;
L_0x5a9fc0183390 .arith/mult 32, L_0x5a9fc0183200, L_0x5a9fc01832a0;
L_0x5a9fc01834d0 .extend/s 32, L_0x5a9fc0180b50;
L_0x5a9fc0183660 .extend/s 32, v0x5a9fc007bb60_0;
L_0x5a9fc0183700 .arith/mult 32, L_0x5a9fc01834d0, L_0x5a9fc0183660;
L_0x5a9fc0183810 .part L_0x5a9fc0182d70, 15, 17;
L_0x5a9fc0183900 .extend/s 32, L_0x5a9fc0183810;
L_0x5a9fc0183a70 .part L_0x5a9fc0183900, 0, 16;
L_0x5a9fc0183b60 .part L_0x5a9fc01830f0, 15, 17;
L_0x5a9fc0183ce0 .extend/s 32, L_0x5a9fc0183b60;
L_0x5a9fc0183dd0 .part L_0x5a9fc0183ce0, 0, 16;
L_0x5a9fc0183f60 .part L_0x5a9fc0183390, 15, 17;
L_0x5a9fc0184050 .extend/s 32, L_0x5a9fc0183f60;
L_0x5a9fc0183ec0 .part L_0x5a9fc0184050, 0, 16;
L_0x5a9fc0184240 .part L_0x5a9fc0183700, 15, 17;
L_0x5a9fc01843f0 .extend/s 32, L_0x5a9fc0184240;
L_0x5a9fc01844e0 .part L_0x5a9fc01843f0, 0, 16;
L_0x5a9fc01846a0 .arith/sub 16, L_0x5a9fc0183a70, L_0x5a9fc01844e0;
L_0x5a9fc0184830 .arith/sum 16, L_0x5a9fc0183dd0, L_0x5a9fc0183ec0;
S_0x5a9fc00ca5b0 .scope module, "TW" "Twiddle" 5 235, 9 4 0, S_0x5a9fc011f0b0;
 .timescale -9 -12;
    .port_info 0 /INPUT 1 "clock";
    .port_info 1 /INPUT 6 "addr";
    .port_info 2 /OUTPUT 16 "tw_re";
    .port_info 3 /OUTPUT 16 "tw_im";
P_0x5a9fc007dab0 .param/l "TW_FF" 0 9 5, +C4<00000000000000000000000000000001>;
L_0x5a9fc00ad5f0 .functor BUFZ 16, L_0x5a9fc0180e20, C4<0000000000000000>, C4<0000000000000000>, C4<0000000000000000>;
L_0x5a9fc00a03b0 .functor BUFZ 16, L_0x5a9fc0181050, C4<0000000000000000>, C4<0000000000000000>, C4<0000000000000000>;
v0x5a9fc007d4e0_0 .net *"_ivl_0", 15 0, L_0x5a9fc0180e20;  1 drivers
v0x5a9fc007cf90_0 .net *"_ivl_10", 7 0, L_0x5a9fc01810f0;  1 drivers
L_0x7b5963e4f570 .functor BUFT 1, C4<00>, C4<0>, C4<0>, C4<0>;
v0x5a9fc007d070_0 .net *"_ivl_13", 1 0, L_0x7b5963e4f570;  1 drivers
v0x5a9fc007ca70_0 .net *"_ivl_2", 7 0, L_0x5a9fc0180ec0;  1 drivers
L_0x7b5963e4f528 .functor BUFT 1, C4<00>, C4<0>, C4<0>, C4<0>;
v0x5a9fc007cb50_0 .net *"_ivl_5", 1 0, L_0x7b5963e4f528;  1 drivers
v0x5a9fc007c5e0_0 .net *"_ivl_8", 15 0, L_0x5a9fc0181050;  1 drivers
v0x5a9fc007c030_0 .net "addr", 5 0, L_0x5a9fc0180c90;  alias, 1 drivers
v0x5a9fc007c110_0 .net "clock", 0 0, o0x7b5963e99728;  alias, 0 drivers
v0x5a9fc007bb60_0 .var "ff_im", 15 0;
v0x5a9fc007b5f0_0 .var "ff_re", 15 0;
v0x5a9fc007b6d0_0 .net "mx_im", 15 0, L_0x5a9fc00a03b0;  1 drivers
v0x5a9fc007b0d0_0 .net "mx_re", 15 0, L_0x5a9fc00ad5f0;  1 drivers
v0x5a9fc007b1b0_0 .net "tw_im", 15 0, v0x5a9fc007bb60_0;  alias, 1 drivers
v0x5a9fc007abd0_0 .net "tw_re", 15 0, v0x5a9fc007b5f0_0;  alias, 1 drivers
L_0x7b5963e4f600 .functor BUFT 1, C4<0000000000000000>, C4<0>, C4<0>, C4<0>;
v0x5a9fc007ac70 .array "wn_im", 63 0;
v0x5a9fc007ac70_0 .net v0x5a9fc007ac70 0, 15 0, L_0x7b5963e4f600; 1 drivers
L_0x7b5963e4f690 .functor BUFT 1, C4<1111001101110100>, C4<0>, C4<0>, C4<0>;
v0x5a9fc007ac70_1 .net v0x5a9fc007ac70 1, 15 0, L_0x7b5963e4f690; 1 drivers
L_0x7b5963e4f720 .functor BUFT 1, C4<1110011100000111>, C4<0>, C4<0>, C4<0>;
v0x5a9fc007ac70_2 .net v0x5a9fc007ac70 2, 15 0, L_0x7b5963e4f720; 1 drivers
L_0x7b5963e4f7b0 .functor BUFT 1, C4<1101101011011000>, C4<0>, C4<0>, C4<0>;
v0x5a9fc007ac70_3 .net v0x5a9fc007ac70 3, 15 0, L_0x7b5963e4f7b0; 1 drivers
L_0x7b5963e4f840 .functor BUFT 1, C4<1100111100000100>, C4<0>, C4<0>, C4<0>;
v0x5a9fc007ac70_4 .net v0x5a9fc007ac70 4, 15 0, L_0x7b5963e4f840; 1 drivers
L_0x7b5963e4f8d0 .functor BUFT 1, C4<1100001110101001>, C4<0>, C4<0>, C4<0>;
v0x5a9fc007ac70_5 .net v0x5a9fc007ac70 5, 15 0, L_0x7b5963e4f8d0; 1 drivers
L_0x7b5963e4f960 .functor BUFT 1, C4<1011100011100011>, C4<0>, C4<0>, C4<0>;
v0x5a9fc007ac70_6 .net v0x5a9fc007ac70 6, 15 0, L_0x7b5963e4f960; 1 drivers
L_0x7b5963e4f9f0 .functor BUFT 1, C4<1010111011001100>, C4<0>, C4<0>, C4<0>;
v0x5a9fc007ac70_7 .net v0x5a9fc007ac70 7, 15 0, L_0x7b5963e4f9f0; 1 drivers
L_0x7b5963e4fa80 .functor BUFT 1, C4<1010010101111110>, C4<0>, C4<0>, C4<0>;
v0x5a9fc007ac70_8 .net v0x5a9fc007ac70 8, 15 0, L_0x7b5963e4fa80; 1 drivers
L_0x7b5963e4fb10 .functor BUFT 1, C4<1001110100001110>, C4<0>, C4<0>, C4<0>;
v0x5a9fc007ac70_9 .net v0x5a9fc007ac70 9, 15 0, L_0x7b5963e4fb10; 1 drivers
L_0x7b5963e4fba0 .functor BUFT 1, C4<1001010110010010>, C4<0>, C4<0>, C4<0>;
v0x5a9fc007ac70_10 .net v0x5a9fc007ac70 10, 15 0, L_0x7b5963e4fba0; 1 drivers
L_0x7b5963e4fc30 .functor BUFT 1, C4<1000111100011101>, C4<0>, C4<0>, C4<0>;
v0x5a9fc007ac70_11 .net v0x5a9fc007ac70 11, 15 0, L_0x7b5963e4fc30; 1 drivers
L_0x7b5963e4fcc0 .functor BUFT 1, C4<1000100110111110>, C4<0>, C4<0>, C4<0>;
v0x5a9fc007ac70_12 .net v0x5a9fc007ac70 12, 15 0, L_0x7b5963e4fcc0; 1 drivers
L_0x7b5963e4fd50 .functor BUFT 1, C4<1000010110000011>, C4<0>, C4<0>, C4<0>;
v0x5a9fc007ac70_13 .net v0x5a9fc007ac70 13, 15 0, L_0x7b5963e4fd50; 1 drivers
L_0x7b5963e4fde0 .functor BUFT 1, C4<1000001001110110>, C4<0>, C4<0>, C4<0>;
v0x5a9fc007ac70_14 .net v0x5a9fc007ac70 14, 15 0, L_0x7b5963e4fde0; 1 drivers
L_0x7b5963e4fe70 .functor BUFT 1, C4<1000000010011110>, C4<0>, C4<0>, C4<0>;
v0x5a9fc007ac70_15 .net v0x5a9fc007ac70 15, 15 0, L_0x7b5963e4fe70; 1 drivers
L_0x7b5963e4ff00 .functor BUFT 1, C4<1000000000000000>, C4<0>, C4<0>, C4<0>;
v0x5a9fc007ac70_16 .net v0x5a9fc007ac70 16, 15 0, L_0x7b5963e4ff00; 1 drivers
L_0x7b5963e4ff90 .functor BUFT 1, C4<xxxxxxxxxxxxxxxx>, C4<0>, C4<0>, C4<0>;
v0x5a9fc007ac70_17 .net v0x5a9fc007ac70 17, 15 0, L_0x7b5963e4ff90; 1 drivers
L_0x7b5963e50020 .functor BUFT 1, C4<1000001001110110>, C4<0>, C4<0>, C4<0>;
v0x5a9fc007ac70_18 .net v0x5a9fc007ac70 18, 15 0, L_0x7b5963e50020; 1 drivers
L_0x7b5963e500b0 .functor BUFT 1, C4<xxxxxxxxxxxxxxxx>, C4<0>, C4<0>, C4<0>;
v0x5a9fc007ac70_19 .net v0x5a9fc007ac70 19, 15 0, L_0x7b5963e500b0; 1 drivers
L_0x7b5963e50140 .functor BUFT 1, C4<1000100110111110>, C4<0>, C4<0>, C4<0>;
v0x5a9fc007ac70_20 .net v0x5a9fc007ac70 20, 15 0, L_0x7b5963e50140; 1 drivers
L_0x7b5963e501d0 .functor BUFT 1, C4<1000111100011101>, C4<0>, C4<0>, C4<0>;
v0x5a9fc007ac70_21 .net v0x5a9fc007ac70 21, 15 0, L_0x7b5963e501d0; 1 drivers
L_0x7b5963e50260 .functor BUFT 1, C4<1001010110010010>, C4<0>, C4<0>, C4<0>;
v0x5a9fc007ac70_22 .net v0x5a9fc007ac70 22, 15 0, L_0x7b5963e50260; 1 drivers
L_0x7b5963e502f0 .functor BUFT 1, C4<xxxxxxxxxxxxxxxx>, C4<0>, C4<0>, C4<0>;
v0x5a9fc007ac70_23 .net v0x5a9fc007ac70 23, 15 0, L_0x7b5963e502f0; 1 drivers
L_0x7b5963e50380 .functor BUFT 1, C4<1010010101111110>, C4<0>, C4<0>, C4<0>;
v0x5a9fc007ac70_24 .net v0x5a9fc007ac70 24, 15 0, L_0x7b5963e50380; 1 drivers
L_0x7b5963e50410 .functor BUFT 1, C4<xxxxxxxxxxxxxxxx>, C4<0>, C4<0>, C4<0>;
v0x5a9fc007ac70_25 .net v0x5a9fc007ac70 25, 15 0, L_0x7b5963e50410; 1 drivers
L_0x7b5963e504a0 .functor BUFT 1, C4<1011100011100011>, C4<0>, C4<0>, C4<0>;
v0x5a9fc007ac70_26 .net v0x5a9fc007ac70 26, 15 0, L_0x7b5963e504a0; 1 drivers
L_0x7b5963e50530 .functor BUFT 1, C4<1100001110101001>, C4<0>, C4<0>, C4<0>;
v0x5a9fc007ac70_27 .net v0x5a9fc007ac70 27, 15 0, L_0x7b5963e50530; 1 drivers
L_0x7b5963e505c0 .functor BUFT 1, C4<1100111100000100>, C4<0>, C4<0>, C4<0>;
v0x5a9fc007ac70_28 .net v0x5a9fc007ac70 28, 15 0, L_0x7b5963e505c0; 1 drivers
L_0x7b5963e50650 .functor BUFT 1, C4<xxxxxxxxxxxxxxxx>, C4<0>, C4<0>, C4<0>;
v0x5a9fc007ac70_29 .net v0x5a9fc007ac70 29, 15 0, L_0x7b5963e50650; 1 drivers
L_0x7b5963e506e0 .functor BUFT 1, C4<1110011100000111>, C4<0>, C4<0>, C4<0>;
v0x5a9fc007ac70_30 .net v0x5a9fc007ac70 30, 15 0, L_0x7b5963e506e0; 1 drivers
L_0x7b5963e50770 .functor BUFT 1, C4<xxxxxxxxxxxxxxxx>, C4<0>, C4<0>, C4<0>;
v0x5a9fc007ac70_31 .net v0x5a9fc007ac70 31, 15 0, L_0x7b5963e50770; 1 drivers
L_0x7b5963e50800 .functor BUFT 1, C4<xxxxxxxxxxxxxxxx>, C4<0>, C4<0>, C4<0>;
v0x5a9fc007ac70_32 .net v0x5a9fc007ac70 32, 15 0, L_0x7b5963e50800; 1 drivers
L_0x7b5963e50890 .functor BUFT 1, C4<0000110010001100>, C4<0>, C4<0>, C4<0>;
v0x5a9fc007ac70_33 .net v0x5a9fc007ac70 33, 15 0, L_0x7b5963e50890; 1 drivers
L_0x7b5963e50920 .functor BUFT 1, C4<xxxxxxxxxxxxxxxx>, C4<0>, C4<0>, C4<0>;
v0x5a9fc007ac70_34 .net v0x5a9fc007ac70 34, 15 0, L_0x7b5963e50920; 1 drivers
L_0x7b5963e509b0 .functor BUFT 1, C4<xxxxxxxxxxxxxxxx>, C4<0>, C4<0>, C4<0>;
v0x5a9fc007ac70_35 .net v0x5a9fc007ac70 35, 15 0, L_0x7b5963e509b0; 1 drivers
L_0x7b5963e50a40 .functor BUFT 1, C4<0011000011111100>, C4<0>, C4<0>, C4<0>;
v0x5a9fc007ac70_36 .net v0x5a9fc007ac70 36, 15 0, L_0x7b5963e50a40; 1 drivers
L_0x7b5963e50ad0 .functor BUFT 1, C4<xxxxxxxxxxxxxxxx>, C4<0>, C4<0>, C4<0>;
v0x5a9fc007ac70_37 .net v0x5a9fc007ac70 37, 15 0, L_0x7b5963e50ad0; 1 drivers
L_0x7b5963e50b60 .functor BUFT 1, C4<xxxxxxxxxxxxxxxx>, C4<0>, C4<0>, C4<0>;
v0x5a9fc007ac70_38 .net v0x5a9fc007ac70 38, 15 0, L_0x7b5963e50b60; 1 drivers
L_0x7b5963e50bf0 .functor BUFT 1, C4<0101000100110100>, C4<0>, C4<0>, C4<0>;
v0x5a9fc007ac70_39 .net v0x5a9fc007ac70 39, 15 0, L_0x7b5963e50bf0; 1 drivers
L_0x7b5963e50c80 .functor BUFT 1, C4<xxxxxxxxxxxxxxxx>, C4<0>, C4<0>, C4<0>;
v0x5a9fc007ac70_40 .net v0x5a9fc007ac70 40, 15 0, L_0x7b5963e50c80; 1 drivers
L_0x7b5963e50d10 .functor BUFT 1, C4<xxxxxxxxxxxxxxxx>, C4<0>, C4<0>, C4<0>;
v0x5a9fc007ac70_41 .net v0x5a9fc007ac70 41, 15 0, L_0x7b5963e50d10; 1 drivers
L_0x7b5963e50da0 .functor BUFT 1, C4<0110101001101110>, C4<0>, C4<0>, C4<0>;
v0x5a9fc007ac70_42 .net v0x5a9fc007ac70 42, 15 0, L_0x7b5963e50da0; 1 drivers
L_0x7b5963e50e30 .functor BUFT 1, C4<xxxxxxxxxxxxxxxx>, C4<0>, C4<0>, C4<0>;
v0x5a9fc007ac70_43 .net v0x5a9fc007ac70 43, 15 0, L_0x7b5963e50e30; 1 drivers
L_0x7b5963e50ec0 .functor BUFT 1, C4<xxxxxxxxxxxxxxxx>, C4<0>, C4<0>, C4<0>;
v0x5a9fc007ac70_44 .net v0x5a9fc007ac70 44, 15 0, L_0x7b5963e50ec0; 1 drivers
L_0x7b5963e50f50 .functor BUFT 1, C4<0111101001111101>, C4<0>, C4<0>, C4<0>;
v0x5a9fc007ac70_45 .net v0x5a9fc007ac70 45, 15 0, L_0x7b5963e50f50; 1 drivers
L_0x7b5963e50fe0 .functor BUFT 1, C4<xxxxxxxxxxxxxxxx>, C4<0>, C4<0>, C4<0>;
v0x5a9fc007ac70_46 .net v0x5a9fc007ac70 46, 15 0, L_0x7b5963e50fe0; 1 drivers
L_0x7b5963e51070 .functor BUFT 1, C4<xxxxxxxxxxxxxxxx>, C4<0>, C4<0>, C4<0>;
v0x5a9fc007ac70_47 .net v0x5a9fc007ac70 47, 15 0, L_0x7b5963e51070; 1 drivers
L_0x7b5963e51100 .functor BUFT 1, C4<xxxxxxxxxxxxxxxx>, C4<0>, C4<0>, C4<0>;
v0x5a9fc007ac70_48 .net v0x5a9fc007ac70 48, 15 0, L_0x7b5963e51100; 1 drivers
L_0x7b5963e51190 .functor BUFT 1, C4<xxxxxxxxxxxxxxxx>, C4<0>, C4<0>, C4<0>;
v0x5a9fc007ac70_49 .net v0x5a9fc007ac70 49, 15 0, L_0x7b5963e51190; 1 drivers
L_0x7b5963e51220 .functor BUFT 1, C4<xxxxxxxxxxxxxxxx>, C4<0>, C4<0>, C4<0>;
v0x5a9fc007ac70_50 .net v0x5a9fc007ac70 50, 15 0, L_0x7b5963e51220; 1 drivers
L_0x7b5963e512b0 .functor BUFT 1, C4<xxxxxxxxxxxxxxxx>, C4<0>, C4<0>, C4<0>;
v0x5a9fc007ac70_51 .net v0x5a9fc007ac70 51, 15 0, L_0x7b5963e512b0; 1 drivers
L_0x7b5963e51340 .functor BUFT 1, C4<xxxxxxxxxxxxxxxx>, C4<0>, C4<0>, C4<0>;
v0x5a9fc007ac70_52 .net v0x5a9fc007ac70 52, 15 0, L_0x7b5963e51340; 1 drivers
L_0x7b5963e513d0 .functor BUFT 1, C4<xxxxxxxxxxxxxxxx>, C4<0>, C4<0>, C4<0>;
v0x5a9fc007ac70_53 .net v0x5a9fc007ac70 53, 15 0, L_0x7b5963e513d0; 1 drivers
L_0x7b5963e51460 .functor BUFT 1, C4<xxxxxxxxxxxxxxxx>, C4<0>, C4<0>, C4<0>;
v0x5a9fc007ac70_54 .net v0x5a9fc007ac70 54, 15 0, L_0x7b5963e51460; 1 drivers
L_0x7b5963e514f0 .functor BUFT 1, C4<xxxxxxxxxxxxxxxx>, C4<0>, C4<0>, C4<0>;
v0x5a9fc007ac70_55 .net v0x5a9fc007ac70 55, 15 0, L_0x7b5963e514f0; 1 drivers
L_0x7b5963e51580 .functor BUFT 1, C4<xxxxxxxxxxxxxxxx>, C4<0>, C4<0>, C4<0>;
v0x5a9fc007ac70_56 .net v0x5a9fc007ac70 56, 15 0, L_0x7b5963e51580; 1 drivers
L_0x7b5963e51610 .functor BUFT 1, C4<xxxxxxxxxxxxxxxx>, C4<0>, C4<0>, C4<0>;
v0x5a9fc007ac70_57 .net v0x5a9fc007ac70 57, 15 0, L_0x7b5963e51610; 1 drivers
L_0x7b5963e516a0 .functor BUFT 1, C4<xxxxxxxxxxxxxxxx>, C4<0>, C4<0>, C4<0>;
v0x5a9fc007ac70_58 .net v0x5a9fc007ac70 58, 15 0, L_0x7b5963e516a0; 1 drivers
L_0x7b5963e51730 .functor BUFT 1, C4<xxxxxxxxxxxxxxxx>, C4<0>, C4<0>, C4<0>;
v0x5a9fc007ac70_59 .net v0x5a9fc007ac70 59, 15 0, L_0x7b5963e51730; 1 drivers
L_0x7b5963e517c0 .functor BUFT 1, C4<xxxxxxxxxxxxxxxx>, C4<0>, C4<0>, C4<0>;
v0x5a9fc007ac70_60 .net v0x5a9fc007ac70 60, 15 0, L_0x7b5963e517c0; 1 drivers
L_0x7b5963e51850 .functor BUFT 1, C4<xxxxxxxxxxxxxxxx>, C4<0>, C4<0>, C4<0>;
v0x5a9fc007ac70_61 .net v0x5a9fc007ac70 61, 15 0, L_0x7b5963e51850; 1 drivers
L_0x7b5963e518e0 .functor BUFT 1, C4<xxxxxxxxxxxxxxxx>, C4<0>, C4<0>, C4<0>;
v0x5a9fc007ac70_62 .net v0x5a9fc007ac70 62, 15 0, L_0x7b5963e518e0; 1 drivers
L_0x7b5963e51970 .functor BUFT 1, C4<xxxxxxxxxxxxxxxx>, C4<0>, C4<0>, C4<0>;
v0x5a9fc007ac70_63 .net v0x5a9fc007ac70 63, 15 0, L_0x7b5963e51970; 1 drivers
L_0x7b5963e4f5b8 .functor BUFT 1, C4<0000000000000000>, C4<0>, C4<0>, C4<0>;
v0x5a9fc00797f0 .array "wn_re", 63 0;
v0x5a9fc00797f0_0 .net v0x5a9fc00797f0 0, 15 0, L_0x7b5963e4f5b8; 1 drivers
L_0x7b5963e4f648 .functor BUFT 1, C4<0111111101100010>, C4<0>, C4<0>, C4<0>;
v0x5a9fc00797f0_1 .net v0x5a9fc00797f0 1, 15 0, L_0x7b5963e4f648; 1 drivers
L_0x7b5963e4f6d8 .functor BUFT 1, C4<0111110110001010>, C4<0>, C4<0>, C4<0>;
v0x5a9fc00797f0_2 .net v0x5a9fc00797f0 2, 15 0, L_0x7b5963e4f6d8; 1 drivers
L_0x7b5963e4f768 .functor BUFT 1, C4<0111101001111101>, C4<0>, C4<0>, C4<0>;
v0x5a9fc00797f0_3 .net v0x5a9fc00797f0 3, 15 0, L_0x7b5963e4f768; 1 drivers
L_0x7b5963e4f7f8 .functor BUFT 1, C4<0111011001000010>, C4<0>, C4<0>, C4<0>;
v0x5a9fc00797f0_4 .net v0x5a9fc00797f0 4, 15 0, L_0x7b5963e4f7f8; 1 drivers
L_0x7b5963e4f888 .functor BUFT 1, C4<0111000011100011>, C4<0>, C4<0>, C4<0>;
v0x5a9fc00797f0_5 .net v0x5a9fc00797f0 5, 15 0, L_0x7b5963e4f888; 1 drivers
L_0x7b5963e4f918 .functor BUFT 1, C4<0110101001101110>, C4<0>, C4<0>, C4<0>;
v0x5a9fc00797f0_6 .net v0x5a9fc00797f0 6, 15 0, L_0x7b5963e4f918; 1 drivers
L_0x7b5963e4f9a8 .functor BUFT 1, C4<0110001011110010>, C4<0>, C4<0>, C4<0>;
v0x5a9fc00797f0_7 .net v0x5a9fc00797f0 7, 15 0, L_0x7b5963e4f9a8; 1 drivers
L_0x7b5963e4fa38 .functor BUFT 1, C4<0101101010000010>, C4<0>, C4<0>, C4<0>;
v0x5a9fc00797f0_8 .net v0x5a9fc00797f0 8, 15 0, L_0x7b5963e4fa38; 1 drivers
L_0x7b5963e4fac8 .functor BUFT 1, C4<0101000100110100>, C4<0>, C4<0>, C4<0>;
v0x5a9fc00797f0_9 .net v0x5a9fc00797f0 9, 15 0, L_0x7b5963e4fac8; 1 drivers
L_0x7b5963e4fb58 .functor BUFT 1, C4<0100011100011101>, C4<0>, C4<0>, C4<0>;
v0x5a9fc00797f0_10 .net v0x5a9fc00797f0 10, 15 0, L_0x7b5963e4fb58; 1 drivers
L_0x7b5963e4fbe8 .functor BUFT 1, C4<0011110001010111>, C4<0>, C4<0>, C4<0>;
v0x5a9fc00797f0_11 .net v0x5a9fc00797f0 11, 15 0, L_0x7b5963e4fbe8; 1 drivers
L_0x7b5963e4fc78 .functor BUFT 1, C4<0011000011111100>, C4<0>, C4<0>, C4<0>;
v0x5a9fc00797f0_12 .net v0x5a9fc00797f0 12, 15 0, L_0x7b5963e4fc78; 1 drivers
L_0x7b5963e4fd08 .functor BUFT 1, C4<0010010100101000>, C4<0>, C4<0>, C4<0>;
v0x5a9fc00797f0_13 .net v0x5a9fc00797f0 13, 15 0, L_0x7b5963e4fd08; 1 drivers
L_0x7b5963e4fd98 .functor BUFT 1, C4<0001100011111001>, C4<0>, C4<0>, C4<0>;
v0x5a9fc00797f0_14 .net v0x5a9fc00797f0 14, 15 0, L_0x7b5963e4fd98; 1 drivers
L_0x7b5963e4fe28 .functor BUFT 1, C4<0000110010001100>, C4<0>, C4<0>, C4<0>;
v0x5a9fc00797f0_15 .net v0x5a9fc00797f0 15, 15 0, L_0x7b5963e4fe28; 1 drivers
L_0x7b5963e4feb8 .functor BUFT 1, C4<0000000000000000>, C4<0>, C4<0>, C4<0>;
v0x5a9fc00797f0_16 .net v0x5a9fc00797f0 16, 15 0, L_0x7b5963e4feb8; 1 drivers
L_0x7b5963e4ff48 .functor BUFT 1, C4<xxxxxxxxxxxxxxxx>, C4<0>, C4<0>, C4<0>;
v0x5a9fc00797f0_17 .net v0x5a9fc00797f0 17, 15 0, L_0x7b5963e4ff48; 1 drivers
L_0x7b5963e4ffd8 .functor BUFT 1, C4<1110011100000111>, C4<0>, C4<0>, C4<0>;
v0x5a9fc00797f0_18 .net v0x5a9fc00797f0 18, 15 0, L_0x7b5963e4ffd8; 1 drivers
L_0x7b5963e50068 .functor BUFT 1, C4<xxxxxxxxxxxxxxxx>, C4<0>, C4<0>, C4<0>;
v0x5a9fc00797f0_19 .net v0x5a9fc00797f0 19, 15 0, L_0x7b5963e50068; 1 drivers
L_0x7b5963e500f8 .functor BUFT 1, C4<1100111100000100>, C4<0>, C4<0>, C4<0>;
v0x5a9fc00797f0_20 .net v0x5a9fc00797f0 20, 15 0, L_0x7b5963e500f8; 1 drivers
L_0x7b5963e50188 .functor BUFT 1, C4<1100001110101001>, C4<0>, C4<0>, C4<0>;
v0x5a9fc00797f0_21 .net v0x5a9fc00797f0 21, 15 0, L_0x7b5963e50188; 1 drivers
L_0x7b5963e50218 .functor BUFT 1, C4<1011100011100011>, C4<0>, C4<0>, C4<0>;
v0x5a9fc00797f0_22 .net v0x5a9fc00797f0 22, 15 0, L_0x7b5963e50218; 1 drivers
L_0x7b5963e502a8 .functor BUFT 1, C4<xxxxxxxxxxxxxxxx>, C4<0>, C4<0>, C4<0>;
v0x5a9fc00797f0_23 .net v0x5a9fc00797f0 23, 15 0, L_0x7b5963e502a8; 1 drivers
L_0x7b5963e50338 .functor BUFT 1, C4<1010010101111110>, C4<0>, C4<0>, C4<0>;
v0x5a9fc00797f0_24 .net v0x5a9fc00797f0 24, 15 0, L_0x7b5963e50338; 1 drivers
L_0x7b5963e503c8 .functor BUFT 1, C4<xxxxxxxxxxxxxxxx>, C4<0>, C4<0>, C4<0>;
v0x5a9fc00797f0_25 .net v0x5a9fc00797f0 25, 15 0, L_0x7b5963e503c8; 1 drivers
L_0x7b5963e50458 .functor BUFT 1, C4<1001010110010010>, C4<0>, C4<0>, C4<0>;
v0x5a9fc00797f0_26 .net v0x5a9fc00797f0 26, 15 0, L_0x7b5963e50458; 1 drivers
L_0x7b5963e504e8 .functor BUFT 1, C4<1000111100011101>, C4<0>, C4<0>, C4<0>;
v0x5a9fc00797f0_27 .net v0x5a9fc00797f0 27, 15 0, L_0x7b5963e504e8; 1 drivers
L_0x7b5963e50578 .functor BUFT 1, C4<1000100110111110>, C4<0>, C4<0>, C4<0>;
v0x5a9fc00797f0_28 .net v0x5a9fc00797f0 28, 15 0, L_0x7b5963e50578; 1 drivers
L_0x7b5963e50608 .functor BUFT 1, C4<xxxxxxxxxxxxxxxx>, C4<0>, C4<0>, C4<0>;
v0x5a9fc00797f0_29 .net v0x5a9fc00797f0 29, 15 0, L_0x7b5963e50608; 1 drivers
L_0x7b5963e50698 .functor BUFT 1, C4<1000001001110110>, C4<0>, C4<0>, C4<0>;
v0x5a9fc00797f0_30 .net v0x5a9fc00797f0 30, 15 0, L_0x7b5963e50698; 1 drivers
L_0x7b5963e50728 .functor BUFT 1, C4<xxxxxxxxxxxxxxxx>, C4<0>, C4<0>, C4<0>;
v0x5a9fc00797f0_31 .net v0x5a9fc00797f0 31, 15 0, L_0x7b5963e50728; 1 drivers
L_0x7b5963e507b8 .functor BUFT 1, C4<xxxxxxxxxxxxxxxx>, C4<0>, C4<0>, C4<0>;
v0x5a9fc00797f0_32 .net v0x5a9fc00797f0 32, 15 0, L_0x7b5963e507b8; 1 drivers
L_0x7b5963e50848 .functor BUFT 1, C4<1000000010011110>, C4<0>, C4<0>, C4<0>;
v0x5a9fc00797f0_33 .net v0x5a9fc00797f0 33, 15 0, L_0x7b5963e50848; 1 drivers
L_0x7b5963e508d8 .functor BUFT 1, C4<xxxxxxxxxxxxxxxx>, C4<0>, C4<0>, C4<0>;
v0x5a9fc00797f0_34 .net v0x5a9fc00797f0 34, 15 0, L_0x7b5963e508d8; 1 drivers
L_0x7b5963e50968 .functor BUFT 1, C4<xxxxxxxxxxxxxxxx>, C4<0>, C4<0>, C4<0>;
v0x5a9fc00797f0_35 .net v0x5a9fc00797f0 35, 15 0, L_0x7b5963e50968; 1 drivers
L_0x7b5963e509f8 .functor BUFT 1, C4<1000100110111110>, C4<0>, C4<0>, C4<0>;
v0x5a9fc00797f0_36 .net v0x5a9fc00797f0 36, 15 0, L_0x7b5963e509f8; 1 drivers
L_0x7b5963e50a88 .functor BUFT 1, C4<xxxxxxxxxxxxxxxx>, C4<0>, C4<0>, C4<0>;
v0x5a9fc00797f0_37 .net v0x5a9fc00797f0 37, 15 0, L_0x7b5963e50a88; 1 drivers
L_0x7b5963e50b18 .functor BUFT 1, C4<xxxxxxxxxxxxxxxx>, C4<0>, C4<0>, C4<0>;
v0x5a9fc00797f0_38 .net v0x5a9fc00797f0 38, 15 0, L_0x7b5963e50b18; 1 drivers
L_0x7b5963e50ba8 .functor BUFT 1, C4<1001110100001110>, C4<0>, C4<0>, C4<0>;
v0x5a9fc00797f0_39 .net v0x5a9fc00797f0 39, 15 0, L_0x7b5963e50ba8; 1 drivers
L_0x7b5963e50c38 .functor BUFT 1, C4<xxxxxxxxxxxxxxxx>, C4<0>, C4<0>, C4<0>;
v0x5a9fc00797f0_40 .net v0x5a9fc00797f0 40, 15 0, L_0x7b5963e50c38; 1 drivers
L_0x7b5963e50cc8 .functor BUFT 1, C4<xxxxxxxxxxxxxxxx>, C4<0>, C4<0>, C4<0>;
v0x5a9fc00797f0_41 .net v0x5a9fc00797f0 41, 15 0, L_0x7b5963e50cc8; 1 drivers
L_0x7b5963e50d58 .functor BUFT 1, C4<1011100011100011>, C4<0>, C4<0>, C4<0>;
v0x5a9fc00797f0_42 .net v0x5a9fc00797f0 42, 15 0, L_0x7b5963e50d58; 1 drivers
L_0x7b5963e50de8 .functor BUFT 1, C4<xxxxxxxxxxxxxxxx>, C4<0>, C4<0>, C4<0>;
v0x5a9fc00797f0_43 .net v0x5a9fc00797f0 43, 15 0, L_0x7b5963e50de8; 1 drivers
L_0x7b5963e50e78 .functor BUFT 1, C4<xxxxxxxxxxxxxxxx>, C4<0>, C4<0>, C4<0>;
v0x5a9fc00797f0_44 .net v0x5a9fc00797f0 44, 15 0, L_0x7b5963e50e78; 1 drivers
L_0x7b5963e50f08 .functor BUFT 1, C4<1101101011011000>, C4<0>, C4<0>, C4<0>;
v0x5a9fc00797f0_45 .net v0x5a9fc00797f0 45, 15 0, L_0x7b5963e50f08; 1 drivers
L_0x7b5963e50f98 .functor BUFT 1, C4<xxxxxxxxxxxxxxxx>, C4<0>, C4<0>, C4<0>;
v0x5a9fc00797f0_46 .net v0x5a9fc00797f0 46, 15 0, L_0x7b5963e50f98; 1 drivers
L_0x7b5963e51028 .functor BUFT 1, C4<xxxxxxxxxxxxxxxx>, C4<0>, C4<0>, C4<0>;
v0x5a9fc00797f0_47 .net v0x5a9fc00797f0 47, 15 0, L_0x7b5963e51028; 1 drivers
L_0x7b5963e510b8 .functor BUFT 1, C4<xxxxxxxxxxxxxxxx>, C4<0>, C4<0>, C4<0>;
v0x5a9fc00797f0_48 .net v0x5a9fc00797f0 48, 15 0, L_0x7b5963e510b8; 1 drivers
L_0x7b5963e51148 .functor BUFT 1, C4<xxxxxxxxxxxxxxxx>, C4<0>, C4<0>, C4<0>;
v0x5a9fc00797f0_49 .net v0x5a9fc00797f0 49, 15 0, L_0x7b5963e51148; 1 drivers
L_0x7b5963e511d8 .functor BUFT 1, C4<xxxxxxxxxxxxxxxx>, C4<0>, C4<0>, C4<0>;
v0x5a9fc00797f0_50 .net v0x5a9fc00797f0 50, 15 0, L_0x7b5963e511d8; 1 drivers
L_0x7b5963e51268 .functor BUFT 1, C4<xxxxxxxxxxxxxxxx>, C4<0>, C4<0>, C4<0>;
v0x5a9fc00797f0_51 .net v0x5a9fc00797f0 51, 15 0, L_0x7b5963e51268; 1 drivers
L_0x7b5963e512f8 .functor BUFT 1, C4<xxxxxxxxxxxxxxxx>, C4<0>, C4<0>, C4<0>;
v0x5a9fc00797f0_52 .net v0x5a9fc00797f0 52, 15 0, L_0x7b5963e512f8; 1 drivers
L_0x7b5963e51388 .functor BUFT 1, C4<xxxxxxxxxxxxxxxx>, C4<0>, C4<0>, C4<0>;
v0x5a9fc00797f0_53 .net v0x5a9fc00797f0 53, 15 0, L_0x7b5963e51388; 1 drivers
L_0x7b5963e51418 .functor BUFT 1, C4<xxxxxxxxxxxxxxxx>, C4<0>, C4<0>, C4<0>;
v0x5a9fc00797f0_54 .net v0x5a9fc00797f0 54, 15 0, L_0x7b5963e51418; 1 drivers
L_0x7b5963e514a8 .functor BUFT 1, C4<xxxxxxxxxxxxxxxx>, C4<0>, C4<0>, C4<0>;
v0x5a9fc00797f0_55 .net v0x5a9fc00797f0 55, 15 0, L_0x7b5963e514a8; 1 drivers
L_0x7b5963e51538 .functor BUFT 1, C4<xxxxxxxxxxxxxxxx>, C4<0>, C4<0>, C4<0>;
v0x5a9fc00797f0_56 .net v0x5a9fc00797f0 56, 15 0, L_0x7b5963e51538; 1 drivers
L_0x7b5963e515c8 .functor BUFT 1, C4<xxxxxxxxxxxxxxxx>, C4<0>, C4<0>, C4<0>;
v0x5a9fc00797f0_57 .net v0x5a9fc00797f0 57, 15 0, L_0x7b5963e515c8; 1 drivers
L_0x7b5963e51658 .functor BUFT 1, C4<xxxxxxxxxxxxxxxx>, C4<0>, C4<0>, C4<0>;
v0x5a9fc00797f0_58 .net v0x5a9fc00797f0 58, 15 0, L_0x7b5963e51658; 1 drivers
L_0x7b5963e516e8 .functor BUFT 1, C4<xxxxxxxxxxxxxxxx>, C4<0>, C4<0>, C4<0>;
v0x5a9fc00797f0_59 .net v0x5a9fc00797f0 59, 15 0, L_0x7b5963e516e8; 1 drivers
L_0x7b5963e51778 .functor BUFT 1, C4<xxxxxxxxxxxxxxxx>, C4<0>, C4<0>, C4<0>;
v0x5a9fc00797f0_60 .net v0x5a9fc00797f0 60, 15 0, L_0x7b5963e51778; 1 drivers
L_0x7b5963e51808 .functor BUFT 1, C4<xxxxxxxxxxxxxxxx>, C4<0>, C4<0>, C4<0>;
v0x5a9fc00797f0_61 .net v0x5a9fc00797f0 61, 15 0, L_0x7b5963e51808; 1 drivers
L_0x7b5963e51898 .functor BUFT 1, C4<xxxxxxxxxxxxxxxx>, C4<0>, C4<0>, C4<0>;
v0x5a9fc00797f0_62 .net v0x5a9fc00797f0 62, 15 0, L_0x7b5963e51898; 1 drivers
L_0x7b5963e51928 .functor BUFT 1, C4<xxxxxxxxxxxxxxxx>, C4<0>, C4<0>, C4<0>;
v0x5a9fc00797f0_63 .net v0x5a9fc00797f0 63, 15 0, L_0x7b5963e51928; 1 drivers
L_0x5a9fc0180e20 .array/port v0x5a9fc00797f0, L_0x5a9fc0180ec0;
L_0x5a9fc0180ec0 .concat [ 6 2 0 0], L_0x5a9fc0180c90, L_0x7b5963e4f528;
L_0x5a9fc0181050 .array/port v0x5a9fc007ac70, L_0x5a9fc01810f0;
L_0x5a9fc01810f0 .concat [ 6 2 0 0], L_0x5a9fc0180c90, L_0x7b5963e4f570;
S_0x5a9fc00fd1c0 .scope function.vec4.u32, "log2" "log2" 5 20, 5 20 0, S_0x5a9fc011f0b0;
 .timescale -9 -12;
; Variable log2 is vec4 return value of scope S_0x5a9fc00fd1c0
v0x5a9fc0077870_0 .var/i "value", 31 0;
v0x5a9fc0077950_0 .var/i "x", 31 0;
TD_fft_accel.FFT_inst.SU1.log2 ;
    %load/vec4 v0x5a9fc0077950_0;
    %subi 1, 0, 32;
    %store/vec4 v0x5a9fc0077870_0, 0, 32;
    %pushi/vec4 0, 0, 32;
    %ret/vec4 0, 0, 32;  Assign to log2 (store_vec4_to_lval)
T_0.0 ;
    %load/vec4 v0x5a9fc0077870_0;
    %cmpi/s 0, 0, 32;
    %flag_or 5, 4; GT is !LE
    %flag_inv 5;
    %jmp/0xz T_0.1, 5;
    %load/vec4 v0x5a9fc0077870_0;
    %ix/load 4, 1, 0;
    %flag_set/imm 4, 0;
    %shiftr 4;
    %store/vec4 v0x5a9fc0077870_0, 0, 32;
    %retload/vec4 0; Load log2 (draw_signal_vec4)
    %addi 1, 0, 32;
    %ret/vec4 0, 0, 32;  Assign to log2 (store_vec4_to_lval)
    %jmp T_0.0;
T_0.1 ;
    %end;
S_0x5a9fc00fd600 .scope module, "SU2" "SdfUnit" 4 40, 5 4 0, S_0x5a9fc011fe10;
 .timescale -9 -12;
    .port_info 0 /INPUT 1 "clock";
    .port_info 1 /INPUT 1 "reset";
    .port_info 2 /INPUT 1 "di_en";
    .port_info 3 /INPUT 16 "di_re";
    .port_info 4 /INPUT 16 "di_im";
    .port_info 5 /OUTPUT 1 "do_en";
    .port_info 6 /OUTPUT 16 "do_re";
    .port_info 7 /OUTPUT 16 "do_im";
P_0x5a9fc01575a0 .param/l "LOG_M" 1 5 31, +C4<00000000000000000000000000000100>;
P_0x5a9fc01575e0 .param/l "LOG_N" 1 5 30, +C4<00000000000000000000000000000110>;
P_0x5a9fc0157620 .param/l "M" 0 5 6, +C4<00000000000000000000000000010000>;
P_0x5a9fc0157660 .param/l "N" 0 5 5, +C4<00000000000000000000000001000000>;
P_0x5a9fc01576a0 .param/l "WIDTH" 0 5 7, +C4<00000000000000000000000000010000>;
L_0x5a9fc018c770 .functor BUFZ 1, v0x5a9fc00e3d80_0, C4<0>, C4<0>, C4<0>;
L_0x7b5963e51ad8 .functor BUFT 1, C4<xxxxxxxxxxxxxxxx>, C4<0>, C4<0>, C4<0>;
v0x5a9fc00f1e30_0 .net *"_ivl_10", 15 0, L_0x7b5963e51ad8;  1 drivers
L_0x7b5963e51ec8 .functor BUFT 1, C4<00>, C4<0>, C4<0>, C4<0>;
v0x5a9fc00f1f30_0 .net *"_ivl_101", 1 0, L_0x7b5963e51ec8;  1 drivers
v0x5a9fc00f1910_0 .net *"_ivl_105", 5 0, L_0x5a9fc0189e60;  1 drivers
L_0x7b5963e51f10 .functor BUFT 1, C4<00>, C4<0>, C4<0>, C4<0>;
v0x5a9fc00f1a00_0 .net *"_ivl_108", 1 0, L_0x7b5963e51f10;  1 drivers
v0x5a9fc00f13f0_0 .net *"_ivl_109", 5 0, L_0x5a9fc0189fa0;  1 drivers
L_0x7b5963e51f58 .functor BUFT 1, C4<0000>, C4<0>, C4<0>, C4<0>;
v0x5a9fc00f0ed0_0 .net *"_ivl_112", 3 0, L_0x7b5963e51f58;  1 drivers
L_0x7b5963e54430 .functor BUFT 1, C4<xxxxxxxxxxxxxxxx>, C4<0>, C4<0>, C4<0>;
v0x5a9fc00f0fb0_0 .net *"_ivl_115", 15 0, L_0x7b5963e54430;  1 drivers
L_0x7b5963e54478 .functor BUFT 1, C4<xxxxxxxxxxxxxxxx>, C4<0>, C4<0>, C4<0>;
v0x5a9fc00f09b0_0 .net *"_ivl_119", 15 0, L_0x7b5963e54478;  1 drivers
L_0x7b5963e51b20 .functor BUFT 1, C4<xxxxxxxxxxxxxxxx>, C4<0>, C4<0>, C4<0>;
v0x5a9fc00f0a90_0 .net *"_ivl_14", 15 0, L_0x7b5963e51b20;  1 drivers
L_0x7b5963e51a48 .functor BUFT 1, C4<xxxxxxxxxxxxxxxx>, C4<0>, C4<0>, C4<0>;
v0x5a9fc00f0540_0 .net *"_ivl_2", 15 0, L_0x7b5963e51a48;  1 drivers
v0x5a9fc00eff70_0 .net *"_ivl_22", 15 0, L_0x5a9fc0186670;  1 drivers
L_0x7b5963e51b68 .functor BUFT 1, C4<0000000000000000>, C4<0>, C4<0>, C4<0>;
v0x5a9fc00f0050_0 .net *"_ivl_26", 15 0, L_0x7b5963e51b68;  1 drivers
v0x5a9fc00efa50_0 .net *"_ivl_29", 15 0, L_0x5a9fc0186920;  1 drivers
v0x5a9fc00efb30_0 .net *"_ivl_30", 15 0, L_0x5a9fc0186a90;  1 drivers
v0x5a9fc00ef530_0 .net *"_ivl_34", 31 0, L_0x5a9fc0186ce0;  1 drivers
L_0x7b5963e51bb0 .functor BUFT 1, C4<00000000000000000000000000>, C4<0>, C4<0>, C4<0>;
v0x5a9fc00ef610_0 .net *"_ivl_37", 25 0, L_0x7b5963e51bb0;  1 drivers
L_0x7b5963e51bf8 .functor BUFT 1, C4<00000000000000000000000000000111>, C4<0>, C4<0>, C4<0>;
v0x5a9fc00ef030_0 .net/2u *"_ivl_38", 31 0, L_0x7b5963e51bf8;  1 drivers
v0x5a9fc00ef0d0_0 .net *"_ivl_42", 31 0, L_0x5a9fc0186fe0;  1 drivers
L_0x7b5963e51c40 .functor BUFT 1, C4<00000000000000000000000000>, C4<0>, C4<0>, C4<0>;
v0x5a9fc00ee5d0_0 .net *"_ivl_45", 25 0, L_0x7b5963e51c40;  1 drivers
L_0x7b5963e51c88 .functor BUFT 1, C4<00000000000000000000000000111111>, C4<0>, C4<0>, C4<0>;
v0x5a9fc00ee6b0_0 .net/2u *"_ivl_46", 31 0, L_0x7b5963e51c88;  1 drivers
v0x5a9fc00ee0b0_0 .net *"_ivl_51", 1 0, L_0x5a9fc01872a0;  1 drivers
L_0x7b5963e51cd0 .functor BUFT 1, C4<11>, C4<0>, C4<0>, C4<0>;
v0x5a9fc00ee190_0 .net/2u *"_ivl_52", 1 0, L_0x7b5963e51cd0;  1 drivers
L_0x7b5963e51d18 .functor BUFT 1, C4<xxxxxxxxxxxxxxxx>, C4<0>, C4<0>, C4<0>;
v0x5a9fc00edb90_0 .net *"_ivl_56", 15 0, L_0x7b5963e51d18;  1 drivers
L_0x7b5963e51a90 .functor BUFT 1, C4<xxxxxxxxxxxxxxxx>, C4<0>, C4<0>, C4<0>;
v0x5a9fc00edc70_0 .net *"_ivl_6", 15 0, L_0x7b5963e51a90;  1 drivers
L_0x7b5963e51d60 .functor BUFT 1, C4<xxxxxxxxxxxxxxxx>, C4<0>, C4<0>, C4<0>;
v0x5a9fc00ed690_0 .net *"_ivl_60", 15 0, L_0x7b5963e51d60;  1 drivers
L_0x7b5963e51da8 .functor BUFT 1, C4<xxxxxxxxxxxxxxxx>, C4<0>, C4<0>, C4<0>;
v0x5a9fc00ed770_0 .net *"_ivl_64", 15 0, L_0x7b5963e51da8;  1 drivers
L_0x7b5963e51df0 .functor BUFT 1, C4<xxxxxxxxxxxxxxxx>, C4<0>, C4<0>, C4<0>;
v0x5a9fc00ed190_0 .net *"_ivl_68", 15 0, L_0x7b5963e51df0;  1 drivers
v0x5a9fc00ecc30_0 .net *"_ivl_80", 31 0, L_0x5a9fc01892d0;  1 drivers
L_0x7b5963e51e38 .functor BUFT 1, C4<00000000000000000000000000>, C4<0>, C4<0>, C4<0>;
v0x5a9fc00ecd10_0 .net *"_ivl_83", 25 0, L_0x7b5963e51e38;  1 drivers
L_0x7b5963e51e80 .functor BUFT 1, C4<00000000000000000000000000111111>, C4<0>, C4<0>, C4<0>;
v0x5a9fc00ec710_0 .net/2u *"_ivl_84", 31 0, L_0x7b5963e51e80;  1 drivers
v0x5a9fc00ec7f0_0 .net *"_ivl_91", 0 0, L_0x5a9fc0189550;  1 drivers
v0x5a9fc00ec1f0_0 .net *"_ivl_96", 0 0, L_0x5a9fc0189830;  1 drivers
v0x5a9fc00ec2d0_0 .net *"_ivl_97", 5 0, L_0x5a9fc0189b60;  1 drivers
v0x5a9fbffbe960_0 .net *"_ivl_99", 3 0, L_0x5a9fc0189920;  1 drivers
v0x5a9fbffbea40_0 .net "bf1_bf", 0 0, L_0x5a9fc0184b80;  1 drivers
v0x5a9fbffbeb00_0 .var "bf1_count", 5 0;
v0x5a9fc00ebcd0_0 .var "bf1_do_im", 15 0;
v0x5a9fc00ebdb0_0 .var "bf1_do_re", 15 0;
v0x5a9fc00eb7b0_0 .net "bf1_end", 0 0, L_0x5a9fc01870d0;  1 drivers
v0x5a9fc00eb850_0 .net "bf1_mj", 0 0, L_0x5a9fc0187390;  1 drivers
v0x5a9fc00eb290_0 .var "bf1_sp_en", 0 0;
v0x5a9fc00eb350_0 .net "bf1_sp_im", 15 0, L_0x5a9fc0186b80;  1 drivers
v0x5a9fc00ead70_0 .net "bf1_sp_re", 15 0, L_0x5a9fc0186880;  1 drivers
v0x5a9fc00eae50_0 .net "bf1_start", 0 0, L_0x5a9fc0186e20;  1 drivers
v0x5a9fc00ea850_0 .net "bf1_x0_im", 15 0, L_0x5a9fc0184e00;  1 drivers
v0x5a9fc00ea910_0 .net "bf1_x0_re", 15 0, L_0x5a9fc0184c20;  1 drivers
v0x5a9fc00ea330_0 .net "bf1_x1_im", 15 0, L_0x5a9fc0185110;  1 drivers
v0x5a9fc00ea400_0 .net "bf1_x1_re", 15 0, L_0x5a9fc0184f90;  1 drivers
v0x5a9fc00e9e10_0 .net "bf1_y0_im", 15 0, L_0x5a9fc0185fc0;  1 drivers
v0x5a9fc00e9ee0_0 .net "bf1_y0_re", 15 0, L_0x5a9fc0185ed0;  1 drivers
v0x5a9fc00e98f0_0 .net "bf1_y1_im", 15 0, L_0x5a9fc01862c0;  1 drivers
v0x5a9fc00e99c0_0 .net "bf1_y1_re", 15 0, L_0x5a9fc0186180;  1 drivers
v0x5a9fc00e93d0_0 .var "bf2_bf", 0 0;
v0x5a9fc00e9470_0 .var "bf2_count", 5 0;
v0x5a9fc00e8eb0_0 .var "bf2_do_en", 0 0;
v0x5a9fc00e8f50_0 .var "bf2_do_im", 15 0;
v0x5a9fc00e8990_0 .var "bf2_do_re", 15 0;
v0x5a9fc00e8a50_0 .net "bf2_end", 0 0, L_0x5a9fc0189370;  1 drivers
v0x5a9fc00e8470_0 .var "bf2_sp_en", 0 0;
v0x5a9fc00e8510_0 .net "bf2_sp_im", 15 0, L_0x5a9fc0189150;  1 drivers
v0x5a9fc00e7f50_0 .net "bf2_sp_re", 15 0, L_0x5a9fc0189020;  1 drivers
v0x5a9fc00e8010_0 .var "bf2_start", 0 0;
v0x5a9fc00e7a30_0 .net "bf2_x0_im", 15 0, L_0x5a9fc0187700;  1 drivers
v0x5a9fc00e7b00_0 .net "bf2_x0_re", 15 0, L_0x5a9fc0187570;  1 drivers
v0x5a9fc00e7510_0 .net "bf2_x1_im", 15 0, L_0x5a9fc0187a30;  1 drivers
v0x5a9fbff76100_0 .net "bf2_x1_re", 15 0, L_0x5a9fc01874d0;  1 drivers
v0x5a9fc00e75e0_0 .net "bf2_y0_im", 15 0, L_0x5a9fc0188800;  1 drivers
v0x5a9fc00e6ff0_0 .net "bf2_y0_re", 15 0, L_0x5a9fc0188710;  1 drivers
v0x5a9fc00e70c0_0 .net "bf2_y1_im", 15 0, L_0x5a9fc0188b00;  1 drivers
v0x5a9fc00e6ad0_0 .net "bf2_y1_re", 15 0, L_0x5a9fc01889c0;  1 drivers
v0x5a9fc00e6ba0_0 .net "clock", 0 0, o0x7b5963e99728;  alias, 0 drivers
v0x5a9fc00e65b0_0 .net "db1_di_im", 15 0, L_0x5a9fc0186580;  1 drivers
v0x5a9fc00e6670_0 .net "db1_di_re", 15 0, L_0x5a9fc0186490;  1 drivers
v0x5a9fc0141210_7 .array/port v0x5a9fc0141210, 7;
v0x5a9fc00e6090_0 .net "db1_do_im", 15 0, v0x5a9fc0141210_7;  1 drivers
v0x5a9fc0140d70_7 .array/port v0x5a9fc0140d70, 7;
v0x5a9fc00e6160_0 .net "db1_do_re", 15 0, v0x5a9fc0140d70_7;  1 drivers
v0x5a9fc00e5b70_0 .net "db2_di_im", 15 0, L_0x5a9fc0188e10;  1 drivers
v0x5a9fc00e5c40_0 .net "db2_di_re", 15 0, L_0x5a9fc0188cd0;  1 drivers
v0x5a9fc013e3f0_3 .array/port v0x5a9fc013e3f0, 3;
v0x5a9fc00e5650_0 .net "db2_do_im", 15 0, v0x5a9fc013e3f0_3;  1 drivers
v0x5a9fc013ded0_3 .array/port v0x5a9fc013ded0, 3;
v0x5a9fc00e5720_0 .net "db2_do_re", 15 0, v0x5a9fc013ded0_3;  1 drivers
v0x5a9fc00e5130_0 .var "di_count", 5 0;
v0x5a9fc00e51f0_0 .net "di_en", 0 0, L_0x5a9fc01837a0;  alias, 1 drivers
v0x5a9fc00e4c10_0 .net "di_im", 15 0, v0x5a9fc006f470_0;  alias, 1 drivers
v0x5a9fc00e4ce0_0 .net "di_re", 15 0, v0x5a9fc006eac0_0;  alias, 1 drivers
v0x5a9fc00e46f0_0 .net "do_en", 0 0, L_0x5a9fc018c770;  alias, 1 drivers
v0x5a9fc00e4790_0 .net "do_im", 15 0, v0x5a9fc00e3790_0;  alias, 1 drivers
v0x5a9fc00e41d0_0 .net "do_re", 15 0, v0x5a9fc00e3850_0;  alias, 1 drivers
v0x5a9fc00e4290_0 .net "mu_a_im", 15 0, L_0x5a9fbffddbf0;  1 drivers
v0x5a9fc00e3cb0_0 .net "mu_a_re", 15 0, L_0x5a9fc0106ac0;  1 drivers
v0x5a9fc00e3d80_0 .var "mu_do_en", 0 0;
v0x5a9fc00e3790_0 .var "mu_do_im", 15 0;
v0x5a9fc00e3850_0 .var "mu_do_re", 15 0;
v0x5a9fc00e3270_0 .var "mu_en", 0 0;
v0x5a9fc00e3310_0 .net "mu_m_im", 15 0, L_0x5a9fc018d800;  1 drivers
v0x5a9fc00e2d50_0 .net "mu_m_re", 15 0, L_0x5a9fc018d670;  1 drivers
v0x5a9fc00e2e20_0 .net "reset", 0 0, L_0x5a9fc0196b50;  alias, 1 drivers
v0x5a9fc00e2830_0 .net "tw_addr", 5 0, L_0x5a9fc0189d90;  1 drivers
v0x5a9fc00e2900_0 .net "tw_im", 15 0, v0x5a9fc0115270_0;  1 drivers
v0x5a9fc00e2310_0 .net "tw_num", 3 0, L_0x5a9fc0189c50;  1 drivers
v0x5a9fc00e23f0_0 .net "tw_re", 15 0, v0x5a9fc01145e0_0;  1 drivers
v0x5a9fc00e1e40_0 .net "tw_sel", 1 0, L_0x5a9fc0189640;  1 drivers
L_0x5a9fc0184b80 .part v0x5a9fc00e5130_0, 3, 1;
L_0x5a9fc0184c20 .functor MUXZ 16, L_0x7b5963e51a48, v0x5a9fc0140d70_7, L_0x5a9fc0184b80, C4<>;
L_0x5a9fc0184e00 .functor MUXZ 16, L_0x7b5963e51a90, v0x5a9fc0141210_7, L_0x5a9fc0184b80, C4<>;
L_0x5a9fc0184f90 .functor MUXZ 16, L_0x7b5963e51ad8, v0x5a9fc006eac0_0, L_0x5a9fc0184b80, C4<>;
L_0x5a9fc0185110 .functor MUXZ 16, L_0x7b5963e51b20, v0x5a9fc006f470_0, L_0x5a9fc0184b80, C4<>;
L_0x5a9fc0186490 .functor MUXZ 16, v0x5a9fc006eac0_0, L_0x5a9fc0186180, L_0x5a9fc0184b80, C4<>;
L_0x5a9fc0186580 .functor MUXZ 16, v0x5a9fc006f470_0, L_0x5a9fc01862c0, L_0x5a9fc0184b80, C4<>;
L_0x5a9fc0186670 .functor MUXZ 16, v0x5a9fc0140d70_7, v0x5a9fc0141210_7, L_0x5a9fc0187390, C4<>;
L_0x5a9fc0186880 .functor MUXZ 16, L_0x5a9fc0186670, L_0x5a9fc0185ed0, L_0x5a9fc0184b80, C4<>;
L_0x5a9fc0186920 .arith/sub 16, L_0x7b5963e51b68, v0x5a9fc0140d70_7;
L_0x5a9fc0186a90 .functor MUXZ 16, v0x5a9fc0141210_7, L_0x5a9fc0186920, L_0x5a9fc0187390, C4<>;
L_0x5a9fc0186b80 .functor MUXZ 16, L_0x5a9fc0186a90, L_0x5a9fc0185fc0, L_0x5a9fc0184b80, C4<>;
L_0x5a9fc0186ce0 .concat [ 6 26 0 0], v0x5a9fc00e5130_0, L_0x7b5963e51bb0;
L_0x5a9fc0186e20 .cmp/eq 32, L_0x5a9fc0186ce0, L_0x7b5963e51bf8;
L_0x5a9fc0186fe0 .concat [ 6 26 0 0], v0x5a9fbffbeb00_0, L_0x7b5963e51c40;
L_0x5a9fc01870d0 .cmp/eq 32, L_0x5a9fc0186fe0, L_0x7b5963e51c88;
L_0x5a9fc01872a0 .part v0x5a9fbffbeb00_0, 2, 2;
L_0x5a9fc0187390 .cmp/eq 2, L_0x5a9fc01872a0, L_0x7b5963e51cd0;
L_0x5a9fc0187570 .functor MUXZ 16, L_0x7b5963e51d18, v0x5a9fc013ded0_3, v0x5a9fc00e93d0_0, C4<>;
L_0x5a9fc0187700 .functor MUXZ 16, L_0x7b5963e51d60, v0x5a9fc013e3f0_3, v0x5a9fc00e93d0_0, C4<>;
L_0x5a9fc01874d0 .functor MUXZ 16, L_0x7b5963e51da8, v0x5a9fc00ebdb0_0, v0x5a9fc00e93d0_0, C4<>;
L_0x5a9fc0187a30 .functor MUXZ 16, L_0x7b5963e51df0, v0x5a9fc00ebcd0_0, v0x5a9fc00e93d0_0, C4<>;
L_0x5a9fc0188cd0 .functor MUXZ 16, v0x5a9fc00ebdb0_0, L_0x5a9fc01889c0, v0x5a9fc00e93d0_0, C4<>;
L_0x5a9fc0188e10 .functor MUXZ 16, v0x5a9fc00ebcd0_0, L_0x5a9fc0188b00, v0x5a9fc00e93d0_0, C4<>;
L_0x5a9fc0189020 .functor MUXZ 16, v0x5a9fc013ded0_3, L_0x5a9fc0188710, v0x5a9fc00e93d0_0, C4<>;
L_0x5a9fc0189150 .functor MUXZ 16, v0x5a9fc013e3f0_3, L_0x5a9fc0188800, v0x5a9fc00e93d0_0, C4<>;
L_0x5a9fc01892d0 .concat [ 6 26 0 0], v0x5a9fc00e9470_0, L_0x7b5963e51e38;
L_0x5a9fc0189370 .cmp/eq 32, L_0x5a9fc01892d0, L_0x7b5963e51e80;
L_0x5a9fc0189550 .part v0x5a9fc00e9470_0, 2, 1;
L_0x5a9fc0189640 .concat8 [ 1 1 0 0], L_0x5a9fc0189830, L_0x5a9fc0189550;
L_0x5a9fc0189830 .part v0x5a9fc00e9470_0, 3, 1;
L_0x5a9fc0189920 .part v0x5a9fc00e9470_0, 0, 4;
L_0x5a9fc0189b60 .concat [ 2 4 0 0], L_0x7b5963e51ec8, L_0x5a9fc0189920;
L_0x5a9fc0189c50 .part L_0x5a9fc0189b60, 0, 4;
L_0x5a9fc0189e60 .concat [ 4 2 0 0], L_0x5a9fc0189c50, L_0x7b5963e51f10;
L_0x5a9fc0189fa0 .concat [ 2 4 0 0], L_0x5a9fc0189640, L_0x7b5963e51f58;
L_0x5a9fc0189d90 .arith/mult 6, L_0x5a9fc0189e60, L_0x5a9fc0189fa0;
L_0x5a9fc0106ac0 .functor MUXZ 16, L_0x7b5963e54430, v0x5a9fc00e8990_0, v0x5a9fc00e3270_0, C4<>;
L_0x5a9fbffddbf0 .functor MUXZ 16, L_0x7b5963e54478, v0x5a9fc00e8f50_0, v0x5a9fc00e3270_0, C4<>;
S_0x5a9fc0109fd0 .scope module, "BF1" "Butterfly" 5 118, 6 4 0, S_0x5a9fc00fd600;
 .timescale 0 0;
    .port_info 0 /INPUT 16 "x0_re";
    .port_info 1 /INPUT 16 "x0_im";
    .port_info 2 /INPUT 16 "x1_re";
    .port_info 3 /INPUT 16 "x1_im";
    .port_info 4 /OUTPUT 16 "y0_re";
    .port_info 5 /OUTPUT 16 "y0_im";
    .port_info 6 /OUTPUT 16 "y1_re";
    .port_info 7 /OUTPUT 16 "y1_im";
P_0x5a9fc0089d30 .param/l "RH" 0 6 6, +C4<00000000000000000000000000000000>;
P_0x5a9fc0089d70 .param/l "WIDTH" 0 6 5, +C4<00000000000000000000000000010000>;
v0x5a9fc00a9f90_0 .net/s *"_ivl_0", 16 0, L_0x5a9fc0185290;  1 drivers
v0x5a9fc00aa090_0 .net/s *"_ivl_12", 16 0, L_0x5a9fc01857b0;  1 drivers
v0x5a9fc0117200_0 .net/s *"_ivl_14", 16 0, L_0x5a9fc01858e0;  1 drivers
v0x5a9fc01172f0_0 .net/s *"_ivl_18", 16 0, L_0x5a9fc0185b00;  1 drivers
v0x5a9fc010dac0_0 .net/s *"_ivl_2", 16 0, L_0x5a9fc0185330;  1 drivers
v0x5a9fc0149750_0 .net/s *"_ivl_20", 16 0, L_0x5a9fc0185c90;  1 drivers
v0x5a9fc0149830_0 .net/s *"_ivl_6", 16 0, L_0x5a9fc0185530;  1 drivers
v0x5a9fc0149230_0 .net/s *"_ivl_8", 16 0, L_0x5a9fc01855d0;  1 drivers
v0x5a9fc0149310_0 .net/s "add_im", 16 0, L_0x5a9fc0185670;  1 drivers
v0x5a9fc0148d30_0 .net/s "add_re", 16 0, L_0x5a9fc01853d0;  1 drivers
v0x5a9fc0148e10_0 .net/s "sub_im", 16 0, L_0x5a9fc0185dc0;  1 drivers
v0x5a9fc0148830_0 .net/s "sub_re", 16 0, L_0x5a9fc0185a60;  1 drivers
v0x5a9fc01482d0_0 .net/s "x0_im", 15 0, L_0x5a9fc0184e00;  alias, 1 drivers
v0x5a9fc01483b0_0 .net/s "x0_re", 15 0, L_0x5a9fc0184c20;  alias, 1 drivers
v0x5a9fc0147db0_0 .net/s "x1_im", 15 0, L_0x5a9fc0185110;  alias, 1 drivers
v0x5a9fc0147e90_0 .net/s "x1_re", 15 0, L_0x5a9fc0184f90;  alias, 1 drivers
v0x5a9fc0147890_0 .net/s "y0_im", 15 0, L_0x5a9fc0185fc0;  alias, 1 drivers
v0x5a9fc0147970_0 .net/s "y0_re", 15 0, L_0x5a9fc0185ed0;  alias, 1 drivers
v0x5a9fc0147370_0 .net/s "y1_im", 15 0, L_0x5a9fc01862c0;  alias, 1 drivers
v0x5a9fc0147430_0 .net/s "y1_re", 15 0, L_0x5a9fc0186180;  alias, 1 drivers
L_0x5a9fc0185290 .extend/s 17, L_0x5a9fc0184c20;
L_0x5a9fc0185330 .extend/s 17, L_0x5a9fc0184f90;
L_0x5a9fc01853d0 .arith/sum 17, L_0x5a9fc0185290, L_0x5a9fc0185330;
L_0x5a9fc0185530 .extend/s 17, L_0x5a9fc0184e00;
L_0x5a9fc01855d0 .extend/s 17, L_0x5a9fc0185110;
L_0x5a9fc0185670 .arith/sum 17, L_0x5a9fc0185530, L_0x5a9fc01855d0;
L_0x5a9fc01857b0 .extend/s 17, L_0x5a9fc0184c20;
L_0x5a9fc01858e0 .extend/s 17, L_0x5a9fc0184f90;
L_0x5a9fc0185a60 .arith/sub 17, L_0x5a9fc01857b0, L_0x5a9fc01858e0;
L_0x5a9fc0185b00 .extend/s 17, L_0x5a9fc0184e00;
L_0x5a9fc0185c90 .extend/s 17, L_0x5a9fc0185110;
L_0x5a9fc0185dc0 .arith/sub 17, L_0x5a9fc0185b00, L_0x5a9fc0185c90;
L_0x5a9fc0185ed0 .part L_0x5a9fc01853d0, 0, 16;
L_0x5a9fc0185fc0 .part L_0x5a9fc0185670, 0, 16;
L_0x5a9fc0186180 .part L_0x5a9fc0185a60, 0, 16;
L_0x5a9fc01862c0 .part L_0x5a9fc0185dc0, 0, 16;
S_0x5a9fc0146930 .scope module, "BF2" "Butterfly" 5 175, 6 4 0, S_0x5a9fc00fd600;
 .timescale 0 0;
    .port_info 0 /INPUT 16 "x0_re";
    .port_info 1 /INPUT 16 "x0_im";
    .port_info 2 /INPUT 16 "x1_re";
    .port_info 3 /INPUT 16 "x1_im";
    .port_info 4 /OUTPUT 16 "y0_re";
    .port_info 5 /OUTPUT 16 "y0_im";
    .port_info 6 /OUTPUT 16 "y1_re";
    .port_info 7 /OUTPUT 16 "y1_im";
P_0x5a9fc0102bd0 .param/l "RH" 0 6 6, +C4<00000000000000000000000000000001>;
P_0x5a9fc0102c10 .param/l "WIDTH" 0 6 5, +C4<00000000000000000000000000010000>;
v0x5a9fc0145fc0_0 .net/s *"_ivl_0", 16 0, L_0x5a9fc0187be0;  1 drivers
v0x5a9fc01459d0_0 .net/s *"_ivl_12", 16 0, L_0x5a9fc01880e0;  1 drivers
v0x5a9fc0145ab0_0 .net/s *"_ivl_14", 16 0, L_0x5a9fc0188180;  1 drivers
v0x5a9fc01454b0_0 .net/s *"_ivl_18", 16 0, L_0x5a9fc01883a0;  1 drivers
v0x5a9fc0145570_0 .net/s *"_ivl_2", 16 0, L_0x5a9fc0187c80;  1 drivers
v0x5a9fc0145020_0 .net/s *"_ivl_20", 16 0, L_0x5a9fc01884d0;  1 drivers
v0x5a9fc0144a70_0 .net/s *"_ivl_6", 16 0, L_0x5a9fc0187e60;  1 drivers
v0x5a9fc0144b50_0 .net/s *"_ivl_8", 16 0, L_0x5a9fc0187f00;  1 drivers
v0x5a9fc0144550_0 .net/s "add_im", 16 0, L_0x5a9fc0187fa0;  1 drivers
v0x5a9fc0144630_0 .net/s "add_re", 16 0, L_0x5a9fc0187d20;  1 drivers
v0x5a9fc0144030_0 .net/s "sub_im", 16 0, L_0x5a9fc0188600;  1 drivers
v0x5a9fc01440f0_0 .net/s "sub_re", 16 0, L_0x5a9fc0188300;  1 drivers
v0x5a9fc0143b10_0 .net/s "x0_im", 15 0, L_0x5a9fc0187700;  alias, 1 drivers
v0x5a9fc0143bf0_0 .net/s "x0_re", 15 0, L_0x5a9fc0187570;  alias, 1 drivers
v0x5a9fc0143610_0 .net/s "x1_im", 15 0, L_0x5a9fc0187a30;  alias, 1 drivers
v0x5a9fc01436f0_0 .net/s "x1_re", 15 0, L_0x5a9fc01874d0;  alias, 1 drivers
v0x5a9fc0143110_0 .net/s "y0_im", 15 0, L_0x5a9fc0188800;  alias, 1 drivers
v0x5a9fc01431b0_0 .net/s "y0_re", 15 0, L_0x5a9fc0188710;  alias, 1 drivers
v0x5a9fc0142690_0 .net/s "y1_im", 15 0, L_0x5a9fc0188b00;  alias, 1 drivers
v0x5a9fc0142770_0 .net/s "y1_re", 15 0, L_0x5a9fc01889c0;  alias, 1 drivers
L_0x5a9fc0187be0 .extend/s 17, L_0x5a9fc0187570;
L_0x5a9fc0187c80 .extend/s 17, L_0x5a9fc01874d0;
L_0x5a9fc0187d20 .arith/sum 17, L_0x5a9fc0187be0, L_0x5a9fc0187c80;
L_0x5a9fc0187e60 .extend/s 17, L_0x5a9fc0187700;
L_0x5a9fc0187f00 .extend/s 17, L_0x5a9fc0187a30;
L_0x5a9fc0187fa0 .arith/sum 17, L_0x5a9fc0187e60, L_0x5a9fc0187f00;
L_0x5a9fc01880e0 .extend/s 17, L_0x5a9fc0187570;
L_0x5a9fc0188180 .extend/s 17, L_0x5a9fc01874d0;
L_0x5a9fc0188300 .arith/sub 17, L_0x5a9fc01880e0, L_0x5a9fc0188180;
L_0x5a9fc01883a0 .extend/s 17, L_0x5a9fc0187700;
L_0x5a9fc01884d0 .extend/s 17, L_0x5a9fc0187a30;
L_0x5a9fc0188600 .arith/sub 17, L_0x5a9fc01883a0, L_0x5a9fc01884d0;
L_0x5a9fc0188710 .part L_0x5a9fc0187d20, 0, 16;
L_0x5a9fc0188800 .part L_0x5a9fc0187fa0, 0, 16;
L_0x5a9fc01889c0 .part L_0x5a9fc0188300, 0, 16;
L_0x5a9fc0188b00 .part L_0x5a9fc0188600, 0, 16;
S_0x5a9fc0141c50 .scope module, "DB1" "DelayBuffer" 5 129, 7 4 0, S_0x5a9fc00fd600;
 .timescale 0 0;
    .port_info 0 /INPUT 1 "clock";
    .port_info 1 /INPUT 16 "di_re";
    .port_info 2 /INPUT 16 "di_im";
    .port_info 3 /OUTPUT 16 "do_re";
    .port_info 4 /OUTPUT 16 "do_im";
P_0x5a9fc0146410 .param/l "DEPTH" 0 7 5, +C4<00000000000000000000000000001000>;
P_0x5a9fc0146450 .param/l "WIDTH" 0 7 6, +C4<00000000000000000000000000010000>;
v0x5a9fc0141210 .array "buf_im", 7 0, 15 0;
v0x5a9fc0140d70 .array "buf_re", 7 0, 15 0;
v0x5a9fc01408d0_0 .net "clock", 0 0, o0x7b5963e99728;  alias, 0 drivers
v0x5a9fc01402e0_0 .net "di_im", 15 0, L_0x5a9fc0186580;  alias, 1 drivers
v0x5a9fc01403a0_0 .net "di_re", 15 0, L_0x5a9fc0186490;  alias, 1 drivers
v0x5a9fc013fdd0_0 .net "do_im", 15 0, v0x5a9fc0141210_7;  alias, 1 drivers
v0x5a9fc013f870_0 .net "do_re", 15 0, v0x5a9fc0140d70_7;  alias, 1 drivers
v0x5a9fc013f950_0 .var/i "n", 31 0;
S_0x5a9fc013ee30 .scope module, "DB2" "DelayBuffer" 5 186, 7 4 0, S_0x5a9fc00fd600;
 .timescale 0 0;
    .port_info 0 /INPUT 1 "clock";
    .port_info 1 /INPUT 16 "di_re";
    .port_info 2 /INPUT 16 "di_im";
    .port_info 3 /OUTPUT 16 "do_re";
    .port_info 4 /OUTPUT 16 "do_im";
P_0x5a9fc013f3e0 .param/l "DEPTH" 0 7 5, +C4<00000000000000000000000000000100>;
P_0x5a9fc013f420 .param/l "WIDTH" 0 7 6, +C4<00000000000000000000000000010000>;
v0x5a9fc013e3f0 .array "buf_im", 3 0, 15 0;
v0x5a9fc013ded0 .array "buf_re", 3 0, 15 0;
v0x5a9fc013d9b0_0 .net "clock", 0 0, o0x7b5963e99728;  alias, 0 drivers
v0x5a9fc013da50_0 .net "di_im", 15 0, L_0x5a9fc0188e10;  alias, 1 drivers
v0x5a9fc013d490_0 .net "di_re", 15 0, L_0x5a9fc0188cd0;  alias, 1 drivers
v0x5a9fc013cf70_0 .net "do_im", 15 0, v0x5a9fc013e3f0_3;  alias, 1 drivers
v0x5a9fc013d050_0 .net "do_re", 15 0, v0x5a9fc013ded0_3;  alias, 1 drivers
v0x5a9fc013ca50_0 .var/i "n", 31 0;
S_0x5a9fc013c530 .scope module, "MU" "Multiply" 5 250, 8 4 0, S_0x5a9fc00fd600;
 .timescale -9 -12;
    .port_info 0 /INPUT 16 "a_re";
    .port_info 1 /INPUT 16 "a_im";
    .port_info 2 /INPUT 16 "b_re";
    .port_info 3 /INPUT 16 "b_im";
    .port_info 4 /OUTPUT 16 "m_re";
    .port_info 5 /OUTPUT 16 "m_im";
P_0x5a9fc013c060 .param/l "WIDTH" 0 8 5, +C4<00000000000000000000000000010000>;
v0x5a9fc013baf0_0 .net/s *"_ivl_0", 31 0, L_0x5a9fbffddd30;  1 drivers
v0x5a9fc013bbd0_0 .net/s *"_ivl_12", 31 0, L_0x5a9fc01829c0;  1 drivers
v0x5a9fc013b5d0_0 .net/s *"_ivl_14", 31 0, L_0x5a9fc0182a60;  1 drivers
v0x5a9fc013b670_0 .net/s *"_ivl_18", 31 0, L_0x5a9fc018c500;  1 drivers
v0x5a9fc013b0b0_0 .net/s *"_ivl_2", 31 0, L_0x5a9fbffdddd0;  1 drivers
v0x5a9fc013ab90_0 .net/s *"_ivl_20", 31 0, L_0x5a9fc018c630;  1 drivers
v0x5a9fc013ac70_0 .net *"_ivl_24", 31 0, L_0x5a9fc018c8d0;  1 drivers
v0x5a9fc013a670_0 .net *"_ivl_26", 16 0, L_0x5a9fc018c7e0;  1 drivers
v0x5a9fc013a750_0 .net *"_ivl_30", 31 0, L_0x5a9fc018ccb0;  1 drivers
v0x5a9fc013a150_0 .net *"_ivl_32", 16 0, L_0x5a9fc018cb30;  1 drivers
v0x5a9fc013a230_0 .net *"_ivl_36", 31 0, L_0x5a9fc018d020;  1 drivers
v0x5a9fc0139c30_0 .net *"_ivl_38", 16 0, L_0x5a9fc018cf30;  1 drivers
v0x5a9fc0139d10_0 .net *"_ivl_42", 31 0, L_0x5a9fc018d3c0;  1 drivers
v0x5a9fc0139710_0 .net *"_ivl_44", 16 0, L_0x5a9fc018d210;  1 drivers
v0x5a9fc01397f0_0 .net/s *"_ivl_6", 31 0, L_0x5a9fc0182610;  1 drivers
v0x5a9fc0139210_0 .net/s *"_ivl_8", 31 0, L_0x5a9fc0182770;  1 drivers
v0x5a9fc01392f0_0 .net/s "a_im", 15 0, L_0x5a9fbffddbf0;  alias, 1 drivers
v0x5a9fc01387b0_0 .net/s "a_re", 15 0, L_0x5a9fc0106ac0;  alias, 1 drivers
v0x5a9fc0138890_0 .net/s "aibi", 31 0, L_0x5a9fc018c6d0;  1 drivers
v0x5a9fc0138290_0 .net/s "aibr", 31 0, L_0x5a9fc0182b50;  1 drivers
v0x5a9fc0138370_0 .net/s "arbi", 31 0, L_0x5a9fc01828a0;  1 drivers
v0x5a9fc0137d70_0 .net/s "arbr", 31 0, L_0x5a9fc01824f0;  1 drivers
v0x5a9fc0137e50_0 .net/s "b_im", 15 0, v0x5a9fc0115270_0;  alias, 1 drivers
v0x5a9fc0137870_0 .net/s "b_re", 15 0, v0x5a9fc01145e0_0;  alias, 1 drivers
v0x5a9fc0137950_0 .net/s "m_im", 15 0, L_0x5a9fc018d800;  alias, 1 drivers
v0x5a9fc0137370_0 .net/s "m_re", 15 0, L_0x5a9fc018d670;  alias, 1 drivers
v0x5a9fc0136e10_0 .net/s "sc_aibi", 15 0, L_0x5a9fc018d4b0;  1 drivers
v0x5a9fc0136ef0_0 .net/s "sc_aibr", 15 0, L_0x5a9fc018ce90;  1 drivers
v0x5a9fc01368f0_0 .net/s "sc_arbi", 15 0, L_0x5a9fc018cda0;  1 drivers
v0x5a9fc01369d0_0 .net/s "sc_arbr", 15 0, L_0x5a9fc018ca40;  1 drivers
L_0x5a9fbffddd30 .extend/s 32, L_0x5a9fc0106ac0;
L_0x5a9fbffdddd0 .extend/s 32, v0x5a9fc01145e0_0;
L_0x5a9fc01824f0 .arith/mult 32, L_0x5a9fbffddd30, L_0x5a9fbffdddd0;
L_0x5a9fc0182610 .extend/s 32, L_0x5a9fc0106ac0;
L_0x5a9fc0182770 .extend/s 32, v0x5a9fc0115270_0;
L_0x5a9fc01828a0 .arith/mult 32, L_0x5a9fc0182610, L_0x5a9fc0182770;
L_0x5a9fc01829c0 .extend/s 32, L_0x5a9fbffddbf0;
L_0x5a9fc0182a60 .extend/s 32, v0x5a9fc01145e0_0;
L_0x5a9fc0182b50 .arith/mult 32, L_0x5a9fc01829c0, L_0x5a9fc0182a60;
L_0x5a9fc018c500 .extend/s 32, L_0x5a9fbffddbf0;
L_0x5a9fc018c630 .extend/s 32, v0x5a9fc0115270_0;
L_0x5a9fc018c6d0 .arith/mult 32, L_0x5a9fc018c500, L_0x5a9fc018c630;
L_0x5a9fc018c7e0 .part L_0x5a9fc01824f0, 15, 17;
L_0x5a9fc018c8d0 .extend/s 32, L_0x5a9fc018c7e0;
L_0x5a9fc018ca40 .part L_0x5a9fc018c8d0, 0, 16;
L_0x5a9fc018cb30 .part L_0x5a9fc01828a0, 15, 17;
L_0x5a9fc018ccb0 .extend/s 32, L_0x5a9fc018cb30;
L_0x5a9fc018cda0 .part L_0x5a9fc018ccb0, 0, 16;
L_0x5a9fc018cf30 .part L_0x5a9fc0182b50, 15, 17;
L_0x5a9fc018d020 .extend/s 32, L_0x5a9fc018cf30;
L_0x5a9fc018ce90 .part L_0x5a9fc018d020, 0, 16;
L_0x5a9fc018d210 .part L_0x5a9fc018c6d0, 15, 17;
L_0x5a9fc018d3c0 .extend/s 32, L_0x5a9fc018d210;
L_0x5a9fc018d4b0 .part L_0x5a9fc018d3c0, 0, 16;
L_0x5a9fc018d670 .arith/sub 16, L_0x5a9fc018ca40, L_0x5a9fc018d4b0;
L_0x5a9fc018d800 .arith/sum 16, L_0x5a9fc018cda0, L_0x5a9fc018ce90;
S_0x5a9fc0135eb0 .scope module, "TW" "Twiddle" 5 235, 9 4 0, S_0x5a9fc00fd600;
 .timescale -9 -12;
    .port_info 0 /INPUT 1 "clock";
    .port_info 1 /INPUT 6 "addr";
    .port_info 2 /OUTPUT 16 "tw_re";
    .port_info 3 /OUTPUT 16 "tw_im";
P_0x5a9fc0136450 .param/l "TW_FF" 0 9 5, +C4<00000000000000000000000000000001>;
L_0x5a9fc01869c0 .functor BUFZ 16, L_0x5a9fc018a2b0, C4<0000000000000000>, C4<0000000000000000>, C4<0000000000000000>;
L_0x5a9fc018a700 .functor BUFZ 16, L_0x5a9fc018a4e0, C4<0000000000000000>, C4<0000000000000000>, C4<0000000000000000>;
v0x5a9fc0135990_0 .net *"_ivl_0", 15 0, L_0x5a9fc018a2b0;  1 drivers
v0x5a9fc0135a90_0 .net *"_ivl_10", 7 0, L_0x5a9fc018a580;  1 drivers
L_0x7b5963e51fe8 .functor BUFT 1, C4<00>, C4<0>, C4<0>, C4<0>;
v0x5a9fc0135470_0 .net *"_ivl_13", 1 0, L_0x7b5963e51fe8;  1 drivers
v0x5a9fc0135560_0 .net *"_ivl_2", 7 0, L_0x5a9fc018a350;  1 drivers
L_0x7b5963e51fa0 .functor BUFT 1, C4<00>, C4<0>, C4<0>, C4<0>;
v0x5a9fc01139d0_0 .net *"_ivl_5", 1 0, L_0x7b5963e51fa0;  1 drivers
v0x5a9fc0115dc0_0 .net *"_ivl_8", 15 0, L_0x5a9fc018a4e0;  1 drivers
v0x5a9fc0115ea0_0 .net "addr", 5 0, L_0x5a9fc0189d90;  alias, 1 drivers
v0x5a9fc01151d0_0 .net "clock", 0 0, o0x7b5963e99728;  alias, 0 drivers
v0x5a9fc0115270_0 .var "ff_im", 15 0;
v0x5a9fc01145e0_0 .var "ff_re", 15 0;
v0x5a9fc01146a0_0 .net "mx_im", 15 0, L_0x5a9fc018a700;  1 drivers
v0x5a9fc0105dd0_0 .net "mx_re", 15 0, L_0x5a9fc01869c0;  1 drivers
v0x5a9fc0105eb0_0 .net "tw_im", 15 0, v0x5a9fc0115270_0;  alias, 1 drivers
v0x5a9fc0108270_0 .net "tw_re", 15 0, v0x5a9fc01145e0_0;  alias, 1 drivers
L_0x7b5963e52078 .functor BUFT 1, C4<0000000000000000>, C4<0>, C4<0>, C4<0>;
v0x5a9fc0108340 .array "wn_im", 63 0;
v0x5a9fc0108340_0 .net v0x5a9fc0108340 0, 15 0, L_0x7b5963e52078; 1 drivers
L_0x7b5963e52108 .functor BUFT 1, C4<1111001101110100>, C4<0>, C4<0>, C4<0>;
v0x5a9fc0108340_1 .net v0x5a9fc0108340 1, 15 0, L_0x7b5963e52108; 1 drivers
L_0x7b5963e52198 .functor BUFT 1, C4<1110011100000111>, C4<0>, C4<0>, C4<0>;
v0x5a9fc0108340_2 .net v0x5a9fc0108340 2, 15 0, L_0x7b5963e52198; 1 drivers
L_0x7b5963e52228 .functor BUFT 1, C4<1101101011011000>, C4<0>, C4<0>, C4<0>;
v0x5a9fc0108340_3 .net v0x5a9fc0108340 3, 15 0, L_0x7b5963e52228; 1 drivers
L_0x7b5963e522b8 .functor BUFT 1, C4<1100111100000100>, C4<0>, C4<0>, C4<0>;
v0x5a9fc0108340_4 .net v0x5a9fc0108340 4, 15 0, L_0x7b5963e522b8; 1 drivers
L_0x7b5963e52348 .functor BUFT 1, C4<1100001110101001>, C4<0>, C4<0>, C4<0>;
v0x5a9fc0108340_5 .net v0x5a9fc0108340 5, 15 0, L_0x7b5963e52348; 1 drivers
L_0x7b5963e523d8 .functor BUFT 1, C4<1011100011100011>, C4<0>, C4<0>, C4<0>;
v0x5a9fc0108340_6 .net v0x5a9fc0108340 6, 15 0, L_0x7b5963e523d8; 1 drivers
L_0x7b5963e52468 .functor BUFT 1, C4<1010111011001100>, C4<0>, C4<0>, C4<0>;
v0x5a9fc0108340_7 .net v0x5a9fc0108340 7, 15 0, L_0x7b5963e52468; 1 drivers
L_0x7b5963e524f8 .functor BUFT 1, C4<1010010101111110>, C4<0>, C4<0>, C4<0>;
v0x5a9fc0108340_8 .net v0x5a9fc0108340 8, 15 0, L_0x7b5963e524f8; 1 drivers
L_0x7b5963e52588 .functor BUFT 1, C4<1001110100001110>, C4<0>, C4<0>, C4<0>;
v0x5a9fc0108340_9 .net v0x5a9fc0108340 9, 15 0, L_0x7b5963e52588; 1 drivers
L_0x7b5963e52618 .functor BUFT 1, C4<1001010110010010>, C4<0>, C4<0>, C4<0>;
v0x5a9fc0108340_10 .net v0x5a9fc0108340 10, 15 0, L_0x7b5963e52618; 1 drivers
L_0x7b5963e526a8 .functor BUFT 1, C4<1000111100011101>, C4<0>, C4<0>, C4<0>;
v0x5a9fc0108340_11 .net v0x5a9fc0108340 11, 15 0, L_0x7b5963e526a8; 1 drivers
L_0x7b5963e52738 .functor BUFT 1, C4<1000100110111110>, C4<0>, C4<0>, C4<0>;
v0x5a9fc0108340_12 .net v0x5a9fc0108340 12, 15 0, L_0x7b5963e52738; 1 drivers
L_0x7b5963e527c8 .functor BUFT 1, C4<1000010110000011>, C4<0>, C4<0>, C4<0>;
v0x5a9fc0108340_13 .net v0x5a9fc0108340 13, 15 0, L_0x7b5963e527c8; 1 drivers
L_0x7b5963e52858 .functor BUFT 1, C4<1000001001110110>, C4<0>, C4<0>, C4<0>;
v0x5a9fc0108340_14 .net v0x5a9fc0108340 14, 15 0, L_0x7b5963e52858; 1 drivers
L_0x7b5963e528e8 .functor BUFT 1, C4<1000000010011110>, C4<0>, C4<0>, C4<0>;
v0x5a9fc0108340_15 .net v0x5a9fc0108340 15, 15 0, L_0x7b5963e528e8; 1 drivers
L_0x7b5963e52978 .functor BUFT 1, C4<1000000000000000>, C4<0>, C4<0>, C4<0>;
v0x5a9fc0108340_16 .net v0x5a9fc0108340 16, 15 0, L_0x7b5963e52978; 1 drivers
L_0x7b5963e52a08 .functor BUFT 1, C4<xxxxxxxxxxxxxxxx>, C4<0>, C4<0>, C4<0>;
v0x5a9fc0108340_17 .net v0x5a9fc0108340 17, 15 0, L_0x7b5963e52a08; 1 drivers
L_0x7b5963e52a98 .functor BUFT 1, C4<1000001001110110>, C4<0>, C4<0>, C4<0>;
v0x5a9fc0108340_18 .net v0x5a9fc0108340 18, 15 0, L_0x7b5963e52a98; 1 drivers
L_0x7b5963e52b28 .functor BUFT 1, C4<xxxxxxxxxxxxxxxx>, C4<0>, C4<0>, C4<0>;
v0x5a9fc0108340_19 .net v0x5a9fc0108340 19, 15 0, L_0x7b5963e52b28; 1 drivers
L_0x7b5963e52bb8 .functor BUFT 1, C4<1000100110111110>, C4<0>, C4<0>, C4<0>;
v0x5a9fc0108340_20 .net v0x5a9fc0108340 20, 15 0, L_0x7b5963e52bb8; 1 drivers
L_0x7b5963e52c48 .functor BUFT 1, C4<1000111100011101>, C4<0>, C4<0>, C4<0>;
v0x5a9fc0108340_21 .net v0x5a9fc0108340 21, 15 0, L_0x7b5963e52c48; 1 drivers
L_0x7b5963e52cd8 .functor BUFT 1, C4<1001010110010010>, C4<0>, C4<0>, C4<0>;
v0x5a9fc0108340_22 .net v0x5a9fc0108340 22, 15 0, L_0x7b5963e52cd8; 1 drivers
L_0x7b5963e52d68 .functor BUFT 1, C4<xxxxxxxxxxxxxxxx>, C4<0>, C4<0>, C4<0>;
v0x5a9fc0108340_23 .net v0x5a9fc0108340 23, 15 0, L_0x7b5963e52d68; 1 drivers
L_0x7b5963e52df8 .functor BUFT 1, C4<1010010101111110>, C4<0>, C4<0>, C4<0>;
v0x5a9fc0108340_24 .net v0x5a9fc0108340 24, 15 0, L_0x7b5963e52df8; 1 drivers
L_0x7b5963e52e88 .functor BUFT 1, C4<xxxxxxxxxxxxxxxx>, C4<0>, C4<0>, C4<0>;
v0x5a9fc0108340_25 .net v0x5a9fc0108340 25, 15 0, L_0x7b5963e52e88; 1 drivers
L_0x7b5963e52f18 .functor BUFT 1, C4<1011100011100011>, C4<0>, C4<0>, C4<0>;
v0x5a9fc0108340_26 .net v0x5a9fc0108340 26, 15 0, L_0x7b5963e52f18; 1 drivers
L_0x7b5963e52fa8 .functor BUFT 1, C4<1100001110101001>, C4<0>, C4<0>, C4<0>;
v0x5a9fc0108340_27 .net v0x5a9fc0108340 27, 15 0, L_0x7b5963e52fa8; 1 drivers
L_0x7b5963e53038 .functor BUFT 1, C4<1100111100000100>, C4<0>, C4<0>, C4<0>;
v0x5a9fc0108340_28 .net v0x5a9fc0108340 28, 15 0, L_0x7b5963e53038; 1 drivers
L_0x7b5963e530c8 .functor BUFT 1, C4<xxxxxxxxxxxxxxxx>, C4<0>, C4<0>, C4<0>;
v0x5a9fc0108340_29 .net v0x5a9fc0108340 29, 15 0, L_0x7b5963e530c8; 1 drivers
L_0x7b5963e53158 .functor BUFT 1, C4<1110011100000111>, C4<0>, C4<0>, C4<0>;
v0x5a9fc0108340_30 .net v0x5a9fc0108340 30, 15 0, L_0x7b5963e53158; 1 drivers
L_0x7b5963e531e8 .functor BUFT 1, C4<xxxxxxxxxxxxxxxx>, C4<0>, C4<0>, C4<0>;
v0x5a9fc0108340_31 .net v0x5a9fc0108340 31, 15 0, L_0x7b5963e531e8; 1 drivers
L_0x7b5963e53278 .functor BUFT 1, C4<xxxxxxxxxxxxxxxx>, C4<0>, C4<0>, C4<0>;
v0x5a9fc0108340_32 .net v0x5a9fc0108340 32, 15 0, L_0x7b5963e53278; 1 drivers
L_0x7b5963e53308 .functor BUFT 1, C4<0000110010001100>, C4<0>, C4<0>, C4<0>;
v0x5a9fc0108340_33 .net v0x5a9fc0108340 33, 15 0, L_0x7b5963e53308; 1 drivers
L_0x7b5963e53398 .functor BUFT 1, C4<xxxxxxxxxxxxxxxx>, C4<0>, C4<0>, C4<0>;
v0x5a9fc0108340_34 .net v0x5a9fc0108340 34, 15 0, L_0x7b5963e53398; 1 drivers
L_0x7b5963e53428 .functor BUFT 1, C4<xxxxxxxxxxxxxxxx>, C4<0>, C4<0>, C4<0>;
v0x5a9fc0108340_35 .net v0x5a9fc0108340 35, 15 0, L_0x7b5963e53428; 1 drivers
L_0x7b5963e534b8 .functor BUFT 1, C4<0011000011111100>, C4<0>, C4<0>, C4<0>;
v0x5a9fc0108340_36 .net v0x5a9fc0108340 36, 15 0, L_0x7b5963e534b8; 1 drivers
L_0x7b5963e53548 .functor BUFT 1, C4<xxxxxxxxxxxxxxxx>, C4<0>, C4<0>, C4<0>;
v0x5a9fc0108340_37 .net v0x5a9fc0108340 37, 15 0, L_0x7b5963e53548; 1 drivers
L_0x7b5963e535d8 .functor BUFT 1, C4<xxxxxxxxxxxxxxxx>, C4<0>, C4<0>, C4<0>;
v0x5a9fc0108340_38 .net v0x5a9fc0108340 38, 15 0, L_0x7b5963e535d8; 1 drivers
L_0x7b5963e53668 .functor BUFT 1, C4<0101000100110100>, C4<0>, C4<0>, C4<0>;
v0x5a9fc0108340_39 .net v0x5a9fc0108340 39, 15 0, L_0x7b5963e53668; 1 drivers
L_0x7b5963e536f8 .functor BUFT 1, C4<xxxxxxxxxxxxxxxx>, C4<0>, C4<0>, C4<0>;
v0x5a9fc0108340_40 .net v0x5a9fc0108340 40, 15 0, L_0x7b5963e536f8; 1 drivers
L_0x7b5963e53788 .functor BUFT 1, C4<xxxxxxxxxxxxxxxx>, C4<0>, C4<0>, C4<0>;
v0x5a9fc0108340_41 .net v0x5a9fc0108340 41, 15 0, L_0x7b5963e53788; 1 drivers
L_0x7b5963e53818 .functor BUFT 1, C4<0110101001101110>, C4<0>, C4<0>, C4<0>;
v0x5a9fc0108340_42 .net v0x5a9fc0108340 42, 15 0, L_0x7b5963e53818; 1 drivers
L_0x7b5963e538a8 .functor BUFT 1, C4<xxxxxxxxxxxxxxxx>, C4<0>, C4<0>, C4<0>;
v0x5a9fc0108340_43 .net v0x5a9fc0108340 43, 15 0, L_0x7b5963e538a8; 1 drivers
L_0x7b5963e53938 .functor BUFT 1, C4<xxxxxxxxxxxxxxxx>, C4<0>, C4<0>, C4<0>;
v0x5a9fc0108340_44 .net v0x5a9fc0108340 44, 15 0, L_0x7b5963e53938; 1 drivers
L_0x7b5963e539c8 .functor BUFT 1, C4<0111101001111101>, C4<0>, C4<0>, C4<0>;
v0x5a9fc0108340_45 .net v0x5a9fc0108340 45, 15 0, L_0x7b5963e539c8; 1 drivers
L_0x7b5963e53a58 .functor BUFT 1, C4<xxxxxxxxxxxxxxxx>, C4<0>, C4<0>, C4<0>;
v0x5a9fc0108340_46 .net v0x5a9fc0108340 46, 15 0, L_0x7b5963e53a58; 1 drivers
L_0x7b5963e53ae8 .functor BUFT 1, C4<xxxxxxxxxxxxxxxx>, C4<0>, C4<0>, C4<0>;
v0x5a9fc0108340_47 .net v0x5a9fc0108340 47, 15 0, L_0x7b5963e53ae8; 1 drivers
L_0x7b5963e53b78 .functor BUFT 1, C4<xxxxxxxxxxxxxxxx>, C4<0>, C4<0>, C4<0>;
v0x5a9fc0108340_48 .net v0x5a9fc0108340 48, 15 0, L_0x7b5963e53b78; 1 drivers
L_0x7b5963e53c08 .functor BUFT 1, C4<xxxxxxxxxxxxxxxx>, C4<0>, C4<0>, C4<0>;
v0x5a9fc0108340_49 .net v0x5a9fc0108340 49, 15 0, L_0x7b5963e53c08; 1 drivers
L_0x7b5963e53c98 .functor BUFT 1, C4<xxxxxxxxxxxxxxxx>, C4<0>, C4<0>, C4<0>;
v0x5a9fc0108340_50 .net v0x5a9fc0108340 50, 15 0, L_0x7b5963e53c98; 1 drivers
L_0x7b5963e53d28 .functor BUFT 1, C4<xxxxxxxxxxxxxxxx>, C4<0>, C4<0>, C4<0>;
v0x5a9fc0108340_51 .net v0x5a9fc0108340 51, 15 0, L_0x7b5963e53d28; 1 drivers
L_0x7b5963e53db8 .functor BUFT 1, C4<xxxxxxxxxxxxxxxx>, C4<0>, C4<0>, C4<0>;
v0x5a9fc0108340_52 .net v0x5a9fc0108340 52, 15 0, L_0x7b5963e53db8; 1 drivers
L_0x7b5963e53e48 .functor BUFT 1, C4<xxxxxxxxxxxxxxxx>, C4<0>, C4<0>, C4<0>;
v0x5a9fc0108340_53 .net v0x5a9fc0108340 53, 15 0, L_0x7b5963e53e48; 1 drivers
L_0x7b5963e53ed8 .functor BUFT 1, C4<xxxxxxxxxxxxxxxx>, C4<0>, C4<0>, C4<0>;
v0x5a9fc0108340_54 .net v0x5a9fc0108340 54, 15 0, L_0x7b5963e53ed8; 1 drivers
L_0x7b5963e53f68 .functor BUFT 1, C4<xxxxxxxxxxxxxxxx>, C4<0>, C4<0>, C4<0>;
v0x5a9fc0108340_55 .net v0x5a9fc0108340 55, 15 0, L_0x7b5963e53f68; 1 drivers
L_0x7b5963e53ff8 .functor BUFT 1, C4<xxxxxxxxxxxxxxxx>, C4<0>, C4<0>, C4<0>;
v0x5a9fc0108340_56 .net v0x5a9fc0108340 56, 15 0, L_0x7b5963e53ff8; 1 drivers
L_0x7b5963e54088 .functor BUFT 1, C4<xxxxxxxxxxxxxxxx>, C4<0>, C4<0>, C4<0>;
v0x5a9fc0108340_57 .net v0x5a9fc0108340 57, 15 0, L_0x7b5963e54088; 1 drivers
L_0x7b5963e54118 .functor BUFT 1, C4<xxxxxxxxxxxxxxxx>, C4<0>, C4<0>, C4<0>;
v0x5a9fc0108340_58 .net v0x5a9fc0108340 58, 15 0, L_0x7b5963e54118; 1 drivers
L_0x7b5963e541a8 .functor BUFT 1, C4<xxxxxxxxxxxxxxxx>, C4<0>, C4<0>, C4<0>;
v0x5a9fc0108340_59 .net v0x5a9fc0108340 59, 15 0, L_0x7b5963e541a8; 1 drivers
L_0x7b5963e54238 .functor BUFT 1, C4<xxxxxxxxxxxxxxxx>, C4<0>, C4<0>, C4<0>;
v0x5a9fc0108340_60 .net v0x5a9fc0108340 60, 15 0, L_0x7b5963e54238; 1 drivers
L_0x7b5963e542c8 .functor BUFT 1, C4<xxxxxxxxxxxxxxxx>, C4<0>, C4<0>, C4<0>;
v0x5a9fc0108340_61 .net v0x5a9fc0108340 61, 15 0, L_0x7b5963e542c8; 1 drivers
L_0x7b5963e54358 .functor BUFT 1, C4<xxxxxxxxxxxxxxxx>, C4<0>, C4<0>, C4<0>;
v0x5a9fc0108340_62 .net v0x5a9fc0108340 62, 15 0, L_0x7b5963e54358; 1 drivers
L_0x7b5963e543e8 .functor BUFT 1, C4<xxxxxxxxxxxxxxxx>, C4<0>, C4<0>, C4<0>;
v0x5a9fc0108340_63 .net v0x5a9fc0108340 63, 15 0, L_0x7b5963e543e8; 1 drivers
L_0x7b5963e52030 .functor BUFT 1, C4<0000000000000000>, C4<0>, C4<0>, C4<0>;
v0x5a9fc00f4210 .array "wn_re", 63 0;
v0x5a9fc00f4210_0 .net v0x5a9fc00f4210 0, 15 0, L_0x7b5963e52030; 1 drivers
L_0x7b5963e520c0 .functor BUFT 1, C4<0111111101100010>, C4<0>, C4<0>, C4<0>;
v0x5a9fc00f4210_1 .net v0x5a9fc00f4210 1, 15 0, L_0x7b5963e520c0; 1 drivers
L_0x7b5963e52150 .functor BUFT 1, C4<0111110110001010>, C4<0>, C4<0>, C4<0>;
v0x5a9fc00f4210_2 .net v0x5a9fc00f4210 2, 15 0, L_0x7b5963e52150; 1 drivers
L_0x7b5963e521e0 .functor BUFT 1, C4<0111101001111101>, C4<0>, C4<0>, C4<0>;
v0x5a9fc00f4210_3 .net v0x5a9fc00f4210 3, 15 0, L_0x7b5963e521e0; 1 drivers
L_0x7b5963e52270 .functor BUFT 1, C4<0111011001000010>, C4<0>, C4<0>, C4<0>;
v0x5a9fc00f4210_4 .net v0x5a9fc00f4210 4, 15 0, L_0x7b5963e52270; 1 drivers
L_0x7b5963e52300 .functor BUFT 1, C4<0111000011100011>, C4<0>, C4<0>, C4<0>;
v0x5a9fc00f4210_5 .net v0x5a9fc00f4210 5, 15 0, L_0x7b5963e52300; 1 drivers
L_0x7b5963e52390 .functor BUFT 1, C4<0110101001101110>, C4<0>, C4<0>, C4<0>;
v0x5a9fc00f4210_6 .net v0x5a9fc00f4210 6, 15 0, L_0x7b5963e52390; 1 drivers
L_0x7b5963e52420 .functor BUFT 1, C4<0110001011110010>, C4<0>, C4<0>, C4<0>;
v0x5a9fc00f4210_7 .net v0x5a9fc00f4210 7, 15 0, L_0x7b5963e52420; 1 drivers
L_0x7b5963e524b0 .functor BUFT 1, C4<0101101010000010>, C4<0>, C4<0>, C4<0>;
v0x5a9fc00f4210_8 .net v0x5a9fc00f4210 8, 15 0, L_0x7b5963e524b0; 1 drivers
L_0x7b5963e52540 .functor BUFT 1, C4<0101000100110100>, C4<0>, C4<0>, C4<0>;
v0x5a9fc00f4210_9 .net v0x5a9fc00f4210 9, 15 0, L_0x7b5963e52540; 1 drivers
L_0x7b5963e525d0 .functor BUFT 1, C4<0100011100011101>, C4<0>, C4<0>, C4<0>;
v0x5a9fc00f4210_10 .net v0x5a9fc00f4210 10, 15 0, L_0x7b5963e525d0; 1 drivers
L_0x7b5963e52660 .functor BUFT 1, C4<0011110001010111>, C4<0>, C4<0>, C4<0>;
v0x5a9fc00f4210_11 .net v0x5a9fc00f4210 11, 15 0, L_0x7b5963e52660; 1 drivers
L_0x7b5963e526f0 .functor BUFT 1, C4<0011000011111100>, C4<0>, C4<0>, C4<0>;
v0x5a9fc00f4210_12 .net v0x5a9fc00f4210 12, 15 0, L_0x7b5963e526f0; 1 drivers
L_0x7b5963e52780 .functor BUFT 1, C4<0010010100101000>, C4<0>, C4<0>, C4<0>;
v0x5a9fc00f4210_13 .net v0x5a9fc00f4210 13, 15 0, L_0x7b5963e52780; 1 drivers
L_0x7b5963e52810 .functor BUFT 1, C4<0001100011111001>, C4<0>, C4<0>, C4<0>;
v0x5a9fc00f4210_14 .net v0x5a9fc00f4210 14, 15 0, L_0x7b5963e52810; 1 drivers
L_0x7b5963e528a0 .functor BUFT 1, C4<0000110010001100>, C4<0>, C4<0>, C4<0>;
v0x5a9fc00f4210_15 .net v0x5a9fc00f4210 15, 15 0, L_0x7b5963e528a0; 1 drivers
L_0x7b5963e52930 .functor BUFT 1, C4<0000000000000000>, C4<0>, C4<0>, C4<0>;
v0x5a9fc00f4210_16 .net v0x5a9fc00f4210 16, 15 0, L_0x7b5963e52930; 1 drivers
L_0x7b5963e529c0 .functor BUFT 1, C4<xxxxxxxxxxxxxxxx>, C4<0>, C4<0>, C4<0>;
v0x5a9fc00f4210_17 .net v0x5a9fc00f4210 17, 15 0, L_0x7b5963e529c0; 1 drivers
L_0x7b5963e52a50 .functor BUFT 1, C4<1110011100000111>, C4<0>, C4<0>, C4<0>;
v0x5a9fc00f4210_18 .net v0x5a9fc00f4210 18, 15 0, L_0x7b5963e52a50; 1 drivers
L_0x7b5963e52ae0 .functor BUFT 1, C4<xxxxxxxxxxxxxxxx>, C4<0>, C4<0>, C4<0>;
v0x5a9fc00f4210_19 .net v0x5a9fc00f4210 19, 15 0, L_0x7b5963e52ae0; 1 drivers
L_0x7b5963e52b70 .functor BUFT 1, C4<1100111100000100>, C4<0>, C4<0>, C4<0>;
v0x5a9fc00f4210_20 .net v0x5a9fc00f4210 20, 15 0, L_0x7b5963e52b70; 1 drivers
L_0x7b5963e52c00 .functor BUFT 1, C4<1100001110101001>, C4<0>, C4<0>, C4<0>;
v0x5a9fc00f4210_21 .net v0x5a9fc00f4210 21, 15 0, L_0x7b5963e52c00; 1 drivers
L_0x7b5963e52c90 .functor BUFT 1, C4<1011100011100011>, C4<0>, C4<0>, C4<0>;
v0x5a9fc00f4210_22 .net v0x5a9fc00f4210 22, 15 0, L_0x7b5963e52c90; 1 drivers
L_0x7b5963e52d20 .functor BUFT 1, C4<xxxxxxxxxxxxxxxx>, C4<0>, C4<0>, C4<0>;
v0x5a9fc00f4210_23 .net v0x5a9fc00f4210 23, 15 0, L_0x7b5963e52d20; 1 drivers
L_0x7b5963e52db0 .functor BUFT 1, C4<1010010101111110>, C4<0>, C4<0>, C4<0>;
v0x5a9fc00f4210_24 .net v0x5a9fc00f4210 24, 15 0, L_0x7b5963e52db0; 1 drivers
L_0x7b5963e52e40 .functor BUFT 1, C4<xxxxxxxxxxxxxxxx>, C4<0>, C4<0>, C4<0>;
v0x5a9fc00f4210_25 .net v0x5a9fc00f4210 25, 15 0, L_0x7b5963e52e40; 1 drivers
L_0x7b5963e52ed0 .functor BUFT 1, C4<1001010110010010>, C4<0>, C4<0>, C4<0>;
v0x5a9fc00f4210_26 .net v0x5a9fc00f4210 26, 15 0, L_0x7b5963e52ed0; 1 drivers
L_0x7b5963e52f60 .functor BUFT 1, C4<1000111100011101>, C4<0>, C4<0>, C4<0>;
v0x5a9fc00f4210_27 .net v0x5a9fc00f4210 27, 15 0, L_0x7b5963e52f60; 1 drivers
L_0x7b5963e52ff0 .functor BUFT 1, C4<1000100110111110>, C4<0>, C4<0>, C4<0>;
v0x5a9fc00f4210_28 .net v0x5a9fc00f4210 28, 15 0, L_0x7b5963e52ff0; 1 drivers
L_0x7b5963e53080 .functor BUFT 1, C4<xxxxxxxxxxxxxxxx>, C4<0>, C4<0>, C4<0>;
v0x5a9fc00f4210_29 .net v0x5a9fc00f4210 29, 15 0, L_0x7b5963e53080; 1 drivers
L_0x7b5963e53110 .functor BUFT 1, C4<1000001001110110>, C4<0>, C4<0>, C4<0>;
v0x5a9fc00f4210_30 .net v0x5a9fc00f4210 30, 15 0, L_0x7b5963e53110; 1 drivers
L_0x7b5963e531a0 .functor BUFT 1, C4<xxxxxxxxxxxxxxxx>, C4<0>, C4<0>, C4<0>;
v0x5a9fc00f4210_31 .net v0x5a9fc00f4210 31, 15 0, L_0x7b5963e531a0; 1 drivers
L_0x7b5963e53230 .functor BUFT 1, C4<xxxxxxxxxxxxxxxx>, C4<0>, C4<0>, C4<0>;
v0x5a9fc00f4210_32 .net v0x5a9fc00f4210 32, 15 0, L_0x7b5963e53230; 1 drivers
L_0x7b5963e532c0 .functor BUFT 1, C4<1000000010011110>, C4<0>, C4<0>, C4<0>;
v0x5a9fc00f4210_33 .net v0x5a9fc00f4210 33, 15 0, L_0x7b5963e532c0; 1 drivers
L_0x7b5963e53350 .functor BUFT 1, C4<xxxxxxxxxxxxxxxx>, C4<0>, C4<0>, C4<0>;
v0x5a9fc00f4210_34 .net v0x5a9fc00f4210 34, 15 0, L_0x7b5963e53350; 1 drivers
L_0x7b5963e533e0 .functor BUFT 1, C4<xxxxxxxxxxxxxxxx>, C4<0>, C4<0>, C4<0>;
v0x5a9fc00f4210_35 .net v0x5a9fc00f4210 35, 15 0, L_0x7b5963e533e0; 1 drivers
L_0x7b5963e53470 .functor BUFT 1, C4<1000100110111110>, C4<0>, C4<0>, C4<0>;
v0x5a9fc00f4210_36 .net v0x5a9fc00f4210 36, 15 0, L_0x7b5963e53470; 1 drivers
L_0x7b5963e53500 .functor BUFT 1, C4<xxxxxxxxxxxxxxxx>, C4<0>, C4<0>, C4<0>;
v0x5a9fc00f4210_37 .net v0x5a9fc00f4210 37, 15 0, L_0x7b5963e53500; 1 drivers
L_0x7b5963e53590 .functor BUFT 1, C4<xxxxxxxxxxxxxxxx>, C4<0>, C4<0>, C4<0>;
v0x5a9fc00f4210_38 .net v0x5a9fc00f4210 38, 15 0, L_0x7b5963e53590; 1 drivers
L_0x7b5963e53620 .functor BUFT 1, C4<1001110100001110>, C4<0>, C4<0>, C4<0>;
v0x5a9fc00f4210_39 .net v0x5a9fc00f4210 39, 15 0, L_0x7b5963e53620; 1 drivers
L_0x7b5963e536b0 .functor BUFT 1, C4<xxxxxxxxxxxxxxxx>, C4<0>, C4<0>, C4<0>;
v0x5a9fc00f4210_40 .net v0x5a9fc00f4210 40, 15 0, L_0x7b5963e536b0; 1 drivers
L_0x7b5963e53740 .functor BUFT 1, C4<xxxxxxxxxxxxxxxx>, C4<0>, C4<0>, C4<0>;
v0x5a9fc00f4210_41 .net v0x5a9fc00f4210 41, 15 0, L_0x7b5963e53740; 1 drivers
L_0x7b5963e537d0 .functor BUFT 1, C4<1011100011100011>, C4<0>, C4<0>, C4<0>;
v0x5a9fc00f4210_42 .net v0x5a9fc00f4210 42, 15 0, L_0x7b5963e537d0; 1 drivers
L_0x7b5963e53860 .functor BUFT 1, C4<xxxxxxxxxxxxxxxx>, C4<0>, C4<0>, C4<0>;
v0x5a9fc00f4210_43 .net v0x5a9fc00f4210 43, 15 0, L_0x7b5963e53860; 1 drivers
L_0x7b5963e538f0 .functor BUFT 1, C4<xxxxxxxxxxxxxxxx>, C4<0>, C4<0>, C4<0>;
v0x5a9fc00f4210_44 .net v0x5a9fc00f4210 44, 15 0, L_0x7b5963e538f0; 1 drivers
L_0x7b5963e53980 .functor BUFT 1, C4<1101101011011000>, C4<0>, C4<0>, C4<0>;
v0x5a9fc00f4210_45 .net v0x5a9fc00f4210 45, 15 0, L_0x7b5963e53980; 1 drivers
L_0x7b5963e53a10 .functor BUFT 1, C4<xxxxxxxxxxxxxxxx>, C4<0>, C4<0>, C4<0>;
v0x5a9fc00f4210_46 .net v0x5a9fc00f4210 46, 15 0, L_0x7b5963e53a10; 1 drivers
L_0x7b5963e53aa0 .functor BUFT 1, C4<xxxxxxxxxxxxxxxx>, C4<0>, C4<0>, C4<0>;
v0x5a9fc00f4210_47 .net v0x5a9fc00f4210 47, 15 0, L_0x7b5963e53aa0; 1 drivers
L_0x7b5963e53b30 .functor BUFT 1, C4<xxxxxxxxxxxxxxxx>, C4<0>, C4<0>, C4<0>;
v0x5a9fc00f4210_48 .net v0x5a9fc00f4210 48, 15 0, L_0x7b5963e53b30; 1 drivers
L_0x7b5963e53bc0 .functor BUFT 1, C4<xxxxxxxxxxxxxxxx>, C4<0>, C4<0>, C4<0>;
v0x5a9fc00f4210_49 .net v0x5a9fc00f4210 49, 15 0, L_0x7b5963e53bc0; 1 drivers
L_0x7b5963e53c50 .functor BUFT 1, C4<xxxxxxxxxxxxxxxx>, C4<0>, C4<0>, C4<0>;
v0x5a9fc00f4210_50 .net v0x5a9fc00f4210 50, 15 0, L_0x7b5963e53c50; 1 drivers
L_0x7b5963e53ce0 .functor BUFT 1, C4<xxxxxxxxxxxxxxxx>, C4<0>, C4<0>, C4<0>;
v0x5a9fc00f4210_51 .net v0x5a9fc00f4210 51, 15 0, L_0x7b5963e53ce0; 1 drivers
L_0x7b5963e53d70 .functor BUFT 1, C4<xxxxxxxxxxxxxxxx>, C4<0>, C4<0>, C4<0>;
v0x5a9fc00f4210_52 .net v0x5a9fc00f4210 52, 15 0, L_0x7b5963e53d70; 1 drivers
L_0x7b5963e53e00 .functor BUFT 1, C4<xxxxxxxxxxxxxxxx>, C4<0>, C4<0>, C4<0>;
v0x5a9fc00f4210_53 .net v0x5a9fc00f4210 53, 15 0, L_0x7b5963e53e00; 1 drivers
L_0x7b5963e53e90 .functor BUFT 1, C4<xxxxxxxxxxxxxxxx>, C4<0>, C4<0>, C4<0>;
v0x5a9fc00f4210_54 .net v0x5a9fc00f4210 54, 15 0, L_0x7b5963e53e90; 1 drivers
L_0x7b5963e53f20 .functor BUFT 1, C4<xxxxxxxxxxxxxxxx>, C4<0>, C4<0>, C4<0>;
v0x5a9fc00f4210_55 .net v0x5a9fc00f4210 55, 15 0, L_0x7b5963e53f20; 1 drivers
L_0x7b5963e53fb0 .functor BUFT 1, C4<xxxxxxxxxxxxxxxx>, C4<0>, C4<0>, C4<0>;
v0x5a9fc00f4210_56 .net v0x5a9fc00f4210 56, 15 0, L_0x7b5963e53fb0; 1 drivers
L_0x7b5963e54040 .functor BUFT 1, C4<xxxxxxxxxxxxxxxx>, C4<0>, C4<0>, C4<0>;
v0x5a9fc00f4210_57 .net v0x5a9fc00f4210 57, 15 0, L_0x7b5963e54040; 1 drivers
L_0x7b5963e540d0 .functor BUFT 1, C4<xxxxxxxxxxxxxxxx>, C4<0>, C4<0>, C4<0>;
v0x5a9fc00f4210_58 .net v0x5a9fc00f4210 58, 15 0, L_0x7b5963e540d0; 1 drivers
L_0x7b5963e54160 .functor BUFT 1, C4<xxxxxxxxxxxxxxxx>, C4<0>, C4<0>, C4<0>;
v0x5a9fc00f4210_59 .net v0x5a9fc00f4210 59, 15 0, L_0x7b5963e54160; 1 drivers
L_0x7b5963e541f0 .functor BUFT 1, C4<xxxxxxxxxxxxxxxx>, C4<0>, C4<0>, C4<0>;
v0x5a9fc00f4210_60 .net v0x5a9fc00f4210 60, 15 0, L_0x7b5963e541f0; 1 drivers
L_0x7b5963e54280 .functor BUFT 1, C4<xxxxxxxxxxxxxxxx>, C4<0>, C4<0>, C4<0>;
v0x5a9fc00f4210_61 .net v0x5a9fc00f4210 61, 15 0, L_0x7b5963e54280; 1 drivers
L_0x7b5963e54310 .functor BUFT 1, C4<xxxxxxxxxxxxxxxx>, C4<0>, C4<0>, C4<0>;
v0x5a9fc00f4210_62 .net v0x5a9fc00f4210 62, 15 0, L_0x7b5963e54310; 1 drivers
L_0x7b5963e543a0 .functor BUFT 1, C4<xxxxxxxxxxxxxxxx>, C4<0>, C4<0>, C4<0>;
v0x5a9fc00f4210_63 .net v0x5a9fc00f4210 63, 15 0, L_0x7b5963e543a0; 1 drivers
L_0x5a9fc018a2b0 .array/port v0x5a9fc00f4210, L_0x5a9fc018a350;
L_0x5a9fc018a350 .concat [ 6 2 0 0], L_0x5a9fc0189d90, L_0x7b5963e51fa0;
L_0x5a9fc018a4e0 .array/port v0x5a9fc0108340, L_0x5a9fc018a580;
L_0x5a9fc018a580 .concat [ 6 2 0 0], L_0x5a9fc0189d90, L_0x7b5963e51fe8;
S_0x5a9fc00f2870 .scope function.vec4.u32, "log2" "log2" 5 20, 5 20 0, S_0x5a9fc00fd600;
 .timescale -9 -12;
; Variable log2 is vec4 return value of scope S_0x5a9fc00f2870
v0x5a9fc00f2350_0 .var/i "value", 31 0;
v0x5a9fc00f2430_0 .var/i "x", 31 0;
TD_fft_accel.FFT_inst.SU2.log2 ;
    %load/vec4 v0x5a9fc00f2430_0;
    %subi 1, 0, 32;
    %store/vec4 v0x5a9fc00f2350_0, 0, 32;
    %pushi/vec4 0, 0, 32;
    %ret/vec4 0, 0, 32;  Assign to log2 (store_vec4_to_lval)
T_1.2 ;
    %load/vec4 v0x5a9fc00f2350_0;
    %cmpi/s 0, 0, 32;
    %flag_or 5, 4; GT is !LE
    %flag_inv 5;
    %jmp/0xz T_1.3, 5;
    %load/vec4 v0x5a9fc00f2350_0;
    %ix/load 4, 1, 0;
    %flag_set/imm 4, 0;
    %shiftr 4;
    %store/vec4 v0x5a9fc00f2350_0, 0, 32;
    %retload/vec4 0; Load log2 (draw_signal_vec4)
    %addi 1, 0, 32;
    %ret/vec4 0, 0, 32;  Assign to log2 (store_vec4_to_lval)
    %jmp T_1.2;
T_1.3 ;
    %end;
S_0x5a9fc00e13b0 .scope module, "SU3" "SdfUnit" 4 51, 5 4 0, S_0x5a9fc011fe10;
 .timescale -9 -12;
    .port_info 0 /INPUT 1 "clock";
    .port_info 1 /INPUT 1 "reset";
    .port_info 2 /INPUT 1 "di_en";
    .port_info 3 /INPUT 16 "di_re";
    .port_info 4 /INPUT 16 "di_im";
    .port_info 5 /OUTPUT 1 "do_en";
    .port_info 6 /OUTPUT 16 "do_re";
    .port_info 7 /OUTPUT 16 "do_im";
P_0x5a9fc00e0e90 .param/l "LOG_M" 1 5 31, +C4<00000000000000000000000000000010>;
P_0x5a9fc00e0ed0 .param/l "LOG_N" 1 5 30, +C4<00000000000000000000000000000110>;
P_0x5a9fc00e0f10 .param/l "M" 0 5 6, +C4<00000000000000000000000000000100>;
P_0x5a9fc00e0f50 .param/l "N" 0 5 5, +C4<00000000000000000000000001000000>;
P_0x5a9fc00e0f90 .param/l "WIDTH" 0 5 7, +C4<00000000000000000000000000010000>;
L_0x5a9fc01957f0 .functor BUFZ 1, v0x5a9fc0165ea0_0, C4<0>, C4<0>, C4<0>;
L_0x5a9fc01969d0 .functor BUFZ 16, v0x5a9fc0166040_0, C4<0000000000000000>, C4<0000000000000000>, C4<0000000000000000>;
L_0x5a9fc0196a90 .functor BUFZ 16, v0x5a9fc0165f60_0, C4<0000000000000000>, C4<0000000000000000>, C4<0000000000000000>;
L_0x7b5963e54550 .functor BUFT 1, C4<xxxxxxxxxxxxxxxx>, C4<0>, C4<0>, C4<0>;
v0x5a9fc014dce0_0 .net *"_ivl_10", 15 0, L_0x7b5963e54550;  1 drivers
L_0x7b5963e54940 .functor BUFT 1, C4<0000>, C4<0>, C4<0>, C4<0>;
v0x5a9fc014d0e0_0 .net *"_ivl_101", 3 0, L_0x7b5963e54940;  1 drivers
v0x5a9fc014d1c0_0 .net *"_ivl_105", 5 0, L_0x5a9fc0192d00;  1 drivers
L_0x7b5963e54988 .functor BUFT 1, C4<00>, C4<0>, C4<0>, C4<0>;
v0x5a9fc014c570_0 .net *"_ivl_108", 1 0, L_0x7b5963e54988;  1 drivers
v0x5a9fc014c650_0 .net *"_ivl_109", 5 0, L_0x5a9fc0192e40;  1 drivers
L_0x7b5963e549d0 .functor BUFT 1, C4<0000>, C4<0>, C4<0>, C4<0>;
v0x5a9fc00c9800_0 .net *"_ivl_112", 3 0, L_0x7b5963e549d0;  1 drivers
L_0x7b5963e56ea8 .functor BUFT 1, C4<xxxxxxxxxxxxxxxx>, C4<0>, C4<0>, C4<0>;
v0x5a9fc00c98e0_0 .net *"_ivl_115", 15 0, L_0x7b5963e56ea8;  1 drivers
L_0x7b5963e56ef0 .functor BUFT 1, C4<xxxxxxxxxxxxxxxx>, C4<0>, C4<0>, C4<0>;
v0x5a9fc00c8770_0 .net *"_ivl_119", 15 0, L_0x7b5963e56ef0;  1 drivers
L_0x7b5963e54598 .functor BUFT 1, C4<xxxxxxxxxxxxxxxx>, C4<0>, C4<0>, C4<0>;
v0x5a9fc00c8850_0 .net *"_ivl_14", 15 0, L_0x7b5963e54598;  1 drivers
L_0x7b5963e544c0 .functor BUFT 1, C4<xxxxxxxxxxxxxxxx>, C4<0>, C4<0>, C4<0>;
v0x5a9fc00f6fd0_0 .net *"_ivl_2", 15 0, L_0x7b5963e544c0;  1 drivers
v0x5a9fc00fc030_0 .net *"_ivl_22", 15 0, L_0x5a9fc018f560;  1 drivers
L_0x7b5963e545e0 .functor BUFT 1, C4<0000000000000000>, C4<0>, C4<0>, C4<0>;
v0x5a9fc00fc0f0_0 .net *"_ivl_26", 15 0, L_0x7b5963e545e0;  1 drivers
v0x5a9fc00fb520_0 .net *"_ivl_29", 15 0, L_0x5a9fc018f810;  1 drivers
v0x5a9fc00fb600_0 .net *"_ivl_30", 15 0, L_0x5a9fc018f920;  1 drivers
v0x5a9fc00faa10_0 .net *"_ivl_34", 31 0, L_0x5a9fc018fb70;  1 drivers
L_0x7b5963e54628 .functor BUFT 1, C4<00000000000000000000000000>, C4<0>, C4<0>, C4<0>;
v0x5a9fc00faaf0_0 .net *"_ivl_37", 25 0, L_0x7b5963e54628;  1 drivers
L_0x7b5963e54670 .functor BUFT 1, C4<00000000000000000000000000000001>, C4<0>, C4<0>, C4<0>;
v0x5a9fc00f9f00_0 .net/2u *"_ivl_38", 31 0, L_0x7b5963e54670;  1 drivers
v0x5a9fc00f9120_0 .net *"_ivl_42", 31 0, L_0x5a9fc018fdf0;  1 drivers
L_0x7b5963e546b8 .functor BUFT 1, C4<00000000000000000000000000>, C4<0>, C4<0>, C4<0>;
v0x5a9fc00f9200_0 .net *"_ivl_45", 25 0, L_0x7b5963e546b8;  1 drivers
L_0x7b5963e54700 .functor BUFT 1, C4<00000000000000000000000000111111>, C4<0>, C4<0>, C4<0>;
v0x5a9fc00f85e0_0 .net/2u *"_ivl_46", 31 0, L_0x7b5963e54700;  1 drivers
v0x5a9fc00f86c0_0 .net *"_ivl_51", 1 0, L_0x5a9fc01900b0;  1 drivers
L_0x7b5963e54748 .functor BUFT 1, C4<11>, C4<0>, C4<0>, C4<0>;
v0x5a9fc00f7a70_0 .net/2u *"_ivl_52", 1 0, L_0x7b5963e54748;  1 drivers
L_0x7b5963e54790 .functor BUFT 1, C4<xxxxxxxxxxxxxxxx>, C4<0>, C4<0>, C4<0>;
v0x5a9fc00f7b50_0 .net *"_ivl_56", 15 0, L_0x7b5963e54790;  1 drivers
L_0x7b5963e54508 .functor BUFT 1, C4<xxxxxxxxxxxxxxxx>, C4<0>, C4<0>, C4<0>;
v0x5a9fc0074ae0_0 .net *"_ivl_6", 15 0, L_0x7b5963e54508;  1 drivers
L_0x7b5963e547d8 .functor BUFT 1, C4<xxxxxxxxxxxxxxxx>, C4<0>, C4<0>, C4<0>;
v0x5a9fc0074bc0_0 .net *"_ivl_60", 15 0, L_0x7b5963e547d8;  1 drivers
L_0x7b5963e54820 .functor BUFT 1, C4<xxxxxxxxxxxxxxxx>, C4<0>, C4<0>, C4<0>;
v0x5a9fc00a20c0_0 .net *"_ivl_64", 15 0, L_0x7b5963e54820;  1 drivers
L_0x7b5963e54868 .functor BUFT 1, C4<xxxxxxxxxxxxxxxx>, C4<0>, C4<0>, C4<0>;
v0x5a9fc00a21a0_0 .net *"_ivl_68", 15 0, L_0x7b5963e54868;  1 drivers
v0x5a9fc00a71f0_0 .net *"_ivl_80", 31 0, L_0x5a9fc0192170;  1 drivers
L_0x7b5963e548b0 .functor BUFT 1, C4<00000000000000000000000000>, C4<0>, C4<0>, C4<0>;
v0x5a9fc00a72d0_0 .net *"_ivl_83", 25 0, L_0x7b5963e548b0;  1 drivers
L_0x7b5963e548f8 .functor BUFT 1, C4<00000000000000000000000000111111>, C4<0>, C4<0>, C4<0>;
v0x5a9fc00a66e0_0 .net/2u *"_ivl_84", 31 0, L_0x7b5963e548f8;  1 drivers
v0x5a9fc00a67c0_0 .net *"_ivl_91", 0 0, L_0x5a9fc01923f0;  1 drivers
v0x5a9fc00a5bd0_0 .net *"_ivl_96", 0 0, L_0x5a9fc01926d0;  1 drivers
v0x5a9fc00a5cb0_0 .net *"_ivl_97", 5 0, L_0x5a9fc0192a00;  1 drivers
v0x5a9fc00a50c0_0 .net *"_ivl_99", 1 0, L_0x5a9fc01927c0;  1 drivers
v0x5a9fc00a51a0_0 .net "bf1_bf", 0 0, L_0x5a9fc018db50;  1 drivers
v0x5a9fc00a42e0_0 .var "bf1_count", 5 0;
v0x5a9fc00a43c0_0 .var "bf1_do_im", 15 0;
v0x5a9fc00a37a0_0 .var "bf1_do_re", 15 0;
v0x5a9fc00a3880_0 .net "bf1_end", 0 0, L_0x5a9fc018fee0;  1 drivers
v0x5a9fc00a2c30_0 .net "bf1_mj", 0 0, L_0x5a9fc01901a0;  1 drivers
v0x5a9fc00a2cf0_0 .var "bf1_sp_en", 0 0;
v0x5a9fc0165550_0 .net "bf1_sp_im", 15 0, L_0x5a9fc018fa10;  1 drivers
v0x5a9fc01655f0_0 .net "bf1_sp_re", 15 0, L_0x5a9fc018f770;  1 drivers
v0x5a9fc0165690_0 .net "bf1_start", 0 0, L_0x5a9fc018fcb0;  1 drivers
v0x5a9fc0165730_0 .net "bf1_x0_im", 15 0, L_0x5a9fc018ddd0;  1 drivers
v0x5a9fc01657d0_0 .net "bf1_x0_re", 15 0, L_0x5a9fc018dbf0;  1 drivers
v0x5a9fc0165870_0 .net "bf1_x1_im", 15 0, L_0x5a9fc018e0e0;  1 drivers
v0x5a9fc0165910_0 .net "bf1_x1_re", 15 0, L_0x5a9fc018df60;  1 drivers
v0x5a9fc01659e0_0 .net "bf1_y0_im", 15 0, L_0x5a9fc018ef30;  1 drivers
v0x5a9fc0165ab0_0 .net "bf1_y0_re", 15 0, L_0x5a9fc018ee40;  1 drivers
v0x5a9fc0165b80_0 .net "bf1_y1_im", 15 0, L_0x5a9fc018f1b0;  1 drivers
v0x5a9fc0165c50_0 .net "bf1_y1_re", 15 0, L_0x5a9fc018f070;  1 drivers
v0x5a9fc0165d20_0 .var "bf2_bf", 0 0;
v0x5a9fc0165dc0_0 .var "bf2_count", 5 0;
v0x5a9fc0165ea0_0 .var "bf2_do_en", 0 0;
v0x5a9fc0165f60_0 .var "bf2_do_im", 15 0;
v0x5a9fc0166040_0 .var "bf2_do_re", 15 0;
v0x5a9fc0166120_0 .net "bf2_end", 0 0, L_0x5a9fc0192210;  1 drivers
v0x5a9fc01661e0_0 .var "bf2_sp_en", 0 0;
v0x5a9fc01662a0_0 .net "bf2_sp_im", 15 0, L_0x5a9fc0191ee0;  1 drivers
v0x5a9fc0166380_0 .net "bf2_sp_re", 15 0, L_0x5a9fc0191db0;  1 drivers
v0x5a9fc0166460_0 .var "bf2_start", 0 0;
v0x5a9fc0166520_0 .net "bf2_x0_im", 15 0, L_0x5a9fc0190510;  1 drivers
v0x5a9fc0166610_0 .net "bf2_x0_re", 15 0, L_0x5a9fc0190380;  1 drivers
v0x5a9fc01666e0_0 .net "bf2_x1_im", 15 0, L_0x5a9fc0190840;  1 drivers
v0x5a9fc0166bc0_0 .net "bf2_x1_re", 15 0, L_0x5a9fc01902e0;  1 drivers
v0x5a9fc0166c90_0 .net "bf2_y0_im", 15 0, L_0x5a9fc0191610;  1 drivers
v0x5a9fc0166d60_0 .net "bf2_y0_re", 15 0, L_0x5a9fc0191520;  1 drivers
v0x5a9fc0166e30_0 .net "bf2_y1_im", 15 0, L_0x5a9fc0191890;  1 drivers
v0x5a9fc0166f00_0 .net "bf2_y1_re", 15 0, L_0x5a9fc0191750;  1 drivers
v0x5a9fc0166fd0_0 .net "clock", 0 0, o0x7b5963e99728;  alias, 0 drivers
v0x5a9fc0167070_0 .net "db1_di_im", 15 0, L_0x5a9fc018f470;  1 drivers
v0x5a9fc0167140_0 .net "db1_di_re", 15 0, L_0x5a9fc018f380;  1 drivers
v0x5a9fc0098910_1 .array/port v0x5a9fc0098910, 1;
v0x5a9fc0167210_0 .net "db1_do_im", 15 0, v0x5a9fc0098910_1;  1 drivers
v0x5a9fc0098370_1 .array/port v0x5a9fc0098370, 1;
v0x5a9fc01672e0_0 .net "db1_do_re", 15 0, v0x5a9fc0098370_1;  1 drivers
v0x5a9fc01673b0_0 .net "db2_di_im", 15 0, L_0x5a9fc0191ba0;  1 drivers
v0x5a9fc0167470_0 .net "db2_di_re", 15 0, L_0x5a9fc0191a60;  1 drivers
v0x5a9fc0095a10_0 .array/port v0x5a9fc0095a10, 0;
v0x5a9fc0167530_0 .net "db2_do_im", 15 0, v0x5a9fc0095a10_0;  1 drivers
v0x5a9fc0095ad0_0 .array/port v0x5a9fc0095ad0, 0;
v0x5a9fc0167600_0 .net "db2_do_re", 15 0, v0x5a9fc0095ad0_0;  1 drivers
v0x5a9fc01676d0_0 .var "di_count", 5 0;
v0x5a9fc0167790_0 .net "di_en", 0 0, L_0x5a9fc018c770;  alias, 1 drivers
v0x5a9fc0167860_0 .net "di_im", 15 0, v0x5a9fc00e3790_0;  alias, 1 drivers
v0x5a9fc0167930_0 .net "di_re", 15 0, v0x5a9fc00e3850_0;  alias, 1 drivers
v0x5a9fc0167a00_0 .net "do_en", 0 0, L_0x5a9fc01957f0;  alias, 1 drivers
v0x5a9fc0167aa0_0 .net "do_im", 15 0, L_0x5a9fc0196a90;  alias, 1 drivers
v0x5a9fc0167b80_0 .net "do_re", 15 0, L_0x5a9fc01969d0;  alias, 1 drivers
v0x5a9fc0167c60_0 .net "mu_a_im", 15 0, L_0x5a9fc0194aa0;  1 drivers
v0x5a9fc0167d50_0 .net "mu_a_re", 15 0, L_0x5a9fc0194820;  1 drivers
v0x5a9fc0167e20_0 .var "mu_do_en", 0 0;
v0x5a9fc0167ec0_0 .var "mu_do_im", 15 0;
v0x5a9fc0167fa0_0 .var "mu_do_re", 15 0;
v0x5a9fc0168080_0 .var "mu_en", 0 0;
v0x5a9fc0168140_0 .net "mu_m_im", 15 0, L_0x5a9fc0196760;  1 drivers
v0x5a9fc0168230_0 .net "mu_m_re", 15 0, L_0x5a9fc01965d0;  1 drivers
v0x5a9fc0168300_0 .net "reset", 0 0, L_0x5a9fc0196b50;  alias, 1 drivers
v0x5a9fc01683a0_0 .net "tw_addr", 5 0, L_0x5a9fc0192c30;  1 drivers
v0x5a9fc0168440_0 .net "tw_im", 15 0, v0x5a9fc008c0f0_0;  1 drivers
v0x5a9fc0168530_0 .net "tw_num", 3 0, L_0x5a9fc0192af0;  1 drivers
v0x5a9fc0168610_0 .net "tw_re", 15 0, v0x5a9fc008bb30_0;  1 drivers
v0x5a9fc0168720_0 .net "tw_sel", 1 0, L_0x5a9fc01924e0;  1 drivers
L_0x5a9fc018db50 .part v0x5a9fc01676d0_0, 1, 1;
L_0x5a9fc018dbf0 .functor MUXZ 16, L_0x7b5963e544c0, v0x5a9fc0098370_1, L_0x5a9fc018db50, C4<>;
L_0x5a9fc018ddd0 .functor MUXZ 16, L_0x7b5963e54508, v0x5a9fc0098910_1, L_0x5a9fc018db50, C4<>;
L_0x5a9fc018df60 .functor MUXZ 16, L_0x7b5963e54550, v0x5a9fc00e3850_0, L_0x5a9fc018db50, C4<>;
L_0x5a9fc018e0e0 .functor MUXZ 16, L_0x7b5963e54598, v0x5a9fc00e3790_0, L_0x5a9fc018db50, C4<>;
L_0x5a9fc018f380 .functor MUXZ 16, v0x5a9fc00e3850_0, L_0x5a9fc018f070, L_0x5a9fc018db50, C4<>;
L_0x5a9fc018f470 .functor MUXZ 16, v0x5a9fc00e3790_0, L_0x5a9fc018f1b0, L_0x5a9fc018db50, C4<>;
L_0x5a9fc018f560 .functor MUXZ 16, v0x5a9fc0098370_1, v0x5a9fc0098910_1, L_0x5a9fc01901a0, C4<>;
L_0x5a9fc018f770 .functor MUXZ 16, L_0x5a9fc018f560, L_0x5a9fc018ee40, L_0x5a9fc018db50, C4<>;
L_0x5a9fc018f810 .arith/sub 16, L_0x7b5963e545e0, v0x5a9fc0098370_1;
L_0x5a9fc018f920 .functor MUXZ 16, v0x5a9fc0098910_1, L_0x5a9fc018f810, L_0x5a9fc01901a0, C4<>;
L_0x5a9fc018fa10 .functor MUXZ 16, L_0x5a9fc018f920, L_0x5a9fc018ef30, L_0x5a9fc018db50, C4<>;
L_0x5a9fc018fb70 .concat [ 6 26 0 0], v0x5a9fc01676d0_0, L_0x7b5963e54628;
L_0x5a9fc018fcb0 .cmp/eq 32, L_0x5a9fc018fb70, L_0x7b5963e54670;
L_0x5a9fc018fdf0 .concat [ 6 26 0 0], v0x5a9fc00a42e0_0, L_0x7b5963e546b8;
L_0x5a9fc018fee0 .cmp/eq 32, L_0x5a9fc018fdf0, L_0x7b5963e54700;
L_0x5a9fc01900b0 .part v0x5a9fc00a42e0_0, 0, 2;
L_0x5a9fc01901a0 .cmp/eq 2, L_0x5a9fc01900b0, L_0x7b5963e54748;
L_0x5a9fc0190380 .functor MUXZ 16, L_0x7b5963e54790, v0x5a9fc0095ad0_0, v0x5a9fc0165d20_0, C4<>;
L_0x5a9fc0190510 .functor MUXZ 16, L_0x7b5963e547d8, v0x5a9fc0095a10_0, v0x5a9fc0165d20_0, C4<>;
L_0x5a9fc01902e0 .functor MUXZ 16, L_0x7b5963e54820, v0x5a9fc00a37a0_0, v0x5a9fc0165d20_0, C4<>;
L_0x5a9fc0190840 .functor MUXZ 16, L_0x7b5963e54868, v0x5a9fc00a43c0_0, v0x5a9fc0165d20_0, C4<>;
L_0x5a9fc0191a60 .functor MUXZ 16, v0x5a9fc00a37a0_0, L_0x5a9fc0191750, v0x5a9fc0165d20_0, C4<>;
L_0x5a9fc0191ba0 .functor MUXZ 16, v0x5a9fc00a43c0_0, L_0x5a9fc0191890, v0x5a9fc0165d20_0, C4<>;
L_0x5a9fc0191db0 .functor MUXZ 16, v0x5a9fc0095ad0_0, L_0x5a9fc0191520, v0x5a9fc0165d20_0, C4<>;
L_0x5a9fc0191ee0 .functor MUXZ 16, v0x5a9fc0095a10_0, L_0x5a9fc0191610, v0x5a9fc0165d20_0, C4<>;
L_0x5a9fc0192170 .concat [ 6 26 0 0], v0x5a9fc0165dc0_0, L_0x7b5963e548b0;
L_0x5a9fc0192210 .cmp/eq 32, L_0x5a9fc0192170, L_0x7b5963e548f8;
L_0x5a9fc01923f0 .part v0x5a9fc0165dc0_0, 0, 1;
L_0x5a9fc01924e0 .concat8 [ 1 1 0 0], L_0x5a9fc01926d0, L_0x5a9fc01923f0;
L_0x5a9fc01926d0 .part v0x5a9fc0165dc0_0, 1, 1;
L_0x5a9fc01927c0 .part v0x5a9fc0165dc0_0, 0, 2;
L_0x5a9fc0192a00 .concat [ 4 2 0 0], L_0x7b5963e54940, L_0x5a9fc01927c0;
L_0x5a9fc0192af0 .part L_0x5a9fc0192a00, 0, 4;
L_0x5a9fc0192d00 .concat [ 4 2 0 0], L_0x5a9fc0192af0, L_0x7b5963e54988;
L_0x5a9fc0192e40 .concat [ 2 4 0 0], L_0x5a9fc01924e0, L_0x7b5963e549d0;
L_0x5a9fc0192c30 .arith/mult 6, L_0x5a9fc0192d00, L_0x5a9fc0192e40;
L_0x5a9fc0194820 .functor MUXZ 16, L_0x7b5963e56ea8, v0x5a9fc0166040_0, v0x5a9fc0168080_0, C4<>;
L_0x5a9fc0194aa0 .functor MUXZ 16, L_0x7b5963e56ef0, v0x5a9fc0165f60_0, v0x5a9fc0168080_0, C4<>;
S_0x5a9fc00c1200 .scope module, "BF1" "Butterfly" 5 118, 6 4 0, S_0x5a9fc00e13b0;
 .timescale 0 0;
    .port_info 0 /INPUT 16 "x0_re";
    .port_info 1 /INPUT 16 "x0_im";
    .port_info 2 /INPUT 16 "x1_re";
    .port_info 3 /INPUT 16 "x1_im";
    .port_info 4 /OUTPUT 16 "y0_re";
    .port_info 5 /OUTPUT 16 "y0_im";
    .port_info 6 /OUTPUT 16 "y1_re";
    .port_info 7 /OUTPUT 16 "y1_im";
P_0x5a9fc00f0490 .param/l "RH" 0 6 6, +C4<00000000000000000000000000000000>;
P_0x5a9fc00f04d0 .param/l "WIDTH" 0 6 5, +C4<00000000000000000000000000010000>;
v0x5a9fc00bfaf0_0 .net/s *"_ivl_0", 16 0, L_0x5a9fc018e260;  1 drivers
v0x5a9fc00b1080_0 .net/s *"_ivl_12", 16 0, L_0x5a9fc018e780;  1 drivers
v0x5a9fc00b1180_0 .net/s *"_ivl_14", 16 0, L_0x5a9fc018e8b0;  1 drivers
v0x5a9fc00b3520_0 .net/s *"_ivl_18", 16 0, L_0x5a9fc018ead0;  1 drivers
v0x5a9fc00b35e0_0 .net/s *"_ivl_2", 16 0, L_0x5a9fc018e300;  1 drivers
v0x5a9fc00b29c0_0 .net/s *"_ivl_20", 16 0, L_0x5a9fc018ec00;  1 drivers
v0x5a9fc00b1d40_0 .net/s *"_ivl_6", 16 0, L_0x5a9fc018e500;  1 drivers
v0x5a9fc00b1e20_0 .net/s *"_ivl_8", 16 0, L_0x5a9fc018e5a0;  1 drivers
v0x5a9fc0064850_0 .net/s "add_im", 16 0, L_0x5a9fc018e640;  1 drivers
v0x5a9fc0064930_0 .net/s "add_re", 16 0, L_0x5a9fc018e3a0;  1 drivers
v0x5a9fc009fe10_0 .net/s "sub_im", 16 0, L_0x5a9fc018ed30;  1 drivers
v0x5a9fc009fed0_0 .net/s "sub_re", 16 0, L_0x5a9fc018ea30;  1 drivers
v0x5a9fc009f8f0_0 .net/s "x0_im", 15 0, L_0x5a9fc018ddd0;  alias, 1 drivers
v0x5a9fc009f9d0_0 .net/s "x0_re", 15 0, L_0x5a9fc018dbf0;  alias, 1 drivers
v0x5a9fc009f3f0_0 .net/s "x1_im", 15 0, L_0x5a9fc018e0e0;  alias, 1 drivers
v0x5a9fc009f4d0_0 .net/s "x1_re", 15 0, L_0x5a9fc018df60;  alias, 1 drivers
v0x5a9fc009eef0_0 .net/s "y0_im", 15 0, L_0x5a9fc018ef30;  alias, 1 drivers
v0x5a9fc009e990_0 .net/s "y0_re", 15 0, L_0x5a9fc018ee40;  alias, 1 drivers
v0x5a9fc009ea70_0 .net/s "y1_im", 15 0, L_0x5a9fc018f1b0;  alias, 1 drivers
v0x5a9fc009e470_0 .net/s "y1_re", 15 0, L_0x5a9fc018f070;  alias, 1 drivers
L_0x5a9fc018e260 .extend/s 17, L_0x5a9fc018dbf0;
L_0x5a9fc018e300 .extend/s 17, L_0x5a9fc018df60;
L_0x5a9fc018e3a0 .arith/sum 17, L_0x5a9fc018e260, L_0x5a9fc018e300;
L_0x5a9fc018e500 .extend/s 17, L_0x5a9fc018ddd0;
L_0x5a9fc018e5a0 .extend/s 17, L_0x5a9fc018e0e0;
L_0x5a9fc018e640 .arith/sum 17, L_0x5a9fc018e500, L_0x5a9fc018e5a0;
L_0x5a9fc018e780 .extend/s 17, L_0x5a9fc018dbf0;
L_0x5a9fc018e8b0 .extend/s 17, L_0x5a9fc018df60;
L_0x5a9fc018ea30 .arith/sub 17, L_0x5a9fc018e780, L_0x5a9fc018e8b0;
L_0x5a9fc018ead0 .extend/s 17, L_0x5a9fc018ddd0;
L_0x5a9fc018ec00 .extend/s 17, L_0x5a9fc018e0e0;
L_0x5a9fc018ed30 .arith/sub 17, L_0x5a9fc018ead0, L_0x5a9fc018ec00;
L_0x5a9fc018ee40 .part L_0x5a9fc018e3a0, 0, 16;
L_0x5a9fc018ef30 .part L_0x5a9fc018e640, 0, 16;
L_0x5a9fc018f070 .part L_0x5a9fc018ea30, 0, 16;
L_0x5a9fc018f1b0 .part L_0x5a9fc018ed30, 0, 16;
S_0x5a9fc009df50 .scope module, "BF2" "Butterfly" 5 175, 6 4 0, S_0x5a9fc00e13b0;
 .timescale 0 0;
    .port_info 0 /INPUT 16 "x0_re";
    .port_info 1 /INPUT 16 "x0_im";
    .port_info 2 /INPUT 16 "x1_re";
    .port_info 3 /INPUT 16 "x1_im";
    .port_info 4 /OUTPUT 16 "y0_re";
    .port_info 5 /OUTPUT 16 "y0_im";
    .port_info 6 /OUTPUT 16 "y1_re";
    .port_info 7 /OUTPUT 16 "y1_im";
P_0x5a9fc00c0610 .param/l "RH" 0 6 6, +C4<00000000000000000000000000000001>;
P_0x5a9fc00c0650 .param/l "WIDTH" 0 6 5, +C4<00000000000000000000000000010000>;
v0x5a9fc009cff0_0 .net/s *"_ivl_0", 16 0, L_0x5a9fc01909f0;  1 drivers
v0x5a9fc009d0b0_0 .net/s *"_ivl_12", 16 0, L_0x5a9fc0190ef0;  1 drivers
v0x5a9fc009cad0_0 .net/s *"_ivl_14", 16 0, L_0x5a9fc0190f90;  1 drivers
v0x5a9fc009cbc0_0 .net/s *"_ivl_18", 16 0, L_0x5a9fc01911b0;  1 drivers
v0x5a9fc009c5b0_0 .net/s *"_ivl_2", 16 0, L_0x5a9fc0190a90;  1 drivers
v0x5a9fc009c090_0 .net/s *"_ivl_20", 16 0, L_0x5a9fc01912e0;  1 drivers
v0x5a9fc009c170_0 .net/s *"_ivl_6", 16 0, L_0x5a9fc0190c70;  1 drivers
v0x5a9fc009bb70_0 .net/s *"_ivl_8", 16 0, L_0x5a9fc0190d10;  1 drivers
v0x5a9fc009bc50_0 .net/s "add_im", 16 0, L_0x5a9fc0190db0;  1 drivers
v0x5a9fc009b650_0 .net/s "add_re", 16 0, L_0x5a9fc0190b30;  1 drivers
v0x5a9fc009b730_0 .net/s "sub_im", 16 0, L_0x5a9fc0191410;  1 drivers
v0x5a9fc009b130_0 .net/s "sub_re", 16 0, L_0x5a9fc0191110;  1 drivers
v0x5a9fc009b210_0 .net/s "x0_im", 15 0, L_0x5a9fc0190510;  alias, 1 drivers
v0x5a9fc009ac30_0 .net/s "x0_re", 15 0, L_0x5a9fc0190380;  alias, 1 drivers
v0x5a9fc009ad10_0 .net/s "x1_im", 15 0, L_0x5a9fc0190840;  alias, 1 drivers
v0x5a9fc009a730_0 .net/s "x1_re", 15 0, L_0x5a9fc01902e0;  alias, 1 drivers
v0x5a9fc009a1d0_0 .net/s "y0_im", 15 0, L_0x5a9fc0191610;  alias, 1 drivers
v0x5a9fc009a270_0 .net/s "y0_re", 15 0, L_0x5a9fc0191520;  alias, 1 drivers
v0x5a9fc0099790_0 .net/s "y1_im", 15 0, L_0x5a9fc0191890;  alias, 1 drivers
v0x5a9fc0099850_0 .net/s "y1_re", 15 0, L_0x5a9fc0191750;  alias, 1 drivers
L_0x5a9fc01909f0 .extend/s 17, L_0x5a9fc0190380;
L_0x5a9fc0190a90 .extend/s 17, L_0x5a9fc01902e0;
L_0x5a9fc0190b30 .arith/sum 17, L_0x5a9fc01909f0, L_0x5a9fc0190a90;
L_0x5a9fc0190c70 .extend/s 17, L_0x5a9fc0190510;
L_0x5a9fc0190d10 .extend/s 17, L_0x5a9fc0190840;
L_0x5a9fc0190db0 .arith/sum 17, L_0x5a9fc0190c70, L_0x5a9fc0190d10;
L_0x5a9fc0190ef0 .extend/s 17, L_0x5a9fc0190380;
L_0x5a9fc0190f90 .extend/s 17, L_0x5a9fc01902e0;
L_0x5a9fc0191110 .arith/sub 17, L_0x5a9fc0190ef0, L_0x5a9fc0190f90;
L_0x5a9fc01911b0 .extend/s 17, L_0x5a9fc0190510;
L_0x5a9fc01912e0 .extend/s 17, L_0x5a9fc0190840;
L_0x5a9fc0191410 .arith/sub 17, L_0x5a9fc01911b0, L_0x5a9fc01912e0;
L_0x5a9fc0191520 .part L_0x5a9fc0190b30, 0, 16;
L_0x5a9fc0191610 .part L_0x5a9fc0190db0, 0, 16;
L_0x5a9fc0191750 .part L_0x5a9fc0191110, 0, 16;
L_0x5a9fc0191890 .part L_0x5a9fc0191410, 0, 16;
S_0x5a9fc0098d50 .scope module, "DB1" "DelayBuffer" 5 129, 7 4 0, S_0x5a9fc00e13b0;
 .timescale 0 0;
    .port_info 0 /INPUT 1 "clock";
    .port_info 1 /INPUT 16 "di_re";
    .port_info 2 /INPUT 16 "di_im";
    .port_info 3 /OUTPUT 16 "do_re";
    .port_info 4 /OUTPUT 16 "do_im";
P_0x5a9fc009dad0 .param/l "DEPTH" 0 7 5, +C4<00000000000000000000000000000010>;
P_0x5a9fc009db10 .param/l "WIDTH" 0 7 6, +C4<00000000000000000000000000010000>;
v0x5a9fc0098910 .array "buf_im", 1 0, 15 0;
v0x5a9fc0098370 .array "buf_re", 1 0, 15 0;
v0x5a9fc0097df0_0 .net "clock", 0 0, o0x7b5963e99728;  alias, 0 drivers
v0x5a9fc0097ec0_0 .net "di_im", 15 0, L_0x5a9fc018f470;  alias, 1 drivers
v0x5a9fc00973b0_0 .net "di_re", 15 0, L_0x5a9fc018f380;  alias, 1 drivers
v0x5a9fc0096e90_0 .net "do_im", 15 0, v0x5a9fc0098910_1;  alias, 1 drivers
v0x5a9fc0096f70_0 .net "do_re", 15 0, v0x5a9fc0098370_1;  alias, 1 drivers
v0x5a9fc0096970_0 .var/i "n", 31 0;
S_0x5a9fc0096450 .scope module, "DB2" "DelayBuffer" 5 186, 7 4 0, S_0x5a9fc00e13b0;
 .timescale 0 0;
    .port_info 0 /INPUT 1 "clock";
    .port_info 1 /INPUT 16 "di_re";
    .port_info 2 /INPUT 16 "di_im";
    .port_info 3 /OUTPUT 16 "do_re";
    .port_info 4 /OUTPUT 16 "do_im";
P_0x5a9fc0141730 .param/l "DEPTH" 0 7 5, +C4<00000000000000000000000000000001>;
P_0x5a9fc0141770 .param/l "WIDTH" 0 7 6, +C4<00000000000000000000000000010000>;
v0x5a9fc0095a10 .array "buf_im", 0 0, 15 0;
v0x5a9fc0095ad0 .array "buf_re", 0 0, 15 0;
v0x5a9fc00954f0_0 .net "clock", 0 0, o0x7b5963e99728;  alias, 0 drivers
v0x5a9fc00955c0_0 .net "di_im", 15 0, L_0x5a9fc0191ba0;  alias, 1 drivers
v0x5a9fc0094fd0_0 .net "di_re", 15 0, L_0x5a9fc0191a60;  alias, 1 drivers
v0x5a9fc0094ab0_0 .net "do_im", 15 0, v0x5a9fc0095a10_0;  alias, 1 drivers
v0x5a9fc0094b90_0 .net "do_re", 15 0, v0x5a9fc0095ad0_0;  alias, 1 drivers
v0x5a9fc0094590_0 .var/i "n", 31 0;
S_0x5a9fc0094070 .scope module, "MU" "Multiply" 5 250, 8 4 0, S_0x5a9fc00e13b0;
 .timescale -9 -12;
    .port_info 0 /INPUT 16 "a_re";
    .port_info 1 /INPUT 16 "a_im";
    .port_info 2 /INPUT 16 "b_re";
    .port_info 3 /INPUT 16 "b_im";
    .port_info 4 /OUTPUT 16 "m_re";
    .port_info 5 /OUTPUT 16 "m_im";
P_0x5a9fc0093b50 .param/l "WIDTH" 0 8 5, +C4<00000000000000000000000000010000>;
v0x5a9fc0093630_0 .net/s *"_ivl_0", 31 0, L_0x5a9fc0194c30;  1 drivers
v0x5a9fc00936f0_0 .net/s *"_ivl_12", 31 0, L_0x5a9fc0195280;  1 drivers
v0x5a9fc0093110_0 .net/s *"_ivl_14", 31 0, L_0x5a9fc0195320;  1 drivers
v0x5a9fc00931d0_0 .net/s *"_ivl_18", 31 0, L_0x5a9fc0195550;  1 drivers
v0x5a9fc0092bf0_0 .net/s *"_ivl_2", 31 0, L_0x5a9fc0194cd0;  1 drivers
v0x5a9fc00926d0_0 .net/s *"_ivl_20", 31 0, L_0x5a9fc0195680;  1 drivers
v0x5a9fc00927b0_0 .net *"_ivl_24", 31 0, L_0x5a9fc0195950;  1 drivers
v0x5a9fc00921b0_0 .net *"_ivl_26", 16 0, L_0x5a9fc0195860;  1 drivers
v0x5a9fc0092270_0 .net *"_ivl_30", 31 0, L_0x5a9fc0195cb0;  1 drivers
v0x5a9fc0091c90_0 .net *"_ivl_32", 16 0, L_0x5a9fc0195b30;  1 drivers
v0x5a9fc0091d70_0 .net *"_ivl_36", 31 0, L_0x5a9fc0196020;  1 drivers
v0x5a9fc0091770_0 .net *"_ivl_38", 16 0, L_0x5a9fc0195f30;  1 drivers
v0x5a9fc0091850_0 .net *"_ivl_42", 31 0, L_0x5a9fc0196110;  1 drivers
v0x5a9fc0091250_0 .net *"_ivl_44", 16 0, L_0x5a9fc0196210;  1 drivers
v0x5a9fc0091310_0 .net/s *"_ivl_6", 31 0, L_0x5a9fc0194f20;  1 drivers
v0x5a9fc0090d30_0 .net/s *"_ivl_8", 31 0, L_0x5a9fc0195080;  1 drivers
v0x5a9fc0090e10_0 .net/s "a_im", 15 0, L_0x5a9fc0194aa0;  alias, 1 drivers
v0x5a9fc00902f0_0 .net/s "a_re", 15 0, L_0x5a9fc0194820;  alias, 1 drivers
v0x5a9fc00903d0_0 .net/s "aibi", 31 0, L_0x5a9fc0195720;  1 drivers
v0x5a9fc008fdd0_0 .net/s "aibr", 31 0, L_0x5a9fc0195410;  1 drivers
v0x5a9fc008feb0_0 .net/s "arbi", 31 0, L_0x5a9fc01951b0;  1 drivers
v0x5a9fc008f8b0_0 .net/s "arbr", 31 0, L_0x5a9fc0194e00;  1 drivers
v0x5a9fc008f990_0 .net/s "b_im", 15 0, v0x5a9fc008c0f0_0;  alias, 1 drivers
v0x5a9fc008f390_0 .net/s "b_re", 15 0, v0x5a9fc008bb30_0;  alias, 1 drivers
v0x5a9fc008f470_0 .net/s "m_im", 15 0, L_0x5a9fc0196760;  alias, 1 drivers
v0x5a9fc008ee70_0 .net/s "m_re", 15 0, L_0x5a9fc01965d0;  alias, 1 drivers
v0x5a9fc008ef50_0 .net/s "sc_aibi", 15 0, L_0x5a9fc0196410;  1 drivers
v0x5a9fc008e950_0 .net/s "sc_aibr", 15 0, L_0x5a9fc0195e90;  1 drivers
v0x5a9fc008ea30_0 .net/s "sc_arbi", 15 0, L_0x5a9fc0195da0;  1 drivers
v0x5a9fc008e430_0 .net/s "sc_arbr", 15 0, L_0x5a9fc0195a40;  1 drivers
L_0x5a9fc0194c30 .extend/s 32, L_0x5a9fc0194820;
L_0x5a9fc0194cd0 .extend/s 32, v0x5a9fc008bb30_0;
L_0x5a9fc0194e00 .arith/mult 32, L_0x5a9fc0194c30, L_0x5a9fc0194cd0;
L_0x5a9fc0194f20 .extend/s 32, L_0x5a9fc0194820;
L_0x5a9fc0195080 .extend/s 32, v0x5a9fc008c0f0_0;
L_0x5a9fc01951b0 .arith/mult 32, L_0x5a9fc0194f20, L_0x5a9fc0195080;
L_0x5a9fc0195280 .extend/s 32, L_0x5a9fc0194aa0;
L_0x5a9fc0195320 .extend/s 32, v0x5a9fc008bb30_0;
L_0x5a9fc0195410 .arith/mult 32, L_0x5a9fc0195280, L_0x5a9fc0195320;
L_0x5a9fc0195550 .extend/s 32, L_0x5a9fc0194aa0;
L_0x5a9fc0195680 .extend/s 32, v0x5a9fc008c0f0_0;
L_0x5a9fc0195720 .arith/mult 32, L_0x5a9fc0195550, L_0x5a9fc0195680;
L_0x5a9fc0195860 .part L_0x5a9fc0194e00, 15, 17;
L_0x5a9fc0195950 .extend/s 32, L_0x5a9fc0195860;
L_0x5a9fc0195a40 .part L_0x5a9fc0195950, 0, 16;
L_0x5a9fc0195b30 .part L_0x5a9fc01951b0, 15, 17;
L_0x5a9fc0195cb0 .extend/s 32, L_0x5a9fc0195b30;
L_0x5a9fc0195da0 .part L_0x5a9fc0195cb0, 0, 16;
L_0x5a9fc0195f30 .part L_0x5a9fc0195410, 15, 17;
L_0x5a9fc0196020 .extend/s 32, L_0x5a9fc0195f30;
L_0x5a9fc0195e90 .part L_0x5a9fc0196020, 0, 16;
L_0x5a9fc0196210 .part L_0x5a9fc0195720, 15, 17;
L_0x5a9fc0196110 .extend/s 32, L_0x5a9fc0196210;
L_0x5a9fc0196410 .part L_0x5a9fc0196110, 0, 16;
L_0x5a9fc01965d0 .arith/sub 16, L_0x5a9fc0195a40, L_0x5a9fc0196410;
L_0x5a9fc0196760 .arith/sum 16, L_0x5a9fc0195da0, L_0x5a9fc0195e90;
S_0x5a9fc008df10 .scope module, "TW" "Twiddle" 5 235, 9 4 0, S_0x5a9fc00e13b0;
 .timescale -9 -12;
    .port_info 0 /INPUT 1 "clock";
    .port_info 1 /INPUT 6 "addr";
    .port_info 2 /OUTPUT 16 "tw_re";
    .port_info 3 /OUTPUT 16 "tw_im";
P_0x5a9fc008d9f0 .param/l "TW_FF" 0 9 5, +C4<00000000000000000000000000000001>;
L_0x5a9fc018f8b0 .functor BUFZ 16, L_0x5a9fc0193150, C4<0000000000000000>, C4<0000000000000000>, C4<0000000000000000>;
L_0x5a9fc01935a0 .functor BUFZ 16, L_0x5a9fc0193380, C4<0000000000000000>, C4<0000000000000000>, C4<0000000000000000>;
v0x5a9fc008dac0_0 .net *"_ivl_0", 15 0, L_0x5a9fc0193150;  1 drivers
v0x5a9fc008d510_0 .net *"_ivl_10", 7 0, L_0x5a9fc0193420;  1 drivers
L_0x7b5963e54a60 .functor BUFT 1, C4<00>, C4<0>, C4<0>, C4<0>;
v0x5a9fc008cfb0_0 .net *"_ivl_13", 1 0, L_0x7b5963e54a60;  1 drivers
v0x5a9fc008d070_0 .net *"_ivl_2", 7 0, L_0x5a9fc01931f0;  1 drivers
L_0x7b5963e54a18 .functor BUFT 1, C4<00>, C4<0>, C4<0>, C4<0>;
v0x5a9fc008ca90_0 .net *"_ivl_5", 1 0, L_0x7b5963e54a18;  1 drivers
v0x5a9fc008c570_0 .net *"_ivl_8", 15 0, L_0x5a9fc0193380;  1 drivers
v0x5a9fc008c650_0 .net "addr", 5 0, L_0x5a9fc0192c30;  alias, 1 drivers
v0x5a9fc008c050_0 .net "clock", 0 0, o0x7b5963e99728;  alias, 0 drivers
v0x5a9fc008c0f0_0 .var "ff_im", 15 0;
v0x5a9fc008bb30_0 .var "ff_re", 15 0;
v0x5a9fc008bbf0_0 .net "mx_im", 15 0, L_0x5a9fc01935a0;  1 drivers
v0x5a9fc006a770_0 .net "mx_re", 15 0, L_0x5a9fc018f8b0;  1 drivers
v0x5a9fc006a850_0 .net "tw_im", 15 0, v0x5a9fc008c0f0_0;  alias, 1 drivers
v0x5a9fc006cba0_0 .net "tw_re", 15 0, v0x5a9fc008bb30_0;  alias, 1 drivers
L_0x7b5963e54af0 .functor BUFT 1, C4<0000000000000000>, C4<0>, C4<0>, C4<0>;
v0x5a9fc006cc60 .array "wn_im", 63 0;
v0x5a9fc006cc60_0 .net v0x5a9fc006cc60 0, 15 0, L_0x7b5963e54af0; 1 drivers
L_0x7b5963e54b80 .functor BUFT 1, C4<1111001101110100>, C4<0>, C4<0>, C4<0>;
v0x5a9fc006cc60_1 .net v0x5a9fc006cc60 1, 15 0, L_0x7b5963e54b80; 1 drivers
L_0x7b5963e54c10 .functor BUFT 1, C4<1110011100000111>, C4<0>, C4<0>, C4<0>;
v0x5a9fc006cc60_2 .net v0x5a9fc006cc60 2, 15 0, L_0x7b5963e54c10; 1 drivers
L_0x7b5963e54ca0 .functor BUFT 1, C4<1101101011011000>, C4<0>, C4<0>, C4<0>;
v0x5a9fc006cc60_3 .net v0x5a9fc006cc60 3, 15 0, L_0x7b5963e54ca0; 1 drivers
L_0x7b5963e54d30 .functor BUFT 1, C4<1100111100000100>, C4<0>, C4<0>, C4<0>;
v0x5a9fc006cc60_4 .net v0x5a9fc006cc60 4, 15 0, L_0x7b5963e54d30; 1 drivers
L_0x7b5963e54dc0 .functor BUFT 1, C4<1100001110101001>, C4<0>, C4<0>, C4<0>;
v0x5a9fc006cc60_5 .net v0x5a9fc006cc60 5, 15 0, L_0x7b5963e54dc0; 1 drivers
L_0x7b5963e54e50 .functor BUFT 1, C4<1011100011100011>, C4<0>, C4<0>, C4<0>;
v0x5a9fc006cc60_6 .net v0x5a9fc006cc60 6, 15 0, L_0x7b5963e54e50; 1 drivers
L_0x7b5963e54ee0 .functor BUFT 1, C4<1010111011001100>, C4<0>, C4<0>, C4<0>;
v0x5a9fc006cc60_7 .net v0x5a9fc006cc60 7, 15 0, L_0x7b5963e54ee0; 1 drivers
L_0x7b5963e54f70 .functor BUFT 1, C4<1010010101111110>, C4<0>, C4<0>, C4<0>;
v0x5a9fc006cc60_8 .net v0x5a9fc006cc60 8, 15 0, L_0x7b5963e54f70; 1 drivers
L_0x7b5963e55000 .functor BUFT 1, C4<1001110100001110>, C4<0>, C4<0>, C4<0>;
v0x5a9fc006cc60_9 .net v0x5a9fc006cc60 9, 15 0, L_0x7b5963e55000; 1 drivers
L_0x7b5963e55090 .functor BUFT 1, C4<1001010110010010>, C4<0>, C4<0>, C4<0>;
v0x5a9fc006cc60_10 .net v0x5a9fc006cc60 10, 15 0, L_0x7b5963e55090; 1 drivers
L_0x7b5963e55120 .functor BUFT 1, C4<1000111100011101>, C4<0>, C4<0>, C4<0>;
v0x5a9fc006cc60_11 .net v0x5a9fc006cc60 11, 15 0, L_0x7b5963e55120; 1 drivers
L_0x7b5963e551b0 .functor BUFT 1, C4<1000100110111110>, C4<0>, C4<0>, C4<0>;
v0x5a9fc006cc60_12 .net v0x5a9fc006cc60 12, 15 0, L_0x7b5963e551b0; 1 drivers
L_0x7b5963e55240 .functor BUFT 1, C4<1000010110000011>, C4<0>, C4<0>, C4<0>;
v0x5a9fc006cc60_13 .net v0x5a9fc006cc60 13, 15 0, L_0x7b5963e55240; 1 drivers
L_0x7b5963e552d0 .functor BUFT 1, C4<1000001001110110>, C4<0>, C4<0>, C4<0>;
v0x5a9fc006cc60_14 .net v0x5a9fc006cc60 14, 15 0, L_0x7b5963e552d0; 1 drivers
L_0x7b5963e55360 .functor BUFT 1, C4<1000000010011110>, C4<0>, C4<0>, C4<0>;
v0x5a9fc006cc60_15 .net v0x5a9fc006cc60 15, 15 0, L_0x7b5963e55360; 1 drivers
L_0x7b5963e553f0 .functor BUFT 1, C4<1000000000000000>, C4<0>, C4<0>, C4<0>;
v0x5a9fc006cc60_16 .net v0x5a9fc006cc60 16, 15 0, L_0x7b5963e553f0; 1 drivers
L_0x7b5963e55480 .functor BUFT 1, C4<xxxxxxxxxxxxxxxx>, C4<0>, C4<0>, C4<0>;
v0x5a9fc006cc60_17 .net v0x5a9fc006cc60 17, 15 0, L_0x7b5963e55480; 1 drivers
L_0x7b5963e55510 .functor BUFT 1, C4<1000001001110110>, C4<0>, C4<0>, C4<0>;
v0x5a9fc006cc60_18 .net v0x5a9fc006cc60 18, 15 0, L_0x7b5963e55510; 1 drivers
L_0x7b5963e555a0 .functor BUFT 1, C4<xxxxxxxxxxxxxxxx>, C4<0>, C4<0>, C4<0>;
v0x5a9fc006cc60_19 .net v0x5a9fc006cc60 19, 15 0, L_0x7b5963e555a0; 1 drivers
L_0x7b5963e55630 .functor BUFT 1, C4<1000100110111110>, C4<0>, C4<0>, C4<0>;
v0x5a9fc006cc60_20 .net v0x5a9fc006cc60 20, 15 0, L_0x7b5963e55630; 1 drivers
L_0x7b5963e556c0 .functor BUFT 1, C4<1000111100011101>, C4<0>, C4<0>, C4<0>;
v0x5a9fc006cc60_21 .net v0x5a9fc006cc60 21, 15 0, L_0x7b5963e556c0; 1 drivers
L_0x7b5963e55750 .functor BUFT 1, C4<1001010110010010>, C4<0>, C4<0>, C4<0>;
v0x5a9fc006cc60_22 .net v0x5a9fc006cc60 22, 15 0, L_0x7b5963e55750; 1 drivers
L_0x7b5963e557e0 .functor BUFT 1, C4<xxxxxxxxxxxxxxxx>, C4<0>, C4<0>, C4<0>;
v0x5a9fc006cc60_23 .net v0x5a9fc006cc60 23, 15 0, L_0x7b5963e557e0; 1 drivers
L_0x7b5963e55870 .functor BUFT 1, C4<1010010101111110>, C4<0>, C4<0>, C4<0>;
v0x5a9fc006cc60_24 .net v0x5a9fc006cc60 24, 15 0, L_0x7b5963e55870; 1 drivers
L_0x7b5963e55900 .functor BUFT 1, C4<xxxxxxxxxxxxxxxx>, C4<0>, C4<0>, C4<0>;
v0x5a9fc006cc60_25 .net v0x5a9fc006cc60 25, 15 0, L_0x7b5963e55900; 1 drivers
L_0x7b5963e55990 .functor BUFT 1, C4<1011100011100011>, C4<0>, C4<0>, C4<0>;
v0x5a9fc006cc60_26 .net v0x5a9fc006cc60 26, 15 0, L_0x7b5963e55990; 1 drivers
L_0x7b5963e55a20 .functor BUFT 1, C4<1100001110101001>, C4<0>, C4<0>, C4<0>;
v0x5a9fc006cc60_27 .net v0x5a9fc006cc60 27, 15 0, L_0x7b5963e55a20; 1 drivers
L_0x7b5963e55ab0 .functor BUFT 1, C4<1100111100000100>, C4<0>, C4<0>, C4<0>;
v0x5a9fc006cc60_28 .net v0x5a9fc006cc60 28, 15 0, L_0x7b5963e55ab0; 1 drivers
L_0x7b5963e55b40 .functor BUFT 1, C4<xxxxxxxxxxxxxxxx>, C4<0>, C4<0>, C4<0>;
v0x5a9fc006cc60_29 .net v0x5a9fc006cc60 29, 15 0, L_0x7b5963e55b40; 1 drivers
L_0x7b5963e55bd0 .functor BUFT 1, C4<1110011100000111>, C4<0>, C4<0>, C4<0>;
v0x5a9fc006cc60_30 .net v0x5a9fc006cc60 30, 15 0, L_0x7b5963e55bd0; 1 drivers
L_0x7b5963e55c60 .functor BUFT 1, C4<xxxxxxxxxxxxxxxx>, C4<0>, C4<0>, C4<0>;
v0x5a9fc006cc60_31 .net v0x5a9fc006cc60 31, 15 0, L_0x7b5963e55c60; 1 drivers
L_0x7b5963e55cf0 .functor BUFT 1, C4<xxxxxxxxxxxxxxxx>, C4<0>, C4<0>, C4<0>;
v0x5a9fc006cc60_32 .net v0x5a9fc006cc60 32, 15 0, L_0x7b5963e55cf0; 1 drivers
L_0x7b5963e55d80 .functor BUFT 1, C4<0000110010001100>, C4<0>, C4<0>, C4<0>;
v0x5a9fc006cc60_33 .net v0x5a9fc006cc60 33, 15 0, L_0x7b5963e55d80; 1 drivers
L_0x7b5963e55e10 .functor BUFT 1, C4<xxxxxxxxxxxxxxxx>, C4<0>, C4<0>, C4<0>;
v0x5a9fc006cc60_34 .net v0x5a9fc006cc60 34, 15 0, L_0x7b5963e55e10; 1 drivers
L_0x7b5963e55ea0 .functor BUFT 1, C4<xxxxxxxxxxxxxxxx>, C4<0>, C4<0>, C4<0>;
v0x5a9fc006cc60_35 .net v0x5a9fc006cc60 35, 15 0, L_0x7b5963e55ea0; 1 drivers
L_0x7b5963e55f30 .functor BUFT 1, C4<0011000011111100>, C4<0>, C4<0>, C4<0>;
v0x5a9fc006cc60_36 .net v0x5a9fc006cc60 36, 15 0, L_0x7b5963e55f30; 1 drivers
L_0x7b5963e55fc0 .functor BUFT 1, C4<xxxxxxxxxxxxxxxx>, C4<0>, C4<0>, C4<0>;
v0x5a9fc006cc60_37 .net v0x5a9fc006cc60 37, 15 0, L_0x7b5963e55fc0; 1 drivers
L_0x7b5963e56050 .functor BUFT 1, C4<xxxxxxxxxxxxxxxx>, C4<0>, C4<0>, C4<0>;
v0x5a9fc006cc60_38 .net v0x5a9fc006cc60 38, 15 0, L_0x7b5963e56050; 1 drivers
L_0x7b5963e560e0 .functor BUFT 1, C4<0101000100110100>, C4<0>, C4<0>, C4<0>;
v0x5a9fc006cc60_39 .net v0x5a9fc006cc60 39, 15 0, L_0x7b5963e560e0; 1 drivers
L_0x7b5963e56170 .functor BUFT 1, C4<xxxxxxxxxxxxxxxx>, C4<0>, C4<0>, C4<0>;
v0x5a9fc006cc60_40 .net v0x5a9fc006cc60 40, 15 0, L_0x7b5963e56170; 1 drivers
L_0x7b5963e56200 .functor BUFT 1, C4<xxxxxxxxxxxxxxxx>, C4<0>, C4<0>, C4<0>;
v0x5a9fc006cc60_41 .net v0x5a9fc006cc60 41, 15 0, L_0x7b5963e56200; 1 drivers
L_0x7b5963e56290 .functor BUFT 1, C4<0110101001101110>, C4<0>, C4<0>, C4<0>;
v0x5a9fc006cc60_42 .net v0x5a9fc006cc60 42, 15 0, L_0x7b5963e56290; 1 drivers
L_0x7b5963e56320 .functor BUFT 1, C4<xxxxxxxxxxxxxxxx>, C4<0>, C4<0>, C4<0>;
v0x5a9fc006cc60_43 .net v0x5a9fc006cc60 43, 15 0, L_0x7b5963e56320; 1 drivers
L_0x7b5963e563b0 .functor BUFT 1, C4<xxxxxxxxxxxxxxxx>, C4<0>, C4<0>, C4<0>;
v0x5a9fc006cc60_44 .net v0x5a9fc006cc60 44, 15 0, L_0x7b5963e563b0; 1 drivers
L_0x7b5963e56440 .functor BUFT 1, C4<0111101001111101>, C4<0>, C4<0>, C4<0>;
v0x5a9fc006cc60_45 .net v0x5a9fc006cc60 45, 15 0, L_0x7b5963e56440; 1 drivers
L_0x7b5963e564d0 .functor BUFT 1, C4<xxxxxxxxxxxxxxxx>, C4<0>, C4<0>, C4<0>;
v0x5a9fc006cc60_46 .net v0x5a9fc006cc60 46, 15 0, L_0x7b5963e564d0; 1 drivers
L_0x7b5963e56560 .functor BUFT 1, C4<xxxxxxxxxxxxxxxx>, C4<0>, C4<0>, C4<0>;
v0x5a9fc006cc60_47 .net v0x5a9fc006cc60 47, 15 0, L_0x7b5963e56560; 1 drivers
L_0x7b5963e565f0 .functor BUFT 1, C4<xxxxxxxxxxxxxxxx>, C4<0>, C4<0>, C4<0>;
v0x5a9fc006cc60_48 .net v0x5a9fc006cc60 48, 15 0, L_0x7b5963e565f0; 1 drivers
L_0x7b5963e56680 .functor BUFT 1, C4<xxxxxxxxxxxxxxxx>, C4<0>, C4<0>, C4<0>;
v0x5a9fc006cc60_49 .net v0x5a9fc006cc60 49, 15 0, L_0x7b5963e56680; 1 drivers
L_0x7b5963e56710 .functor BUFT 1, C4<xxxxxxxxxxxxxxxx>, C4<0>, C4<0>, C4<0>;
v0x5a9fc006cc60_50 .net v0x5a9fc006cc60 50, 15 0, L_0x7b5963e56710; 1 drivers
L_0x7b5963e567a0 .functor BUFT 1, C4<xxxxxxxxxxxxxxxx>, C4<0>, C4<0>, C4<0>;
v0x5a9fc006cc60_51 .net v0x5a9fc006cc60 51, 15 0, L_0x7b5963e567a0; 1 drivers
L_0x7b5963e56830 .functor BUFT 1, C4<xxxxxxxxxxxxxxxx>, C4<0>, C4<0>, C4<0>;
v0x5a9fc006cc60_52 .net v0x5a9fc006cc60 52, 15 0, L_0x7b5963e56830; 1 drivers
L_0x7b5963e568c0 .functor BUFT 1, C4<xxxxxxxxxxxxxxxx>, C4<0>, C4<0>, C4<0>;
v0x5a9fc006cc60_53 .net v0x5a9fc006cc60 53, 15 0, L_0x7b5963e568c0; 1 drivers
L_0x7b5963e56950 .functor BUFT 1, C4<xxxxxxxxxxxxxxxx>, C4<0>, C4<0>, C4<0>;
v0x5a9fc006cc60_54 .net v0x5a9fc006cc60 54, 15 0, L_0x7b5963e56950; 1 drivers
L_0x7b5963e569e0 .functor BUFT 1, C4<xxxxxxxxxxxxxxxx>, C4<0>, C4<0>, C4<0>;
v0x5a9fc006cc60_55 .net v0x5a9fc006cc60 55, 15 0, L_0x7b5963e569e0; 1 drivers
L_0x7b5963e56a70 .functor BUFT 1, C4<xxxxxxxxxxxxxxxx>, C4<0>, C4<0>, C4<0>;
v0x5a9fc006cc60_56 .net v0x5a9fc006cc60 56, 15 0, L_0x7b5963e56a70; 1 drivers
L_0x7b5963e56b00 .functor BUFT 1, C4<xxxxxxxxxxxxxxxx>, C4<0>, C4<0>, C4<0>;
v0x5a9fc006cc60_57 .net v0x5a9fc006cc60 57, 15 0, L_0x7b5963e56b00; 1 drivers
L_0x7b5963e56b90 .functor BUFT 1, C4<xxxxxxxxxxxxxxxx>, C4<0>, C4<0>, C4<0>;
v0x5a9fc006cc60_58 .net v0x5a9fc006cc60 58, 15 0, L_0x7b5963e56b90; 1 drivers
L_0x7b5963e56c20 .functor BUFT 1, C4<xxxxxxxxxxxxxxxx>, C4<0>, C4<0>, C4<0>;
v0x5a9fc006cc60_59 .net v0x5a9fc006cc60 59, 15 0, L_0x7b5963e56c20; 1 drivers
L_0x7b5963e56cb0 .functor BUFT 1, C4<xxxxxxxxxxxxxxxx>, C4<0>, C4<0>, C4<0>;
v0x5a9fc006cc60_60 .net v0x5a9fc006cc60 60, 15 0, L_0x7b5963e56cb0; 1 drivers
L_0x7b5963e56d40 .functor BUFT 1, C4<xxxxxxxxxxxxxxxx>, C4<0>, C4<0>, C4<0>;
v0x5a9fc006cc60_61 .net v0x5a9fc006cc60 61, 15 0, L_0x7b5963e56d40; 1 drivers
L_0x7b5963e56dd0 .functor BUFT 1, C4<xxxxxxxxxxxxxxxx>, C4<0>, C4<0>, C4<0>;
v0x5a9fc006cc60_62 .net v0x5a9fc006cc60 62, 15 0, L_0x7b5963e56dd0; 1 drivers
L_0x7b5963e56e60 .functor BUFT 1, C4<xxxxxxxxxxxxxxxx>, C4<0>, C4<0>, C4<0>;
v0x5a9fc006cc60_63 .net v0x5a9fc006cc60 63, 15 0, L_0x7b5963e56e60; 1 drivers
L_0x7b5963e54aa8 .functor BUFT 1, C4<0000000000000000>, C4<0>, C4<0>, C4<0>;
v0x5a9fc00fe020 .array "wn_re", 63 0;
v0x5a9fc00fe020_0 .net v0x5a9fc00fe020 0, 15 0, L_0x7b5963e54aa8; 1 drivers
L_0x7b5963e54b38 .functor BUFT 1, C4<0111111101100010>, C4<0>, C4<0>, C4<0>;
v0x5a9fc00fe020_1 .net v0x5a9fc00fe020 1, 15 0, L_0x7b5963e54b38; 1 drivers
L_0x7b5963e54bc8 .functor BUFT 1, C4<0111110110001010>, C4<0>, C4<0>, C4<0>;
v0x5a9fc00fe020_2 .net v0x5a9fc00fe020 2, 15 0, L_0x7b5963e54bc8; 1 drivers
L_0x7b5963e54c58 .functor BUFT 1, C4<0111101001111101>, C4<0>, C4<0>, C4<0>;
v0x5a9fc00fe020_3 .net v0x5a9fc00fe020 3, 15 0, L_0x7b5963e54c58; 1 drivers
L_0x7b5963e54ce8 .functor BUFT 1, C4<0111011001000010>, C4<0>, C4<0>, C4<0>;
v0x5a9fc00fe020_4 .net v0x5a9fc00fe020 4, 15 0, L_0x7b5963e54ce8; 1 drivers
L_0x7b5963e54d78 .functor BUFT 1, C4<0111000011100011>, C4<0>, C4<0>, C4<0>;
v0x5a9fc00fe020_5 .net v0x5a9fc00fe020 5, 15 0, L_0x7b5963e54d78; 1 drivers
L_0x7b5963e54e08 .functor BUFT 1, C4<0110101001101110>, C4<0>, C4<0>, C4<0>;
v0x5a9fc00fe020_6 .net v0x5a9fc00fe020 6, 15 0, L_0x7b5963e54e08; 1 drivers
L_0x7b5963e54e98 .functor BUFT 1, C4<0110001011110010>, C4<0>, C4<0>, C4<0>;
v0x5a9fc00fe020_7 .net v0x5a9fc00fe020 7, 15 0, L_0x7b5963e54e98; 1 drivers
L_0x7b5963e54f28 .functor BUFT 1, C4<0101101010000010>, C4<0>, C4<0>, C4<0>;
v0x5a9fc00fe020_8 .net v0x5a9fc00fe020 8, 15 0, L_0x7b5963e54f28; 1 drivers
L_0x7b5963e54fb8 .functor BUFT 1, C4<0101000100110100>, C4<0>, C4<0>, C4<0>;
v0x5a9fc00fe020_9 .net v0x5a9fc00fe020 9, 15 0, L_0x7b5963e54fb8; 1 drivers
L_0x7b5963e55048 .functor BUFT 1, C4<0100011100011101>, C4<0>, C4<0>, C4<0>;
v0x5a9fc00fe020_10 .net v0x5a9fc00fe020 10, 15 0, L_0x7b5963e55048; 1 drivers
L_0x7b5963e550d8 .functor BUFT 1, C4<0011110001010111>, C4<0>, C4<0>, C4<0>;
v0x5a9fc00fe020_11 .net v0x5a9fc00fe020 11, 15 0, L_0x7b5963e550d8; 1 drivers
L_0x7b5963e55168 .functor BUFT 1, C4<0011000011111100>, C4<0>, C4<0>, C4<0>;
v0x5a9fc00fe020_12 .net v0x5a9fc00fe020 12, 15 0, L_0x7b5963e55168; 1 drivers
L_0x7b5963e551f8 .functor BUFT 1, C4<0010010100101000>, C4<0>, C4<0>, C4<0>;
v0x5a9fc00fe020_13 .net v0x5a9fc00fe020 13, 15 0, L_0x7b5963e551f8; 1 drivers
L_0x7b5963e55288 .functor BUFT 1, C4<0001100011111001>, C4<0>, C4<0>, C4<0>;
v0x5a9fc00fe020_14 .net v0x5a9fc00fe020 14, 15 0, L_0x7b5963e55288; 1 drivers
L_0x7b5963e55318 .functor BUFT 1, C4<0000110010001100>, C4<0>, C4<0>, C4<0>;
v0x5a9fc00fe020_15 .net v0x5a9fc00fe020 15, 15 0, L_0x7b5963e55318; 1 drivers
L_0x7b5963e553a8 .functor BUFT 1, C4<0000000000000000>, C4<0>, C4<0>, C4<0>;
v0x5a9fc00fe020_16 .net v0x5a9fc00fe020 16, 15 0, L_0x7b5963e553a8; 1 drivers
L_0x7b5963e55438 .functor BUFT 1, C4<xxxxxxxxxxxxxxxx>, C4<0>, C4<0>, C4<0>;
v0x5a9fc00fe020_17 .net v0x5a9fc00fe020 17, 15 0, L_0x7b5963e55438; 1 drivers
L_0x7b5963e554c8 .functor BUFT 1, C4<1110011100000111>, C4<0>, C4<0>, C4<0>;
v0x5a9fc00fe020_18 .net v0x5a9fc00fe020 18, 15 0, L_0x7b5963e554c8; 1 drivers
L_0x7b5963e55558 .functor BUFT 1, C4<xxxxxxxxxxxxxxxx>, C4<0>, C4<0>, C4<0>;
v0x5a9fc00fe020_19 .net v0x5a9fc00fe020 19, 15 0, L_0x7b5963e55558; 1 drivers
L_0x7b5963e555e8 .functor BUFT 1, C4<1100111100000100>, C4<0>, C4<0>, C4<0>;
v0x5a9fc00fe020_20 .net v0x5a9fc00fe020 20, 15 0, L_0x7b5963e555e8; 1 drivers
L_0x7b5963e55678 .functor BUFT 1, C4<1100001110101001>, C4<0>, C4<0>, C4<0>;
v0x5a9fc00fe020_21 .net v0x5a9fc00fe020 21, 15 0, L_0x7b5963e55678; 1 drivers
L_0x7b5963e55708 .functor BUFT 1, C4<1011100011100011>, C4<0>, C4<0>, C4<0>;
v0x5a9fc00fe020_22 .net v0x5a9fc00fe020 22, 15 0, L_0x7b5963e55708; 1 drivers
L_0x7b5963e55798 .functor BUFT 1, C4<xxxxxxxxxxxxxxxx>, C4<0>, C4<0>, C4<0>;
v0x5a9fc00fe020_23 .net v0x5a9fc00fe020 23, 15 0, L_0x7b5963e55798; 1 drivers
L_0x7b5963e55828 .functor BUFT 1, C4<1010010101111110>, C4<0>, C4<0>, C4<0>;
v0x5a9fc00fe020_24 .net v0x5a9fc00fe020 24, 15 0, L_0x7b5963e55828; 1 drivers
L_0x7b5963e558b8 .functor BUFT 1, C4<xxxxxxxxxxxxxxxx>, C4<0>, C4<0>, C4<0>;
v0x5a9fc00fe020_25 .net v0x5a9fc00fe020 25, 15 0, L_0x7b5963e558b8; 1 drivers
L_0x7b5963e55948 .functor BUFT 1, C4<1001010110010010>, C4<0>, C4<0>, C4<0>;
v0x5a9fc00fe020_26 .net v0x5a9fc00fe020 26, 15 0, L_0x7b5963e55948; 1 drivers
L_0x7b5963e559d8 .functor BUFT 1, C4<1000111100011101>, C4<0>, C4<0>, C4<0>;
v0x5a9fc00fe020_27 .net v0x5a9fc00fe020 27, 15 0, L_0x7b5963e559d8; 1 drivers
L_0x7b5963e55a68 .functor BUFT 1, C4<1000100110111110>, C4<0>, C4<0>, C4<0>;
v0x5a9fc00fe020_28 .net v0x5a9fc00fe020 28, 15 0, L_0x7b5963e55a68; 1 drivers
L_0x7b5963e55af8 .functor BUFT 1, C4<xxxxxxxxxxxxxxxx>, C4<0>, C4<0>, C4<0>;
v0x5a9fc00fe020_29 .net v0x5a9fc00fe020 29, 15 0, L_0x7b5963e55af8; 1 drivers
L_0x7b5963e55b88 .functor BUFT 1, C4<1000001001110110>, C4<0>, C4<0>, C4<0>;
v0x5a9fc00fe020_30 .net v0x5a9fc00fe020 30, 15 0, L_0x7b5963e55b88; 1 drivers
L_0x7b5963e55c18 .functor BUFT 1, C4<xxxxxxxxxxxxxxxx>, C4<0>, C4<0>, C4<0>;
v0x5a9fc00fe020_31 .net v0x5a9fc00fe020 31, 15 0, L_0x7b5963e55c18; 1 drivers
L_0x7b5963e55ca8 .functor BUFT 1, C4<xxxxxxxxxxxxxxxx>, C4<0>, C4<0>, C4<0>;
v0x5a9fc00fe020_32 .net v0x5a9fc00fe020 32, 15 0, L_0x7b5963e55ca8; 1 drivers
L_0x7b5963e55d38 .functor BUFT 1, C4<1000000010011110>, C4<0>, C4<0>, C4<0>;
v0x5a9fc00fe020_33 .net v0x5a9fc00fe020 33, 15 0, L_0x7b5963e55d38; 1 drivers
L_0x7b5963e55dc8 .functor BUFT 1, C4<xxxxxxxxxxxxxxxx>, C4<0>, C4<0>, C4<0>;
v0x5a9fc00fe020_34 .net v0x5a9fc00fe020 34, 15 0, L_0x7b5963e55dc8; 1 drivers
L_0x7b5963e55e58 .functor BUFT 1, C4<xxxxxxxxxxxxxxxx>, C4<0>, C4<0>, C4<0>;
v0x5a9fc00fe020_35 .net v0x5a9fc00fe020 35, 15 0, L_0x7b5963e55e58; 1 drivers
L_0x7b5963e55ee8 .functor BUFT 1, C4<1000100110111110>, C4<0>, C4<0>, C4<0>;
v0x5a9fc00fe020_36 .net v0x5a9fc00fe020 36, 15 0, L_0x7b5963e55ee8; 1 drivers
L_0x7b5963e55f78 .functor BUFT 1, C4<xxxxxxxxxxxxxxxx>, C4<0>, C4<0>, C4<0>;
v0x5a9fc00fe020_37 .net v0x5a9fc00fe020 37, 15 0, L_0x7b5963e55f78; 1 drivers
L_0x7b5963e56008 .functor BUFT 1, C4<xxxxxxxxxxxxxxxx>, C4<0>, C4<0>, C4<0>;
v0x5a9fc00fe020_38 .net v0x5a9fc00fe020 38, 15 0, L_0x7b5963e56008; 1 drivers
L_0x7b5963e56098 .functor BUFT 1, C4<1001110100001110>, C4<0>, C4<0>, C4<0>;
v0x5a9fc00fe020_39 .net v0x5a9fc00fe020 39, 15 0, L_0x7b5963e56098; 1 drivers
L_0x7b5963e56128 .functor BUFT 1, C4<xxxxxxxxxxxxxxxx>, C4<0>, C4<0>, C4<0>;
v0x5a9fc00fe020_40 .net v0x5a9fc00fe020 40, 15 0, L_0x7b5963e56128; 1 drivers
L_0x7b5963e561b8 .functor BUFT 1, C4<xxxxxxxxxxxxxxxx>, C4<0>, C4<0>, C4<0>;
v0x5a9fc00fe020_41 .net v0x5a9fc00fe020 41, 15 0, L_0x7b5963e561b8; 1 drivers
L_0x7b5963e56248 .functor BUFT 1, C4<1011100011100011>, C4<0>, C4<0>, C4<0>;
v0x5a9fc00fe020_42 .net v0x5a9fc00fe020 42, 15 0, L_0x7b5963e56248; 1 drivers
L_0x7b5963e562d8 .functor BUFT 1, C4<xxxxxxxxxxxxxxxx>, C4<0>, C4<0>, C4<0>;
v0x5a9fc00fe020_43 .net v0x5a9fc00fe020 43, 15 0, L_0x7b5963e562d8; 1 drivers
L_0x7b5963e56368 .functor BUFT 1, C4<xxxxxxxxxxxxxxxx>, C4<0>, C4<0>, C4<0>;
v0x5a9fc00fe020_44 .net v0x5a9fc00fe020 44, 15 0, L_0x7b5963e56368; 1 drivers
L_0x7b5963e563f8 .functor BUFT 1, C4<1101101011011000>, C4<0>, C4<0>, C4<0>;
v0x5a9fc00fe020_45 .net v0x5a9fc00fe020 45, 15 0, L_0x7b5963e563f8; 1 drivers
L_0x7b5963e56488 .functor BUFT 1, C4<xxxxxxxxxxxxxxxx>, C4<0>, C4<0>, C4<0>;
v0x5a9fc00fe020_46 .net v0x5a9fc00fe020 46, 15 0, L_0x7b5963e56488; 1 drivers
L_0x7b5963e56518 .functor BUFT 1, C4<xxxxxxxxxxxxxxxx>, C4<0>, C4<0>, C4<0>;
v0x5a9fc00fe020_47 .net v0x5a9fc00fe020 47, 15 0, L_0x7b5963e56518; 1 drivers
L_0x7b5963e565a8 .functor BUFT 1, C4<xxxxxxxxxxxxxxxx>, C4<0>, C4<0>, C4<0>;
v0x5a9fc00fe020_48 .net v0x5a9fc00fe020 48, 15 0, L_0x7b5963e565a8; 1 drivers
L_0x7b5963e56638 .functor BUFT 1, C4<xxxxxxxxxxxxxxxx>, C4<0>, C4<0>, C4<0>;
v0x5a9fc00fe020_49 .net v0x5a9fc00fe020 49, 15 0, L_0x7b5963e56638; 1 drivers
L_0x7b5963e566c8 .functor BUFT 1, C4<xxxxxxxxxxxxxxxx>, C4<0>, C4<0>, C4<0>;
v0x5a9fc00fe020_50 .net v0x5a9fc00fe020 50, 15 0, L_0x7b5963e566c8; 1 drivers
L_0x7b5963e56758 .functor BUFT 1, C4<xxxxxxxxxxxxxxxx>, C4<0>, C4<0>, C4<0>;
v0x5a9fc00fe020_51 .net v0x5a9fc00fe020 51, 15 0, L_0x7b5963e56758; 1 drivers
L_0x7b5963e567e8 .functor BUFT 1, C4<xxxxxxxxxxxxxxxx>, C4<0>, C4<0>, C4<0>;
v0x5a9fc00fe020_52 .net v0x5a9fc00fe020 52, 15 0, L_0x7b5963e567e8; 1 drivers
L_0x7b5963e56878 .functor BUFT 1, C4<xxxxxxxxxxxxxxxx>, C4<0>, C4<0>, C4<0>;
v0x5a9fc00fe020_53 .net v0x5a9fc00fe020 53, 15 0, L_0x7b5963e56878; 1 drivers
L_0x7b5963e56908 .functor BUFT 1, C4<xxxxxxxxxxxxxxxx>, C4<0>, C4<0>, C4<0>;
v0x5a9fc00fe020_54 .net v0x5a9fc00fe020 54, 15 0, L_0x7b5963e56908; 1 drivers
L_0x7b5963e56998 .functor BUFT 1, C4<xxxxxxxxxxxxxxxx>, C4<0>, C4<0>, C4<0>;
v0x5a9fc00fe020_55 .net v0x5a9fc00fe020 55, 15 0, L_0x7b5963e56998; 1 drivers
L_0x7b5963e56a28 .functor BUFT 1, C4<xxxxxxxxxxxxxxxx>, C4<0>, C4<0>, C4<0>;
v0x5a9fc00fe020_56 .net v0x5a9fc00fe020 56, 15 0, L_0x7b5963e56a28; 1 drivers
L_0x7b5963e56ab8 .functor BUFT 1, C4<xxxxxxxxxxxxxxxx>, C4<0>, C4<0>, C4<0>;
v0x5a9fc00fe020_57 .net v0x5a9fc00fe020 57, 15 0, L_0x7b5963e56ab8; 1 drivers
L_0x7b5963e56b48 .functor BUFT 1, C4<xxxxxxxxxxxxxxxx>, C4<0>, C4<0>, C4<0>;
v0x5a9fc00fe020_58 .net v0x5a9fc00fe020 58, 15 0, L_0x7b5963e56b48; 1 drivers
L_0x7b5963e56bd8 .functor BUFT 1, C4<xxxxxxxxxxxxxxxx>, C4<0>, C4<0>, C4<0>;
v0x5a9fc00fe020_59 .net v0x5a9fc00fe020 59, 15 0, L_0x7b5963e56bd8; 1 drivers
L_0x7b5963e56c68 .functor BUFT 1, C4<xxxxxxxxxxxxxxxx>, C4<0>, C4<0>, C4<0>;
v0x5a9fc00fe020_60 .net v0x5a9fc00fe020 60, 15 0, L_0x7b5963e56c68; 1 drivers
L_0x7b5963e56cf8 .functor BUFT 1, C4<xxxxxxxxxxxxxxxx>, C4<0>, C4<0>, C4<0>;
v0x5a9fc00fe020_61 .net v0x5a9fc00fe020 61, 15 0, L_0x7b5963e56cf8; 1 drivers
L_0x7b5963e56d88 .functor BUFT 1, C4<xxxxxxxxxxxxxxxx>, C4<0>, C4<0>, C4<0>;
v0x5a9fc00fe020_62 .net v0x5a9fc00fe020 62, 15 0, L_0x7b5963e56d88; 1 drivers
L_0x7b5963e56e18 .functor BUFT 1, C4<xxxxxxxxxxxxxxxx>, C4<0>, C4<0>, C4<0>;
v0x5a9fc00fe020_63 .net v0x5a9fc00fe020 63, 15 0, L_0x7b5963e56e18; 1 drivers
L_0x5a9fc0193150 .array/port v0x5a9fc00fe020, L_0x5a9fc01931f0;
L_0x5a9fc01931f0 .concat [ 6 2 0 0], L_0x5a9fc0192c30, L_0x7b5963e54a18;
L_0x5a9fc0193380 .array/port v0x5a9fc006cc60, L_0x5a9fc0193420;
L_0x5a9fc0193420 .concat [ 6 2 0 0], L_0x5a9fc0192c30, L_0x7b5963e54a60;
S_0x5a9fc014f510 .scope function.vec4.u32, "log2" "log2" 5 20, 5 20 0, S_0x5a9fc00e13b0;
 .timescale -9 -12;
; Variable log2 is vec4 return value of scope S_0x5a9fc014f510
v0x5a9fc014eb00_0 .var/i "value", 31 0;
v0x5a9fc014dc20_0 .var/i "x", 31 0;
TD_fft_accel.FFT_inst.SU3.log2 ;
    %load/vec4 v0x5a9fc014dc20_0;
    %subi 1, 0, 32;
    %store/vec4 v0x5a9fc014eb00_0, 0, 32;
    %pushi/vec4 0, 0, 32;
    %ret/vec4 0, 0, 32;  Assign to log2 (store_vec4_to_lval)
T_2.4 ;
    %load/vec4 v0x5a9fc014eb00_0;
    %cmpi/s 0, 0, 32;
    %flag_or 5, 4; GT is !LE
    %flag_inv 5;
    %jmp/0xz T_2.5, 5;
    %load/vec4 v0x5a9fc014eb00_0;
    %ix/load 4, 1, 0;
    %flag_set/imm 4, 0;
    %shiftr 4;
    %store/vec4 v0x5a9fc014eb00_0, 0, 32;
    %retload/vec4 0; Load log2 (draw_signal_vec4)
    %addi 1, 0, 32;
    %ret/vec4 0, 0, 32;  Assign to log2 (store_vec4_to_lval)
    %jmp T_2.4;
T_2.5 ;
    %end;
    .scope S_0x5a9fc00fc3e0;
T_3 ;
    %wait E_0x5a9fbff9a350;
    %pushi/vec4 31, 0, 32;
    %store/vec4 v0x5a9fc00db2b0_0, 0, 32;
T_3.0 ;
    %load/vec4 v0x5a9fc00db2b0_0;
    %cmpi/s 0, 0, 32;
    %flag_or 5, 4; GT is !LE
    %flag_inv 5;
    %jmp/0xz T_3.1, 5;
    %load/vec4 v0x5a9fc00db2b0_0;
    %pad/s 33;
    %subi 1, 0, 33;
    %ix/vec4/s 4;
    %load/vec4a v0x5a9fc00dd670, 4;
    %ix/getv/s 3, v0x5a9fc00db2b0_0;
    %ix/load 4, 0, 0; Constant delay
    %assign/vec4/a/d v0x5a9fc00dd670, 0, 4;
    %load/vec4 v0x5a9fc00db2b0_0;
    %pad/s 33;
    %subi 1, 0, 33;
    %ix/vec4/s 4;
    %load/vec4a v0x5a9fc00deaf0, 4;
    %ix/getv/s 3, v0x5a9fc00db2b0_0;
    %ix/load 4, 0, 0; Constant delay
    %assign/vec4/a/d v0x5a9fc00deaf0, 0, 4;
    %load/vec4 v0x5a9fc00db2b0_0;
    %subi 1, 0, 32;
    %store/vec4 v0x5a9fc00db2b0_0, 0, 32;
    %jmp T_3.0;
T_3.1 ;
    %load/vec4 v0x5a9fc00dbcf0_0;
    %ix/load 3, 0, 0;
    %flag_set/imm 4, 0;
    %ix/load 4, 0, 0; Constant delay
    %assign/vec4/a/d v0x5a9fc00dd670, 0, 4;
    %load/vec4 v0x5a9fc00dc2a0_0;
    %ix/load 3, 0, 0;
    %flag_set/imm 4, 0;
    %ix/load 4, 0, 0; Constant delay
    %assign/vec4/a/d v0x5a9fc00deaf0, 0, 4;
    %jmp T_3;
    .thread T_3;
    .scope S_0x5a9fc00fc820;
T_4 ;
    %wait E_0x5a9fbff9a350;
    %pushi/vec4 15, 0, 32;
    %store/vec4 v0x5a9fc00d8530_0, 0, 32;
T_4.0 ;
    %load/vec4 v0x5a9fc00d8530_0;
    %cmpi/s 0, 0, 32;
    %flag_or 5, 4; GT is !LE
    %flag_inv 5;
    %jmp/0xz T_4.1, 5;
    %load/vec4 v0x5a9fc00d8530_0;
    %pad/s 33;
    %subi 1, 0, 33;
    %ix/vec4/s 4;
    %load/vec4a v0x5a9fc00d9e70, 4;
    %ix/getv/s 3, v0x5a9fc00d8530_0;
    %ix/load 4, 0, 0; Constant delay
    %assign/vec4/a/d v0x5a9fc00d9e70, 0, 4;
    %load/vec4 v0x5a9fc00d8530_0;
    %pad/s 33;
    %subi 1, 0, 33;
    %ix/vec4/s 4;
    %load/vec4a v0x5a9fc00da8e0, 4;
    %ix/getv/s 3, v0x5a9fc00d8530_0;
    %ix/load 4, 0, 0; Constant delay
    %assign/vec4/a/d v0x5a9fc00da8e0, 0, 4;
    %load/vec4 v0x5a9fc00d8530_0;
    %subi 1, 0, 32;
    %store/vec4 v0x5a9fc00d8530_0, 0, 32;
    %jmp T_4.0;
T_4.1 ;
    %load/vec4 v0x5a9fc00d8f30_0;
    %ix/load 3, 0, 0;
    %flag_set/imm 4, 0;
    %ix/load 4, 0, 0; Constant delay
    %assign/vec4/a/d v0x5a9fc00d9e70, 0, 4;
    %load/vec4 v0x5a9fc00d8e90_0;
    %ix/load 3, 0, 0;
    %flag_set/imm 4, 0;
    %ix/load 4, 0, 0; Constant delay
    %assign/vec4/a/d v0x5a9fc00da8e0, 0, 4;
    %jmp T_4;
    .thread T_4;
    .scope S_0x5a9fc00ca5b0;
T_5 ;
    %wait E_0x5a9fbff9a350;
    %load/vec4 v0x5a9fc007b0d0_0;
    %assign/vec4 v0x5a9fc007b5f0_0, 0;
    %load/vec4 v0x5a9fc007b6d0_0;
    %assign/vec4 v0x5a9fc007bb60_0, 0;
    %jmp T_5;
    .thread T_5;
    .scope S_0x5a9fc011f0b0;
T_6 ;
    %wait E_0x5a9fbffb0c90;
    %load/vec4 v0x5a9fc00609e0_0;
    %flag_set/vec4 8;
    %jmp/0xz  T_6.0, 8;
    %pushi/vec4 0, 0, 6;
    %assign/vec4 v0x5a9fc00a8380_0, 0;
    %jmp T_6.1;
T_6.0 ;
    %load/vec4 v0x5a9fc00a8420_0;
    %flag_set/vec4 8;
    %jmp/0 T_6.2, 8;
    %load/vec4 v0x5a9fc00a8380_0;
    %addi 1, 0, 6;
    %jmp/1 T_6.3, 8;
T_6.2 ; End of true expr.
    %pushi/vec4 0, 0, 6;
    %jmp/0 T_6.3, 8;
 ; End of false expr.
    %blend;
T_6.3;
    %assign/vec4 v0x5a9fc00a8380_0, 0;
T_6.1 ;
    %jmp T_6;
    .thread T_6;
    .scope S_0x5a9fc011f0b0;
T_7 ;
    %wait E_0x5a9fbffb0c90;
    %load/vec4 v0x5a9fc00609e0_0;
    %flag_set/vec4 8;
    %jmp/0xz  T_7.0, 8;
    %pushi/vec4 0, 0, 1;
    %assign/vec4 v0x5a9fc0084a90_0, 0;
    %pushi/vec4 0, 0, 6;
    %assign/vec4 v0x5a9fc0084fb0_0, 0;
    %jmp T_7.1;
T_7.0 ;
    %load/vec4 v0x5a9fc0084050_0;
    %flag_set/vec4 8;
    %jmp/0 T_7.2, 8;
    %pushi/vec4 1, 0, 1;
    %jmp/1 T_7.3, 8;
T_7.2 ; End of true expr.
    %load/vec4 v0x5a9fbffd8340_0;
    %flag_set/vec4 9;
    %jmp/0 T_7.4, 9;
    %pushi/vec4 0, 0, 1;
    %jmp/1 T_7.5, 9;
T_7.4 ; End of true expr.
    %load/vec4 v0x5a9fc0084a90_0;
    %jmp/0 T_7.5, 9;
 ; End of false expr.
    %blend;
T_7.5;
    %jmp/0 T_7.3, 8;
 ; End of false expr.
    %blend;
T_7.3;
    %assign/vec4 v0x5a9fc0084a90_0, 0;
    %load/vec4 v0x5a9fc0084a90_0;
    %flag_set/vec4 8;
    %jmp/0 T_7.6, 8;
    %load/vec4 v0x5a9fc0084fb0_0;
    %addi 1, 0, 6;
    %jmp/1 T_7.7, 8;
T_7.6 ; End of true expr.
    %pushi/vec4 0, 0, 6;
    %jmp/0 T_7.7, 8;
 ; End of false expr.
    %blend;
T_7.7;
    %assign/vec4 v0x5a9fc0084fb0_0, 0;
T_7.1 ;
    %jmp T_7;
    .thread T_7;
    .scope S_0x5a9fc011f0b0;
T_8 ;
    %wait E_0x5a9fbff9a350;
    %load/vec4 v0x5a9fc0084590_0;
    %assign/vec4 v0x5a9fbffd8260_0, 0;
    %load/vec4 v0x5a9fc0084b50_0;
    %assign/vec4 v0x5a9fbffd8180_0, 0;
    %jmp T_8;
    .thread T_8;
    .scope S_0x5a9fc011f0b0;
T_9 ;
    %wait E_0x5a9fbff9a350;
    %load/vec4 v0x5a9fc0084fb0_0;
    %parti/s 1, 4, 4;
    %assign/vec4 v0x5a9fc00826b0_0, 0;
    %jmp T_9;
    .thread T_9;
    .scope S_0x5a9fc011f0b0;
T_10 ;
    %wait E_0x5a9fbffb0c90;
    %load/vec4 v0x5a9fc00609e0_0;
    %flag_set/vec4 8;
    %jmp/0xz  T_10.0, 8;
    %pushi/vec4 0, 0, 1;
    %assign/vec4 v0x5a9fc0081750_0, 0;
    %pushi/vec4 0, 0, 6;
    %assign/vec4 v0x5a9fc0082750_0, 0;
    %jmp T_10.1;
T_10.0 ;
    %load/vec4 v0x5a9fc0081310_0;
    %flag_set/vec4 8;
    %jmp/0 T_10.2, 8;
    %pushi/vec4 1, 0, 1;
    %jmp/1 T_10.3, 8;
T_10.2 ; End of true expr.
    %load/vec4 v0x5a9fc0081d50_0;
    %flag_set/vec4 9;
    %jmp/0 T_10.4, 9;
    %pushi/vec4 0, 0, 1;
    %jmp/1 T_10.5, 9;
T_10.4 ; End of true expr.
    %load/vec4 v0x5a9fc0081750_0;
    %jmp/0 T_10.5, 9;
 ; End of false expr.
    %blend;
T_10.5;
    %jmp/0 T_10.3, 8;
 ; End of false expr.
    %blend;
T_10.3;
    %assign/vec4 v0x5a9fc0081750_0, 0;
    %load/vec4 v0x5a9fc0081750_0;
    %flag_set/vec4 8;
    %jmp/0 T_10.6, 8;
    %load/vec4 v0x5a9fc0082750_0;
    %addi 1, 0, 6;
    %jmp/1 T_10.7, 8;
T_10.6 ; End of true expr.
    %pushi/vec4 0, 0, 6;
    %jmp/0 T_10.7, 8;
 ; End of false expr.
    %blend;
T_10.7;
    %assign/vec4 v0x5a9fc0082750_0, 0;
T_10.1 ;
    %jmp T_10;
    .thread T_10;
    .scope S_0x5a9fc011f0b0;
T_11 ;
    %wait E_0x5a9fbff9a350;
    %load/vec4 v0x5a9fc0084fb0_0;
    %pad/u 32;
    %pushi/vec4 15, 0, 32;
    %cmp/e;
    %flag_get/vec4 4;
    %load/vec4 v0x5a9fc0084a90_0;
    %and;
    %assign/vec4 v0x5a9fc0081310_0, 0;
    %jmp T_11;
    .thread T_11;
    .scope S_0x5a9fc011f0b0;
T_12 ;
    %wait E_0x5a9fbff9a350;
    %load/vec4 v0x5a9fc0081230_0;
    %assign/vec4 v0x5a9fc0081c70_0, 0;
    %load/vec4 v0x5a9fc0081810_0;
    %assign/vec4 v0x5a9fc0082230_0, 0;
    %jmp T_12;
    .thread T_12;
    .scope S_0x5a9fc011f0b0;
T_13 ;
    %wait E_0x5a9fbffb0c90;
    %load/vec4 v0x5a9fc00609e0_0;
    %flag_set/vec4 8;
    %jmp/0xz  T_13.0, 8;
    %pushi/vec4 0, 0, 1;
    %assign/vec4 v0x5a9fc0082190_0, 0;
    %jmp T_13.1;
T_13.0 ;
    %load/vec4 v0x5a9fc0081750_0;
    %assign/vec4 v0x5a9fc0082190_0, 0;
T_13.1 ;
    %jmp T_13;
    .thread T_13;
    .scope S_0x5a9fc011f0b0;
T_14 ;
    %wait E_0x5a9fbff9a350;
    %load/vec4 v0x5a9fc0060a80_0;
    %pushi/vec4 0, 0, 6;
    %cmp/ne;
    %flag_get/vec4 4;
    %assign/vec4 v0x5a9fc006eba0_0, 0;
    %jmp T_14;
    .thread T_14;
    .scope S_0x5a9fc011f0b0;
T_15 ;
    %wait E_0x5a9fbff9a350;
    %load/vec4 v0x5a9fc006eba0_0;
    %flag_set/vec4 8;
    %jmp/0 T_15.0, 8;
    %load/vec4 v0x5a9fc00615e0_0;
    %jmp/1 T_15.1, 8;
T_15.0 ; End of true expr.
    %load/vec4 v0x5a9fc0081c70_0;
    %jmp/0 T_15.1, 8;
 ; End of false expr.
    %blend;
T_15.1;
    %assign/vec4 v0x5a9fc006eac0_0, 0;
    %load/vec4 v0x5a9fc006eba0_0;
    %flag_set/vec4 8;
    %jmp/0 T_15.2, 8;
    %load/vec4 v0x5a9fc00614f0_0;
    %jmp/1 T_15.3, 8;
T_15.2 ; End of true expr.
    %load/vec4 v0x5a9fc0082230_0;
    %jmp/0 T_15.3, 8;
 ; End of false expr.
    %blend;
T_15.3;
    %assign/vec4 v0x5a9fc006f470_0, 0;
    %jmp T_15;
    .thread T_15;
    .scope S_0x5a9fc011f0b0;
T_16 ;
    %wait E_0x5a9fbffb0c90;
    %load/vec4 v0x5a9fc00609e0_0;
    %flag_set/vec4 8;
    %jmp/0xz  T_16.0, 8;
    %pushi/vec4 0, 0, 1;
    %assign/vec4 v0x5a9fc006f3d0_0, 0;
    %jmp T_16.1;
T_16.0 ;
    %load/vec4 v0x5a9fc0082190_0;
    %assign/vec4 v0x5a9fc006f3d0_0, 0;
T_16.1 ;
    %jmp T_16;
    .thread T_16;
    .scope S_0x5a9fc0141c50;
T_17 ;
    %wait E_0x5a9fbff9a350;
    %pushi/vec4 7, 0, 32;
    %store/vec4 v0x5a9fc013f950_0, 0, 32;
T_17.0 ;
    %load/vec4 v0x5a9fc013f950_0;
    %cmpi/s 0, 0, 32;
    %flag_or 5, 4; GT is !LE
    %flag_inv 5;
    %jmp/0xz T_17.1, 5;
    %load/vec4 v0x5a9fc013f950_0;
    %pad/s 33;
    %subi 1, 0, 33;
    %ix/vec4/s 4;
    %load/vec4a v0x5a9fc0140d70, 4;
    %ix/getv/s 3, v0x5a9fc013f950_0;
    %ix/load 4, 0, 0; Constant delay
    %assign/vec4/a/d v0x5a9fc0140d70, 0, 4;
    %load/vec4 v0x5a9fc013f950_0;
    %pad/s 33;
    %subi 1, 0, 33;
    %ix/vec4/s 4;
    %load/vec4a v0x5a9fc0141210, 4;
    %ix/getv/s 3, v0x5a9fc013f950_0;
    %ix/load 4, 0, 0; Constant delay
    %assign/vec4/a/d v0x5a9fc0141210, 0, 4;
    %load/vec4 v0x5a9fc013f950_0;
    %subi 1, 0, 32;
    %store/vec4 v0x5a9fc013f950_0, 0, 32;
    %jmp T_17.0;
T_17.1 ;
    %load/vec4 v0x5a9fc01403a0_0;
    %ix/load 3, 0, 0;
    %flag_set/imm 4, 0;
    %ix/load 4, 0, 0; Constant delay
    %assign/vec4/a/d v0x5a9fc0140d70, 0, 4;
    %load/vec4 v0x5a9fc01402e0_0;
    %ix/load 3, 0, 0;
    %flag_set/imm 4, 0;
    %ix/load 4, 0, 0; Constant delay
    %assign/vec4/a/d v0x5a9fc0141210, 0, 4;
    %jmp T_17;
    .thread T_17;
    .scope S_0x5a9fc013ee30;
T_18 ;
    %wait E_0x5a9fbff9a350;
    %pushi/vec4 3, 0, 32;
    %store/vec4 v0x5a9fc013ca50_0, 0, 32;
T_18.0 ;
    %load/vec4 v0x5a9fc013ca50_0;
    %cmpi/s 0, 0, 32;
    %flag_or 5, 4; GT is !LE
    %flag_inv 5;
    %jmp/0xz T_18.1, 5;
    %load/vec4 v0x5a9fc013ca50_0;
    %pad/s 33;
    %subi 1, 0, 33;
    %ix/vec4/s 4;
    %load/vec4a v0x5a9fc013ded0, 4;
    %ix/getv/s 3, v0x5a9fc013ca50_0;
    %ix/load 4, 0, 0; Constant delay
    %assign/vec4/a/d v0x5a9fc013ded0, 0, 4;
    %load/vec4 v0x5a9fc013ca50_0;
    %pad/s 33;
    %subi 1, 0, 33;
    %ix/vec4/s 4;
    %load/vec4a v0x5a9fc013e3f0, 4;
    %ix/getv/s 3, v0x5a9fc013ca50_0;
    %ix/load 4, 0, 0; Constant delay
    %assign/vec4/a/d v0x5a9fc013e3f0, 0, 4;
    %load/vec4 v0x5a9fc013ca50_0;
    %subi 1, 0, 32;
    %store/vec4 v0x5a9fc013ca50_0, 0, 32;
    %jmp T_18.0;
T_18.1 ;
    %load/vec4 v0x5a9fc013d490_0;
    %ix/load 3, 0, 0;
    %flag_set/imm 4, 0;
    %ix/load 4, 0, 0; Constant delay
    %assign/vec4/a/d v0x5a9fc013ded0, 0, 4;
    %load/vec4 v0x5a9fc013da50_0;
    %ix/load 3, 0, 0;
    %flag_set/imm 4, 0;
    %ix/load 4, 0, 0; Constant delay
    %assign/vec4/a/d v0x5a9fc013e3f0, 0, 4;
    %jmp T_18;
    .thread T_18;
    .scope S_0x5a9fc0135eb0;
T_19 ;
    %wait E_0x5a9fbff9a350;
    %load/vec4 v0x5a9fc0105dd0_0;
    %assign/vec4 v0x5a9fc01145e0_0, 0;
    %load/vec4 v0x5a9fc01146a0_0;
    %assign/vec4 v0x5a9fc0115270_0, 0;
    %jmp T_19;
    .thread T_19;
    .scope S_0x5a9fc00fd600;
T_20 ;
    %wait E_0x5a9fbffb0c90;
    %load/vec4 v0x5a9fc00e2e20_0;
    %flag_set/vec4 8;
    %jmp/0xz  T_20.0, 8;
    %pushi/vec4 0, 0, 6;
    %assign/vec4 v0x5a9fc00e5130_0, 0;
    %jmp T_20.1;
T_20.0 ;
    %load/vec4 v0x5a9fc00e51f0_0;
    %flag_set/vec4 8;
    %jmp/0 T_20.2, 8;
    %load/vec4 v0x5a9fc00e5130_0;
    %addi 1, 0, 6;
    %jmp/1 T_20.3, 8;
T_20.2 ; End of true expr.
    %pushi/vec4 0, 0, 6;
    %jmp/0 T_20.3, 8;
 ; End of false expr.
    %blend;
T_20.3;
    %assign/vec4 v0x5a9fc00e5130_0, 0;
T_20.1 ;
    %jmp T_20;
    .thread T_20;
    .scope S_0x5a9fc00fd600;
T_21 ;
    %wait E_0x5a9fbffb0c90;
    %load/vec4 v0x5a9fc00e2e20_0;
    %flag_set/vec4 8;
    %jmp/0xz  T_21.0, 8;
    %pushi/vec4 0, 0, 1;
    %assign/vec4 v0x5a9fc00eb290_0, 0;
    %pushi/vec4 0, 0, 6;
    %assign/vec4 v0x5a9fbffbeb00_0, 0;
    %jmp T_21.1;
T_21.0 ;
    %load/vec4 v0x5a9fc00eae50_0;
    %flag_set/vec4 8;
    %jmp/0 T_21.2, 8;
    %pushi/vec4 1, 0, 1;
    %jmp/1 T_21.3, 8;
T_21.2 ; End of true expr.
    %load/vec4 v0x5a9fc00eb7b0_0;
    %flag_set/vec4 9;
    %jmp/0 T_21.4, 9;
    %pushi/vec4 0, 0, 1;
    %jmp/1 T_21.5, 9;
T_21.4 ; End of true expr.
    %load/vec4 v0x5a9fc00eb290_0;
    %jmp/0 T_21.5, 9;
 ; End of false expr.
    %blend;
T_21.5;
    %jmp/0 T_21.3, 8;
 ; End of false expr.
    %blend;
T_21.3;
    %assign/vec4 v0x5a9fc00eb290_0, 0;
    %load/vec4 v0x5a9fc00eb290_0;
    %flag_set/vec4 8;
    %jmp/0 T_21.6, 8;
    %load/vec4 v0x5a9fbffbeb00_0;
    %addi 1, 0, 6;
    %jmp/1 T_21.7, 8;
T_21.6 ; End of true expr.
    %pushi/vec4 0, 0, 6;
    %jmp/0 T_21.7, 8;
 ; End of false expr.
    %blend;
T_21.7;
    %assign/vec4 v0x5a9fbffbeb00_0, 0;
T_21.1 ;
    %jmp T_21;
    .thread T_21;
    .scope S_0x5a9fc00fd600;
T_22 ;
    %wait E_0x5a9fbff9a350;
    %load/vec4 v0x5a9fc00ead70_0;
    %assign/vec4 v0x5a9fc00ebdb0_0, 0;
    %load/vec4 v0x5a9fc00eb350_0;
    %assign/vec4 v0x5a9fc00ebcd0_0, 0;
    %jmp T_22;
    .thread T_22;
    .scope S_0x5a9fc00fd600;
T_23 ;
    %wait E_0x5a9fbff9a350;
    %load/vec4 v0x5a9fbffbeb00_0;
    %parti/s 1, 2, 3;
    %assign/vec4 v0x5a9fc00e93d0_0, 0;
    %jmp T_23;
    .thread T_23;
    .scope S_0x5a9fc00fd600;
T_24 ;
    %wait E_0x5a9fbffb0c90;
    %load/vec4 v0x5a9fc00e2e20_0;
    %flag_set/vec4 8;
    %jmp/0xz  T_24.0, 8;
    %pushi/vec4 0, 0, 1;
    %assign/vec4 v0x5a9fc00e8470_0, 0;
    %pushi/vec4 0, 0, 6;
    %assign/vec4 v0x5a9fc00e9470_0, 0;
    %jmp T_24.1;
T_24.0 ;
    %load/vec4 v0x5a9fc00e8010_0;
    %flag_set/vec4 8;
    %jmp/0 T_24.2, 8;
    %pushi/vec4 1, 0, 1;
    %jmp/1 T_24.3, 8;
T_24.2 ; End of true expr.
    %load/vec4 v0x5a9fc00e8a50_0;
    %flag_set/vec4 9;
    %jmp/0 T_24.4, 9;
    %pushi/vec4 0, 0, 1;
    %jmp/1 T_24.5, 9;
T_24.4 ; End of true expr.
    %load/vec4 v0x5a9fc00e8470_0;
    %jmp/0 T_24.5, 9;
 ; End of false expr.
    %blend;
T_24.5;
    %jmp/0 T_24.3, 8;
 ; End of false expr.
    %blend;
T_24.3;
    %assign/vec4 v0x5a9fc00e8470_0, 0;
    %load/vec4 v0x5a9fc00e8470_0;
    %flag_set/vec4 8;
    %jmp/0 T_24.6, 8;
    %load/vec4 v0x5a9fc00e9470_0;
    %addi 1, 0, 6;
    %jmp/1 T_24.7, 8;
T_24.6 ; End of true expr.
    %pushi/vec4 0, 0, 6;
    %jmp/0 T_24.7, 8;
 ; End of false expr.
    %blend;
T_24.7;
    %assign/vec4 v0x5a9fc00e9470_0, 0;
T_24.1 ;
    %jmp T_24;
    .thread T_24;
    .scope S_0x5a9fc00fd600;
T_25 ;
    %wait E_0x5a9fbff9a350;
    %load/vec4 v0x5a9fbffbeb00_0;
    %pad/u 32;
    %pushi/vec4 3, 0, 32;
    %cmp/e;
    %flag_get/vec4 4;
    %load/vec4 v0x5a9fc00eb290_0;
    %and;
    %assign/vec4 v0x5a9fc00e8010_0, 0;
    %jmp T_25;
    .thread T_25;
    .scope S_0x5a9fc00fd600;
T_26 ;
    %wait E_0x5a9fbff9a350;
    %load/vec4 v0x5a9fc00e7f50_0;
    %assign/vec4 v0x5a9fc00e8990_0, 0;
    %load/vec4 v0x5a9fc00e8510_0;
    %assign/vec4 v0x5a9fc00e8f50_0, 0;
    %jmp T_26;
    .thread T_26;
    .scope S_0x5a9fc00fd600;
T_27 ;
    %wait E_0x5a9fbffb0c90;
    %load/vec4 v0x5a9fc00e2e20_0;
    %flag_set/vec4 8;
    %jmp/0xz  T_27.0, 8;
    %pushi/vec4 0, 0, 1;
    %assign/vec4 v0x5a9fc00e8eb0_0, 0;
    %jmp T_27.1;
T_27.0 ;
    %load/vec4 v0x5a9fc00e8470_0;
    %assign/vec4 v0x5a9fc00e8eb0_0, 0;
T_27.1 ;
    %jmp T_27;
    .thread T_27;
    .scope S_0x5a9fc00fd600;
T_28 ;
    %wait E_0x5a9fbff9a350;
    %load/vec4 v0x5a9fc00e2830_0;
    %pushi/vec4 0, 0, 6;
    %cmp/ne;
    %flag_get/vec4 4;
    %assign/vec4 v0x5a9fc00e3270_0, 0;
    %jmp T_28;
    .thread T_28;
    .scope S_0x5a9fc00fd600;
T_29 ;
    %wait E_0x5a9fbff9a350;
    %load/vec4 v0x5a9fc00e3270_0;
    %flag_set/vec4 8;
    %jmp/0 T_29.0, 8;
    %load/vec4 v0x5a9fc00e2d50_0;
    %jmp/1 T_29.1, 8;
T_29.0 ; End of true expr.
    %load/vec4 v0x5a9fc00e8990_0;
    %jmp/0 T_29.1, 8;
 ; End of false expr.
    %blend;
T_29.1;
    %assign/vec4 v0x5a9fc00e3850_0, 0;
    %load/vec4 v0x5a9fc00e3270_0;
    %flag_set/vec4 8;
    %jmp/0 T_29.2, 8;
    %load/vec4 v0x5a9fc00e3310_0;
    %jmp/1 T_29.3, 8;
T_29.2 ; End of true expr.
    %load/vec4 v0x5a9fc00e8f50_0;
    %jmp/0 T_29.3, 8;
 ; End of false expr.
    %blend;
T_29.3;
    %assign/vec4 v0x5a9fc00e3790_0, 0;
    %jmp T_29;
    .thread T_29;
    .scope S_0x5a9fc00fd600;
T_30 ;
    %wait E_0x5a9fbffb0c90;
    %load/vec4 v0x5a9fc00e2e20_0;
    %flag_set/vec4 8;
    %jmp/0xz  T_30.0, 8;
    %pushi/vec4 0, 0, 1;
    %assign/vec4 v0x5a9fc00e3d80_0, 0;
    %jmp T_30.1;
T_30.0 ;
    %load/vec4 v0x5a9fc00e8eb0_0;
    %assign/vec4 v0x5a9fc00e3d80_0, 0;
T_30.1 ;
    %jmp T_30;
    .thread T_30;
    .scope S_0x5a9fc0098d50;
T_31 ;
    %wait E_0x5a9fbff9a350;
    %pushi/vec4 1, 0, 32;
    %store/vec4 v0x5a9fc0096970_0, 0, 32;
T_31.0 ;
    %load/vec4 v0x5a9fc0096970_0;
    %cmpi/s 0, 0, 32;
    %flag_or 5, 4; GT is !LE
    %flag_inv 5;
    %jmp/0xz T_31.1, 5;
    %load/vec4 v0x5a9fc0096970_0;
    %pad/s 33;
    %subi 1, 0, 33;
    %ix/vec4/s 4;
    %load/vec4a v0x5a9fc0098370, 4;
    %ix/getv/s 3, v0x5a9fc0096970_0;
    %ix/load 4, 0, 0; Constant delay
    %assign/vec4/a/d v0x5a9fc0098370, 0, 4;
    %load/vec4 v0x5a9fc0096970_0;
    %pad/s 33;
    %subi 1, 0, 33;
    %ix/vec4/s 4;
    %load/vec4a v0x5a9fc0098910, 4;
    %ix/getv/s 3, v0x5a9fc0096970_0;
    %ix/load 4, 0, 0; Constant delay
    %assign/vec4/a/d v0x5a9fc0098910, 0, 4;
    %load/vec4 v0x5a9fc0096970_0;
    %subi 1, 0, 32;
    %store/vec4 v0x5a9fc0096970_0, 0, 32;
    %jmp T_31.0;
T_31.1 ;
    %load/vec4 v0x5a9fc00973b0_0;
    %ix/load 3, 0, 0;
    %flag_set/imm 4, 0;
    %ix/load 4, 0, 0; Constant delay
    %assign/vec4/a/d v0x5a9fc0098370, 0, 4;
    %load/vec4 v0x5a9fc0097ec0_0;
    %ix/load 3, 0, 0;
    %flag_set/imm 4, 0;
    %ix/load 4, 0, 0; Constant delay
    %assign/vec4/a/d v0x5a9fc0098910, 0, 4;
    %jmp T_31;
    .thread T_31;
    .scope S_0x5a9fc0096450;
T_32 ;
    %wait E_0x5a9fbff9a350;
    %pushi/vec4 0, 0, 32;
    %store/vec4 v0x5a9fc0094590_0, 0, 32;
T_32.0 ;
    %load/vec4 v0x5a9fc0094590_0;
    %cmpi/s 0, 0, 32;
    %flag_or 5, 4; GT is !LE
    %flag_inv 5;
    %jmp/0xz T_32.1, 5;
    %load/vec4 v0x5a9fc0094590_0;
    %pad/s 33;
    %subi 1, 0, 33;
    %ix/vec4/s 4;
    %load/vec4a v0x5a9fc0095ad0, 4;
    %ix/getv/s 3, v0x5a9fc0094590_0;
    %ix/load 4, 0, 0; Constant delay
    %assign/vec4/a/d v0x5a9fc0095ad0, 0, 4;
    %load/vec4 v0x5a9fc0094590_0;
    %pad/s 33;
    %subi 1, 0, 33;
    %ix/vec4/s 4;
    %load/vec4a v0x5a9fc0095a10, 4;
    %ix/getv/s 3, v0x5a9fc0094590_0;
    %ix/load 4, 0, 0; Constant delay
    %assign/vec4/a/d v0x5a9fc0095a10, 0, 4;
    %load/vec4 v0x5a9fc0094590_0;
    %subi 1, 0, 32;
    %store/vec4 v0x5a9fc0094590_0, 0, 32;
    %jmp T_32.0;
T_32.1 ;
    %load/vec4 v0x5a9fc0094fd0_0;
    %ix/load 3, 0, 0;
    %flag_set/imm 4, 0;
    %ix/load 4, 0, 0; Constant delay
    %assign/vec4/a/d v0x5a9fc0095ad0, 0, 4;
    %load/vec4 v0x5a9fc00955c0_0;
    %ix/load 3, 0, 0;
    %flag_set/imm 4, 0;
    %ix/load 4, 0, 0; Constant delay
    %assign/vec4/a/d v0x5a9fc0095a10, 0, 4;
    %jmp T_32;
    .thread T_32;
    .scope S_0x5a9fc008df10;
T_33 ;
    %wait E_0x5a9fbff9a350;
    %load/vec4 v0x5a9fc006a770_0;
    %assign/vec4 v0x5a9fc008bb30_0, 0;
    %load/vec4 v0x5a9fc008bbf0_0;
    %assign/vec4 v0x5a9fc008c0f0_0, 0;
    %jmp T_33;
    .thread T_33;
    .scope S_0x5a9fc00e13b0;
T_34 ;
    %wait E_0x5a9fbffb0c90;
    %load/vec4 v0x5a9fc0168300_0;
    %flag_set/vec4 8;
    %jmp/0xz  T_34.0, 8;
    %pushi/vec4 0, 0, 6;
    %assign/vec4 v0x5a9fc01676d0_0, 0;
    %jmp T_34.1;
T_34.0 ;
    %load/vec4 v0x5a9fc0167790_0;
    %flag_set/vec4 8;
    %jmp/0 T_34.2, 8;
    %load/vec4 v0x5a9fc01676d0_0;
    %addi 1, 0, 6;
    %jmp/1 T_34.3, 8;
T_34.2 ; End of true expr.
    %pushi/vec4 0, 0, 6;
    %jmp/0 T_34.3, 8;
 ; End of false expr.
    %blend;
T_34.3;
    %assign/vec4 v0x5a9fc01676d0_0, 0;
T_34.1 ;
    %jmp T_34;
    .thread T_34;
    .scope S_0x5a9fc00e13b0;
T_35 ;
    %wait E_0x5a9fbffb0c90;
    %load/vec4 v0x5a9fc0168300_0;
    %flag_set/vec4 8;
    %jmp/0xz  T_35.0, 8;
    %pushi/vec4 0, 0, 1;
    %assign/vec4 v0x5a9fc00a2cf0_0, 0;
    %pushi/vec4 0, 0, 6;
    %assign/vec4 v0x5a9fc00a42e0_0, 0;
    %jmp T_35.1;
T_35.0 ;
    %load/vec4 v0x5a9fc0165690_0;
    %flag_set/vec4 8;
    %jmp/0 T_35.2, 8;
    %pushi/vec4 1, 0, 1;
    %jmp/1 T_35.3, 8;
T_35.2 ; End of true expr.
    %load/vec4 v0x5a9fc00a3880_0;
    %flag_set/vec4 9;
    %jmp/0 T_35.4, 9;
    %pushi/vec4 0, 0, 1;
    %jmp/1 T_35.5, 9;
T_35.4 ; End of true expr.
    %load/vec4 v0x5a9fc00a2cf0_0;
    %jmp/0 T_35.5, 9;
 ; End of false expr.
    %blend;
T_35.5;
    %jmp/0 T_35.3, 8;
 ; End of false expr.
    %blend;
T_35.3;
    %assign/vec4 v0x5a9fc00a2cf0_0, 0;
    %load/vec4 v0x5a9fc00a2cf0_0;
    %flag_set/vec4 8;
    %jmp/0 T_35.6, 8;
    %load/vec4 v0x5a9fc00a42e0_0;
    %addi 1, 0, 6;
    %jmp/1 T_35.7, 8;
T_35.6 ; End of true expr.
    %pushi/vec4 0, 0, 6;
    %jmp/0 T_35.7, 8;
 ; End of false expr.
    %blend;
T_35.7;
    %assign/vec4 v0x5a9fc00a42e0_0, 0;
T_35.1 ;
    %jmp T_35;
    .thread T_35;
    .scope S_0x5a9fc00e13b0;
T_36 ;
    %wait E_0x5a9fbff9a350;
    %load/vec4 v0x5a9fc01655f0_0;
    %assign/vec4 v0x5a9fc00a37a0_0, 0;
    %load/vec4 v0x5a9fc0165550_0;
    %assign/vec4 v0x5a9fc00a43c0_0, 0;
    %jmp T_36;
    .thread T_36;
    .scope S_0x5a9fc00e13b0;
T_37 ;
    %wait E_0x5a9fbff9a350;
    %load/vec4 v0x5a9fc00a42e0_0;
    %parti/s 1, 0, 2;
    %assign/vec4 v0x5a9fc0165d20_0, 0;
    %jmp T_37;
    .thread T_37;
    .scope S_0x5a9fc00e13b0;
T_38 ;
    %wait E_0x5a9fbffb0c90;
    %load/vec4 v0x5a9fc0168300_0;
    %flag_set/vec4 8;
    %jmp/0xz  T_38.0, 8;
    %pushi/vec4 0, 0, 1;
    %assign/vec4 v0x5a9fc01661e0_0, 0;
    %pushi/vec4 0, 0, 6;
    %assign/vec4 v0x5a9fc0165dc0_0, 0;
    %jmp T_38.1;
T_38.0 ;
    %load/vec4 v0x5a9fc0166460_0;
    %flag_set/vec4 8;
    %jmp/0 T_38.2, 8;
    %pushi/vec4 1, 0, 1;
    %jmp/1 T_38.3, 8;
T_38.2 ; End of true expr.
    %load/vec4 v0x5a9fc0166120_0;
    %flag_set/vec4 9;
    %jmp/0 T_38.4, 9;
    %pushi/vec4 0, 0, 1;
    %jmp/1 T_38.5, 9;
T_38.4 ; End of true expr.
    %load/vec4 v0x5a9fc01661e0_0;
    %jmp/0 T_38.5, 9;
 ; End of false expr.
    %blend;
T_38.5;
    %jmp/0 T_38.3, 8;
 ; End of false expr.
    %blend;
T_38.3;
    %assign/vec4 v0x5a9fc01661e0_0, 0;
    %load/vec4 v0x5a9fc01661e0_0;
    %flag_set/vec4 8;
    %jmp/0 T_38.6, 8;
    %load/vec4 v0x5a9fc0165dc0_0;
    %addi 1, 0, 6;
    %jmp/1 T_38.7, 8;
T_38.6 ; End of true expr.
    %pushi/vec4 0, 0, 6;
    %jmp/0 T_38.7, 8;
 ; End of false expr.
    %blend;
T_38.7;
    %assign/vec4 v0x5a9fc0165dc0_0, 0;
T_38.1 ;
    %jmp T_38;
    .thread T_38;
    .scope S_0x5a9fc00e13b0;
T_39 ;
    %wait E_0x5a9fbff9a350;
    %load/vec4 v0x5a9fc00a42e0_0;
    %pad/u 32;
    %pushi/vec4 0, 0, 32;
    %cmp/e;
    %flag_get/vec4 4;
    %load/vec4 v0x5a9fc00a2cf0_0;
    %and;
    %assign/vec4 v0x5a9fc0166460_0, 0;
    %jmp T_39;
    .thread T_39;
    .scope S_0x5a9fc00e13b0;
T_40 ;
    %wait E_0x5a9fbff9a350;
    %load/vec4 v0x5a9fc0166380_0;
    %assign/vec4 v0x5a9fc0166040_0, 0;
    %load/vec4 v0x5a9fc01662a0_0;
    %assign/vec4 v0x5a9fc0165f60_0, 0;
    %jmp T_40;
    .thread T_40;
    .scope S_0x5a9fc00e13b0;
T_41 ;
    %wait E_0x5a9fbffb0c90;
    %load/vec4 v0x5a9fc0168300_0;
    %flag_set/vec4 8;
    %jmp/0xz  T_41.0, 8;
    %pushi/vec4 0, 0, 1;
    %assign/vec4 v0x5a9fc0165ea0_0, 0;
    %jmp T_41.1;
T_41.0 ;
    %load/vec4 v0x5a9fc01661e0_0;
    %assign/vec4 v0x5a9fc0165ea0_0, 0;
T_41.1 ;
    %jmp T_41;
    .thread T_41;
    .scope S_0x5a9fc00e13b0;
T_42 ;
    %wait E_0x5a9fbff9a350;
    %load/vec4 v0x5a9fc01683a0_0;
    %pushi/vec4 0, 0, 6;
    %cmp/ne;
    %flag_get/vec4 4;
    %assign/vec4 v0x5a9fc0168080_0, 0;
    %jmp T_42;
    .thread T_42;
    .scope S_0x5a9fc00e13b0;
T_43 ;
    %wait E_0x5a9fbff9a350;
    %load/vec4 v0x5a9fc0168080_0;
    %flag_set/vec4 8;
    %jmp/0 T_43.0, 8;
    %load/vec4 v0x5a9fc0168230_0;
    %jmp/1 T_43.1, 8;
T_43.0 ; End of true expr.
    %load/vec4 v0x5a9fc0166040_0;
    %jmp/0 T_43.1, 8;
 ; End of false expr.
    %blend;
T_43.1;
    %assign/vec4 v0x5a9fc0167fa0_0, 0;
    %load/vec4 v0x5a9fc0168080_0;
    %flag_set/vec4 8;
    %jmp/0 T_43.2, 8;
    %load/vec4 v0x5a9fc0168140_0;
    %jmp/1 T_43.3, 8;
T_43.2 ; End of true expr.
    %load/vec4 v0x5a9fc0165f60_0;
    %jmp/0 T_43.3, 8;
 ; End of false expr.
    %blend;
T_43.3;
    %assign/vec4 v0x5a9fc0167ec0_0, 0;
    %jmp T_43;
    .thread T_43;
    .scope S_0x5a9fc00e13b0;
T_44 ;
    %wait E_0x5a9fbffb0c90;
    %load/vec4 v0x5a9fc0168300_0;
    %flag_set/vec4 8;
    %jmp/0xz  T_44.0, 8;
    %pushi/vec4 0, 0, 1;
    %assign/vec4 v0x5a9fc0167e20_0, 0;
    %jmp T_44.1;
T_44.0 ;
    %load/vec4 v0x5a9fc0165ea0_0;
    %assign/vec4 v0x5a9fc0167e20_0, 0;
T_44.1 ;
    %jmp T_44;
    .thread T_44;
    .scope S_0x5a9fc0117b00;
T_45 ;
    %wait E_0x5a9fbffb11b0;
    %load/vec4 v0x5a9fc016af80_0;
    %nor/r;
    %flag_set/vec4 8;
    %jmp/0xz  T_45.0, 8;
    %pushi/vec4 0, 0, 1;
    %assign/vec4 v0x5a9fc016aec0_0, 0;
    %pushi/vec4 0, 0, 1;
    %assign/vec4 v0x5a9fc016a840_0, 0;
    %pushi/vec4 0, 0, 1;
    %assign/vec4 v0x5a9fc016b040_0, 0;
    %pushi/vec4 0, 0, 1;
    %assign/vec4 v0x5a9fc016a380_0, 0;
    %pushi/vec4 0, 0, 7;
    %assign/vec4 v0x5a9fc016a440_0, 0;
    %pushi/vec4 0, 0, 7;
    %assign/vec4 v0x5a9fc016ab80_0, 0;
    %pushi/vec4 0, 0, 10;
    %assign/vec4 v0x5a9fc016b2a0_0, 0;
    %pushi/vec4 0, 0, 1;
    %assign/vec4 v0x5a9fc0169d90_0, 0;
    %pushi/vec4 0, 0, 16;
    %assign/vec4 v0x5a9fc0169f60_0, 0;
    %pushi/vec4 0, 0, 16;
    %assign/vec4 v0x5a9fc0169e50_0, 0;
    %pushi/vec4 0, 0, 3;
    %assign/vec4 v0x5a9fc016b100_0, 0;
    %pushi/vec4 0, 0, 32;
    %store/vec4 v0x5a9fc016a520_0, 0, 32;
T_45.2 ;
    %load/vec4 v0x5a9fc016a520_0;
    %cmpi/s 64, 0, 32;
    %jmp/0xz T_45.3, 5;
    %pushi/vec4 0, 0, 16;
    %ix/getv/s 3, v0x5a9fc016a520_0;
    %ix/load 4, 0, 0; Constant delay
    %assign/vec4/a/d v0x5a9fc016a6c0, 0, 4;
    %pushi/vec4 0, 0, 16;
    %ix/getv/s 3, v0x5a9fc016a520_0;
    %ix/load 4, 0, 0; Constant delay
    %assign/vec4/a/d v0x5a9fc016a600, 0, 4;
    %pushi/vec4 0, 0, 16;
    %ix/getv/s 3, v0x5a9fc016a520_0;
    %ix/load 4, 0, 0; Constant delay
    %assign/vec4/a/d v0x5a9fc016ac60, 0, 4;
    %pushi/vec4 0, 0, 16;
    %ix/getv/s 3, v0x5a9fc016a520_0;
    %ix/load 4, 0, 0; Constant delay
    %assign/vec4/a/d v0x5a9fc016aac0, 0, 4;
    %load/vec4 v0x5a9fc016a520_0;
    %addi 1, 0, 32;
    %store/vec4 v0x5a9fc016a520_0, 0, 32;
    %jmp T_45.2;
T_45.3 ;
    %jmp T_45.1;
T_45.0 ;
    %pushi/vec4 0, 0, 1;
    %assign/vec4 v0x5a9fc016aec0_0, 0;
    %pushi/vec4 0, 0, 1;
    %assign/vec4 v0x5a9fc0169d90_0, 0;
    %load/vec4 v0x5a9fc016b1e0_0;
    %load/vec4 v0x5a9fc016b460_0;
    %or/r;
    %and;
    %flag_set/vec4 8;
    %jmp/0xz  T_45.4, 8;
    %pushi/vec4 1, 0, 1;
    %assign/vec4 v0x5a9fc016aec0_0, 0;
    %load/vec4 v0x5a9fc016a900_0;
    %cmpi/e 0, 0, 12;
    %jmp/0xz  T_45.6, 4;
    %load/vec4 v0x5a9fc016b380_0;
    %parti/s 1, 0, 2;
    %flag_set/vec4 8;
    %jmp/0xz  T_45.8, 8;
    %pushi/vec4 1, 0, 1;
    %assign/vec4 v0x5a9fc016b040_0, 0;
    %pushi/vec4 0, 0, 1;
    %assign/vec4 v0x5a9fc016a380_0, 0;
    %pushi/vec4 0, 0, 1;
    %assign/vec4 v0x5a9fc016a840_0, 0;
    %pushi/vec4 0, 0, 7;
    %assign/vec4 v0x5a9fc016a440_0, 0;
    %pushi/vec4 0, 0, 7;
    %assign/vec4 v0x5a9fc016ab80_0, 0;
    %pushi/vec4 0, 0, 10;
    %assign/vec4 v0x5a9fc016b2a0_0, 0;
    %pushi/vec4 1, 0, 3;
    %assign/vec4 v0x5a9fc016b100_0, 0;
T_45.8 ;
    %load/vec4 v0x5a9fc016b380_0;
    %parti/s 1, 1, 2;
    %flag_set/vec4 8;
    %jmp/0xz  T_45.10, 8;
    %pushi/vec4 0, 0, 1;
    %assign/vec4 v0x5a9fc016a380_0, 0;
    %pushi/vec4 0, 0, 1;
    %assign/vec4 v0x5a9fc016a840_0, 0;
T_45.10 ;
    %jmp T_45.7;
T_45.6 ;
    %load/vec4 v0x5a9fc016a780_0;
    %flag_set/vec4 8;
    %jmp/0xz  T_45.12, 8;
    %fork t_1, S_0x5a9fc0118230;
    %jmp t_0;
    .scope S_0x5a9fc0118230;
t_1 ;
    %load/vec4 v0x5a9fc016a900_0;
    %pad/u 32;
    %subi 8, 0, 32;
    %ix/load 4, 2, 0;
    %flag_set/imm 4, 0;
    %shiftr 4;
    %store/vec4 v0x5a9fc00ac580_0, 0, 32;
    %load/vec4 v0x5a9fc016b380_0;
    %parti/s 16, 0, 2;
    %ix/getv/s 3, v0x5a9fc00ac580_0;
    %ix/load 4, 0, 0; Constant delay
    %assign/vec4/a/d v0x5a9fc016a6c0, 0, 4;
    %load/vec4 v0x5a9fc016b380_0;
    %parti/s 16, 16, 6;
    %ix/getv/s 3, v0x5a9fc00ac580_0;
    %ix/load 4, 0, 0; Constant delay
    %assign/vec4/a/d v0x5a9fc016a600, 0, 4;
    %end;
    .scope S_0x5a9fc0117b00;
t_0 %join;
T_45.12 ;
T_45.7 ;
T_45.4 ;
    %load/vec4 v0x5a9fc016b1e0_0;
    %load/vec4 v0x5a9fc016b460_0;
    %or/r;
    %nor/r;
    %and;
    %flag_set/vec4 8;
    %jmp/0xz  T_45.14, 8;
    %pushi/vec4 1, 0, 1;
    %assign/vec4 v0x5a9fc016aec0_0, 0;
    %load/vec4 v0x5a9fc016a900_0;
    %cmpi/e 4, 0, 12;
    %jmp/0xz  T_45.16, 4;
    %pushi/vec4 0, 0, 30;
    %load/vec4 v0x5a9fc016a380_0;
    %concat/vec4; draw_concat_vec4
    %load/vec4 v0x5a9fc016b100_0;
    %pad/u 32;
    %pushi/vec4 0, 0, 32;
    %cmp/ne;
    %flag_get/vec4 4;
    %concat/vec4; draw_concat_vec4
    %assign/vec4 v0x5a9fc016ade0_0, 0;
    %jmp T_45.17;
T_45.16 ;
    %load/vec4 v0x5a9fc016a780_0;
    %flag_set/vec4 8;
    %jmp/0xz  T_45.18, 8;
    %fork t_3, S_0x5a9fc0150ee0;
    %jmp t_2;
    .scope S_0x5a9fc0150ee0;
t_3 ;
    %load/vec4 v0x5a9fc016a900_0;
    %pad/u 32;
    %subi 8, 0, 32;
    %ix/load 4, 2, 0;
    %flag_set/imm 4, 0;
    %shiftr 4;
    %store/vec4 v0x5a9fc00acb50_0, 0, 32;
    %ix/getv/s 4, v0x5a9fc00acb50_0;
    %load/vec4a v0x5a9fc016a600, 4;
    %ix/getv/s 4, v0x5a9fc00acb50_0;
    %load/vec4a v0x5a9fc016a6c0, 4;
    %concat/vec4; draw_concat_vec4
    %assign/vec4 v0x5a9fc016ade0_0, 0;
    %end;
    .scope S_0x5a9fc0117b00;
t_2 %join;
    %jmp T_45.19;
T_45.18 ;
    %load/vec4 v0x5a9fc016ad20_0;
    %flag_set/vec4 8;
    %jmp/0xz  T_45.20, 8;
    %fork t_5, S_0x5a9fc0151320;
    %jmp t_4;
    .scope S_0x5a9fc0151320;
t_5 ;
    %load/vec4 v0x5a9fc016a900_0;
    %pad/u 32;
    %subi 264, 0, 32;
    %ix/load 4, 2, 0;
    %flag_set/imm 4, 0;
    %shiftr 4;
    %store/vec4 v0x5a9fc00acc20_0, 0, 32;
    %ix/getv/s 4, v0x5a9fc00acc20_0;
    %load/vec4a v0x5a9fc016aac0, 4;
    %ix/getv/s 4, v0x5a9fc00acc20_0;
    %load/vec4a v0x5a9fc016ac60, 4;
    %concat/vec4; draw_concat_vec4
    %assign/vec4 v0x5a9fc016ade0_0, 0;
    %end;
    .scope S_0x5a9fc0117b00;
t_4 %join;
    %jmp T_45.21;
T_45.20 ;
    %pushi/vec4 0, 0, 32;
    %assign/vec4 v0x5a9fc016ade0_0, 0;
T_45.21 ;
T_45.19 ;
T_45.17 ;
T_45.14 ;
    %load/vec4 v0x5a9fc016b100_0;
    %dup/vec4;
    %pushi/vec4 0, 0, 3;
    %cmp/u;
    %jmp/1 T_45.22, 6;
    %dup/vec4;
    %pushi/vec4 1, 0, 3;
    %cmp/u;
    %jmp/1 T_45.23, 6;
    %dup/vec4;
    %pushi/vec4 2, 0, 3;
    %cmp/u;
    %jmp/1 T_45.24, 6;
    %dup/vec4;
    %pushi/vec4 3, 0, 3;
    %cmp/u;
    %jmp/1 T_45.25, 6;
    %pushi/vec4 0, 0, 3;
    %assign/vec4 v0x5a9fc016b100_0, 0;
    %jmp T_45.27;
T_45.22 ;
    %load/vec4 v0x5a9fc016b040_0;
    %flag_set/vec4 8;
    %jmp/0xz  T_45.28, 8;
    %vpi_call/w 3 139 "$display", "[%0t] STATE -> FEED", $time {0 0 0};
    %pushi/vec4 1, 0, 3;
    %assign/vec4 v0x5a9fc016b100_0, 0;
T_45.28 ;
    %jmp T_45.27;
T_45.23 ;
    %load/vec4 v0x5a9fc016a440_0;
    %pad/u 32;
    %cmpi/u 64, 0, 32;
    %jmp/0xz  T_45.30, 5;
    %pushi/vec4 1, 0, 1;
    %assign/vec4 v0x5a9fc0169d90_0, 0;
    %load/vec4 v0x5a9fc016a440_0;
    %pad/u 8;
    %ix/vec4 4;
    %load/vec4a v0x5a9fc016a6c0, 4;
    %assign/vec4 v0x5a9fc0169f60_0, 0;
    %load/vec4 v0x5a9fc016a440_0;
    %pad/u 8;
    %ix/vec4 4;
    %load/vec4a v0x5a9fc016a600, 4;
    %assign/vec4 v0x5a9fc0169e50_0, 0;
    %load/vec4 v0x5a9fc016a440_0;
    %addi 1, 0, 7;
    %assign/vec4 v0x5a9fc016a440_0, 0;
    %jmp T_45.31;
T_45.30 ;
    %pushi/vec4 0, 0, 1;
    %assign/vec4 v0x5a9fc0169d90_0, 0;
    %pushi/vec4 2, 0, 3;
    %assign/vec4 v0x5a9fc016b100_0, 0;
    %pushi/vec4 120, 0, 10;
    %assign/vec4 v0x5a9fc016b2a0_0, 0;
T_45.31 ;
    %jmp T_45.27;
T_45.24 ;
    %load/vec4 v0x5a9fc016b2a0_0;
    %pad/u 32;
    %cmpi/u 0, 0, 32;
    %flag_or 5, 4; GT is !LE
    %flag_inv 5;
    %jmp/0xz  T_45.32, 5;
    %load/vec4 v0x5a9fc016b2a0_0;
    %subi 1, 0, 10;
    %assign/vec4 v0x5a9fc016b2a0_0, 0;
    %pushi/vec4 3, 0, 3;
    %assign/vec4 v0x5a9fc016b100_0, 0;
    %pushi/vec4 0, 0, 7;
    %assign/vec4 v0x5a9fc016ab80_0, 0;
    %pushi/vec4 0, 0, 10;
    %assign/vec4 v0x5a9fc016b2a0_0, 0;
T_45.32 ;
    %jmp T_45.27;
T_45.25 ;
    %load/vec4 v0x5a9fc016a070_0;
    %flag_set/vec4 8;
    %jmp/0xz  T_45.34, 8;
    %load/vec4 v0x5a9fc016a270_0;
    %load/vec4 v0x5a9fc016ab80_0;
    %pad/u 8;
    %ix/vec4 3;
    %ix/load 4, 0, 0; Constant delay
    %assign/vec4/a/d v0x5a9fc016ac60, 0, 4;
    %load/vec4 v0x5a9fc016a160_0;
    %load/vec4 v0x5a9fc016ab80_0;
    %pad/u 8;
    %ix/vec4 3;
    %ix/load 4, 0, 0; Constant delay
    %assign/vec4/a/d v0x5a9fc016aac0, 0, 4;
    %load/vec4 v0x5a9fc016a270_0;
    %load/vec4 v0x5a9fc016a160_0;
    %vpi_call/w 3 184 "$display", "OUT[%0d]: Re=%0d Im=%0d", v0x5a9fc016ab80_0, S<1,vec4,s16>, S<0,vec4,s16> {2 0 0};
    %load/vec4 v0x5a9fc016ab80_0;
    %addi 1, 0, 7;
    %assign/vec4 v0x5a9fc016ab80_0, 0;
    %pushi/vec4 0, 0, 10;
    %assign/vec4 v0x5a9fc016b2a0_0, 0;
    %load/vec4 v0x5a9fc016ab80_0;
    %pad/u 32;
    %cmpi/e 63, 0, 32;
    %jmp/0xz  T_45.36, 4;
    %pushi/vec4 1, 0, 1;
    %assign/vec4 v0x5a9fc016a380_0, 0;
    %pushi/vec4 1, 0, 1;
    %assign/vec4 v0x5a9fc016a840_0, 0;
    %pushi/vec4 0, 0, 1;
    %assign/vec4 v0x5a9fc016b040_0, 0;
    %pushi/vec4 0, 0, 3;
    %assign/vec4 v0x5a9fc016b100_0, 0;
    %vpi_call/w 3 193 "$display", "[%0t] FFT DONE \342\200\224 All outputs captured", $time {0 0 0};
T_45.36 ;
    %jmp T_45.35;
T_45.34 ;
    %load/vec4 v0x5a9fc016b2a0_0;
    %cmpi/u 1023, 0, 10;
    %jmp/0xz  T_45.38, 5;
    %load/vec4 v0x5a9fc016b2a0_0;
    %addi 1, 0, 10;
    %assign/vec4 v0x5a9fc016b2a0_0, 0;
    %jmp T_45.39;
T_45.38 ;
    %pushi/vec4 1, 0, 1;
    %assign/vec4 v0x5a9fc016a380_0, 0;
    %pushi/vec4 0, 0, 3;
    %assign/vec4 v0x5a9fc016b100_0, 0;
T_45.39 ;
T_45.35 ;
    %jmp T_45.27;
T_45.27 ;
    %pop/vec4 1;
T_45.1 ;
    %jmp T_45;
    .thread T_45;
# The file index is used to find the file name in the following table.
:file_names 10;
    "N/A";
    "<interactive>";
    "-";
    "fft_accel.v";
    "FFT64.v";
    "SdfUnit.v";
    "Butterfly.v";
    "DelayBuffer.v";
    "Multiply.v";
    "Twiddle64.v";
